Close,Volume,SBIN,LT,RELIANCE,MARUTI,USD
493.600006,2002764,314.0,1001.969971,443.950012,3340.75,63.355
503.299988,6778320,315.25,1023.099976,442.774994,3359.600098,63.285
498.975006,9937024,312.75,1037.329956,437.924988,3447.800049,63.345
488.549988,9667316,299.899994,1002.72998,418.049988,3395.25,63.575
490.888,7249916,300.149994,1000.330017,427.149994,3437.75,63.28
493.362,13564920,304.850006,1006.700012,421.024994,3475.5,62.675
518.612,44863328,303.200012,1000.169983,430.149994,3468.199951,62.355
528.987,12758888,307.100006,1022.799988,425.149994,3462.899902,62.075
522.224976,8801236,305.100006,1013.0,421.575012,3468.25,61.98
532.161987,9921260,304.700012,1012.0,417.475006,3516.0,62.095
533.562012,8342452,320.299988,1049.130005,432.125,3625.800049,62.065
529.575012,6690960,315.450012,1061.170044,434.850006,3616.600098,61.87
525.625,4087744,313.149994,1076.569946,439.825012,3626.25,61.645
531.049988,6804504,318.149994,1086.369995,451.524994,3605.550049,61.655
542.474976,8494908,326.200012,1103.030029,453.375,3634.699951,61.56
549.112,9958396,324.649994,1108.869995,441.875,3597.25,61.605
553.763,9486328,327.450012,1140.869995,443.450012,3606.699951,61.44
534.125,13739968,330.049988,1161.329956,444.524994,3687.899902,61.41
536.138,13134356,334.600006,1132.22998,453.424988,3725.800049,61.358
536.375,15369424,327.0,1149.27002,464.700012,3688.800049,61.801
535.474976,10833744,308.950012,1133.699951,457.625,3647.350098,62.02
534.213013,8702540,307.5,1156.72998,454.024994,3669.449951,61.719
530.224976,5265956,300.299988,1148.329956,468.799988,3607.850098,61.596
535.713013,5160016,293.049988,1125.599976,464.399994,3557.550049,61.842
548.450012,11875936,290.799988,1121.599976,461.850006,3522.699951,61.709
557.625,7453728,290.299988,1122.369995,454.950012,3502.600098,61.97
562.224976,6536868,279.5,1048.300049,448.350006,3411.300049,62.149
569.575012,8516920,287.299988,1047.800049,441.0,3393.850098,62.327
571.213013,5796972,285.950012,1075.130005,450.350006,3454.75,62.382
577.799988,6287536,284.299988,1100.030029,454.575012,3551.899902,62.15
574.025024,5657516,306.950012,1108.099976,458.75,3616.949951,62.076
569.687988,6244276,306.700012,1098.969971,451.399994,3572.100098,62.105
574.125,8613764,305.700012,1108.900024,450.825012,3564.949951,62.057
581.174988,9673624,302.350006,1132.369995,451.024994,3595.149902,62.138
570.775024,6971628,302.299988,1118.400024,436.549988,3547.350098,62.109
566.400024,5090488,296.549988,1124.670044,425.725006,3545.899902,62.163
568.200012,6437676,296.25,1147.400024,420.725006,3588.300049,62.17
579.400024,6044972,295.549988,1131.930054,421.575012,3579.899902,61.862
564.525024,6445776,289.399994,1118.699951,421.0,3496.850098,61.731
566.437988,7801076,299.899994,1172.630005,427.774994,3604.399902,61.659
566.437988,7801076,299.899994,1172.630005,427.774994,3604.399902,
572.924988,7040992,302.0,1230.72998,432.125,3711.449951,61.862
574.463013,4905552,302.600006,1234.430054,450.399994,3708.649902,61.819
568.661987,4375228,293.850006,1225.27002,443.924988,3678.399902,62.309
561.900024,5684916,293.799988,1217.369995,442.475006,3678.75,62.381
547.513,7984720,290.649994,1174.869995,434.825012,3671.300049,62.634
549.5,6329916,287.600006,1168.300049,429.575012,3646.75,62.72
545.549988,6780912,285.149994,1159.800049,427.975006,3656.449951,62.781
554.575012,5688564,286.850006,1164.930054,431.899994,3685.199951,62.542
555.099976,6179684,280.75,1128.099976,425.049988,3650.699951,63.083
566.661987,6818632,281.649994,1119.869995,421.049988,3647.050049,62.78
560.125,5539312,283.100006,1143.77002,428.424988,3661.550049,62.623
557.375,4905564,287.299988,1132.699951,434.325012,3664.899902,62.701
557.612,6891740,281.600006,1121.599976,428.075012,3655.0,62.49
564.362,6430896,278.25,1113.569946,427.049988,3623.850098,62.41
558.362,5078700,274.75,1115.22998,420.975006,3594.399902,62.23
552.862,6736532,270.549988,1114.77002,423.975006,3587.300049,62.348
554.775024,6170968,265.399994,1088.5,422.450012,3614.75,62.412
536.588013,15740840,256.649994,1089.630005,414.649994,3561.449951,62.836
550.536987,10074220,263.600006,1118.5,405.850006,3610.050049,62.523
557.0,4623088,267.899994,1152.5,405.375,3660.949951,62.51
554.588013,8016412,267.049988,1146.430054,413.0,3697.350098,62.291
543.487,6738488,273.450012,1156.170044,418.024994,3644.699951,62.142
544.549988,7741752,274.649994,1171.930054,412.325012,3628.949951,62.207
539.875,8542268,272.049988,1179.800049,416.424988,3599.899902,62.296
550.138,10185576,273.899994,1186.300049,432.950012,3628.699951,62.192
553.75,10581548,280.850006,1180.530029,447.549988,3659.199951,62.306
558.487,7123776,285.75,1176.0,452.174988,3666.600098,62.276
559.700012,4872336,286.299988,1202.329956,461.25,3665.199951,62.407
553.424988,6237784,290.0,1191.77002,461.825012,3680.25,62.36
548.661987,9007812,292.399994,1169.530029,464.174988,3677.899902,62.317
544.812012,6450316,291.75,1159.829956,463.424988,3646.800049,62.55
533.036987,12825384,287.649994,1132.300049,442.825012,3608.050049,63.137
535.650024,8881648,289.200012,1125.829956,438.225006,3490.149902,62.854
534.424988,12350984,283.850006,1163.72998,439.875,3462.949951,62.98
530.5,11891800,277.649994,1149.400024,438.524994,3494.449951,63.277
498.799988,43565452,275.549988,1119.069946,439.450012,3541.399902,63.662
496.162994,19822640,267.049988,1111.800049,437.649994,3648.399902,63.346
490.225006,10393500,272.5,1110.300049,432.600006,3822.600098,63.053
490.287994,8289056,271.899994,1103.5,425.0,3766.199951,63.46
485.562012,13134260,269.75,1087.530029,431.174988,3725.850098,63.529
498.274994,13361592,277.149994,1086.199951,445.475006,3757.75,63.516
490.687988,9408516,272.049988,1094.930054,446.075012,3793.050049,63.369
480.513,10508408,265.399994,1043.099976,440.125,3634.550049,63.621
486.0,6779984,260.950012,1045.930054,435.375,3543.600098,64.073
489.487,5777676,261.950012,1067.5,444.850006,3610.550049,63.711
498.412994,4785512,276.049988,1076.869995,447.975006,3651.699951,64.007
486.774994,8284892,267.399994,1039.599976,434.350006,3577.449951,64.147
489.174988,7099084,274.299988,1059.800049,442.549988,3604.100098,64.013
483.700012,6233844,280.950012,1051.22998,439.100006,3646.5,63.383
490.437988,5189344,287.450012,1061.300049,436.975006,3671.199951,63.44
498.263,6469976,289.75,1074.900024,445.774994,3697.600098,63.708
505.587006,10272076,288.450012,1080.469971,447.774994,3706.75,63.763
511.825012,5882188,292.600006,1075.030029,454.424988,3711.899902,63.598
512.112,10059312,290.25,1092.199951,448.375,3698.100098,63.58
511.612,6888824,282.450012,1102.300049,451.924988,3702.550049,63.49
504.200012,4675808,277.649994,1086.829956,447.25,3692.75,63.496
501.825012,3965040,277.149994,1078.930054,442.299988,3726.449951,63.972
492.125,8454708,280.75,1090.27002,442.649994,3721.899902,63.826
504.149994,10980540,277.600006,1084.5,437.899994,3708.899902,63.763
505.787994,18993044,278.149994,1102.969971,438.5,3785.699951,63.743
511.950012,5724892,278.200012,1137.030029,451.125,3882.850098,63.594
502.162994,4673140,266.25,1115.699951,449.325012,3831.399902,63.689
505.225006,5495796,257.399994,1102.430054,448.174988,3777.199951,63.997
507.013,7489464,257.600006,1108.300049,456.350006,3772.050049,63.964
502.912994,6125788,257.799988,1122.400024,453.875,3759.449951,63.77
500.013,6141048,254.949997,1119.170044,442.725006,3723.5,63.947
498.024994,7561740,257.600006,1111.27002,441.850006,3692.300049,64.01
506.625,6385840,260.600006,1137.369995,452.899994,3742.550049,63.766
499.412994,9229464,254.0,1117.430054,438.575012,3701.399902,63.959
493.763,9852924,253.949997,1104.969971,444.924988,3736.800049,64.1
495.225006,5236426,250.25,1112.27002,450.875,3767.399902,64.085
499.674988,5223444,254.600006,1118.27002,451.975006,3789.600098,64.166
497.850006,6412068,255.100006,1140.569946,465.600006,3808.75,64.011
500.975006,3474426,258.100006,1144.77002,489.475006,3861.100098,63.577
497.674988,6670458,260.149994,1144.069946,498.325012,3937.350098,63.5
511.924988,5710868,266.0,1155.0,495.850006,3980.649902,63.523
500.200012,6952116,267.75,1177.699951,497.5,4017.149902,63.607
497.549988,7073694,262.350006,1168.829956,495.450012,4009.300049,63.526
495.225006,7117466,264.799988,1206.5,502.274994,4031.5,63.518
502.625,5320284,265.200012,1187.130005,500.350006,4069.949951,63.452
495.075012,5690668,259.649994,1193.699951,495.424988,3993.300049,63.707
492.174988,6212530,262.75,1188.530029,500.049988,4023.350098,63.604
498.700012,6880852,267.75,1207.800049,502.825012,4031.699951,63.55
494.0,4007568,267.850006,1200.22998,505.424988,3993.399902,63.299
495.149994,2695306,269.399994,1204.869995,503.600006,3998.899902,63.411
491.649994,4305602,270.799988,1210.699951,507.774994,3987.949951,63.264
490.25,3497418,272.899994,1207.569946,501.625,3972.149902,63.476
478.75,7024178,267.350006,1204.300049,498.299988,3949.0,63.459
469.0,8587772,267.75,1232.599976,493.700012,3935.649902,63.318
468.75,7411522,270.549988,1250.930054,500.899994,3934.399902,63.358
475.075012,6531768,273.700012,1238.469971,503.5,4035.25,63.45
485.625,5367074,268.200012,1238.369995,498.899994,4050.649902,63.281
492.0,4129566,268.049988,1246.27002,505.575012,4152.149902,63.507
494.524994,3472938,272.200012,1245.369995,511.850006,4178.149902,63.463
500.924988,3447978,271.100006,1247.72998,510.850006,4193.0,63.492
500.625,4377180,267.450012,1244.869995,512.375,4176.049805,63.6
556.325012,38310112,264.299988,1229.969971,503.899994,4152.850098,63.583
551.575012,12665660,268.549988,1236.300049,525.200012,4191.149902,63.571
549.0,7710748,270.049988,1220.699951,522.650024,4234.049805,63.921
543.799988,4480302,263.25,1201.569946,512.525024,4234.200195,64.106
532.650024,6752244,258.450012,1162.22998,502.674988,4178.100098,64.202
531.424988,8476602,259.200012,1172.630005,505.125,4196.950195,63.799
542.700012,7071334,253.600006,1193.530029,498.0,4273.700195,63.821
535.0,11956598,256.799988,1182.5,500.075012,4296.450195,64.138
538.525024,7931012,270.049988,1194.170044,500.924988,4331.450195,63.988
539.474976,7961012,281.049988,1186.27002,501.225006,4427.049805,64.177
528.625,9099054,288.600006,1183.170044,494.0,4438.799805,63.798
543.174988,4753476,285.399994,1186.400024,493.875,4471.649902,63.692
543.474976,7238252,289.049988,1220.5,489.475006,4452.100098,63.722
547.799988,4988058,281.299988,1222.300049,492.174988,4452.950195,63.739
543.0,3992754,282.75,1213.829956,484.450012,4497.149902,63.773
554.575012,7574406,268.799988,1200.77002,483.0,4504.299805,64.332
572.200012,10168440,256.350006,1175.0,471.450012,4504.299805,64.855
579.0,9787960,259.299988,1173.430054,466.674988,4492.850098,65.203
574.625,5109066,268.5,1199.670044,483.475006,4572.5,65.129
571.075012,3107436,279.75,1186.900024,475.350006,4549.799805,65.436
582.174988,4150446,284.799988,1200.099976,472.049988,4634.0,65.454
587.775024,6869518,278.0,1209.800049,477.299988,4671.850098,65.109
567.275024,8369114,270.549988,1187.900024,458.149994,4634.149902,65.433
574.950012,10822142,267.5,1160.0,453.975006,4567.350098,66.034
546.025024,14122684,245.399994,1087.699951,414.774994,4241.799805,66.814
542.825012,13735078,253.350006,1083.099976,424.075012,4199.0,66.28
532.299988,11498212,245.699997,1061.469971,426.700012,4207.049805,66.004
541.400024,15343392,249.449997,1080.030029,434.575012,4203.75,65.968
555.525024,7208820,248.949997,1077.630005,436.200012,4205.850098,66.15
547.200012,9917064,247.350006,1068.599976,427.950012,4167.200195,66.412
544.5,9071550,239.100006,1038.599976,419.924988,4061.449951,66.383
549.724976,11171830,230.550003,1018.429993,424.774994,4030.0,66.202
549.674988,8590536,232.25,1045.869995,426.924988,4143.25,66.1
536.974976,7318888,225.149994,1022.570007,417.950012,4063.300049,66.685
529.375,5180988,221.100006,1006.330017,416.600006,4069.600098,66.886
529.400024,5459496,228.350006,1043.0,424.299988,4139.299805,66.294
544.349976,9148664,231.649994,1061.670044,437.024994,4305.149902,66.619
540.224976,8363004,227.449997,1076.900024,433.5,4301.450195,66.299
545.375,9883810,230.100006,1068.630005,430.475006,4317.75,66.241
549.875,6557076,235.25,1070.630005,431.924988,4319.5,66.261
549.599976,5291886,232.899994,1038.77002,433.5,4325.0,66.447
550.825012,7478240,236.800003,1032.469971,436.274994,4355.600098,66.219
552.224976,11576876,242.0,1027.069946,447.700012,4400.850098,65.868
552.325012,4351234,245.25,1033.5,439.049988,4490.25,65.691
553.724976,9626986,237.949997,989.96698,423.950012,4473.049805,65.91
558.125,4758254,239.850006,996.867004,425.174988,4497.649902,66.184
570.275024,13399262,239.050003,974.96698,418.674988,4566.649902,66.11
552.775024,9788464,239.449997,953.367004,417.125,4536.25,66.267
560.924988,8699370,241.899994,964.166992,420.375,4682.299805,65.837
580.974976,9495692,237.149994,977.5,431.149994,4685.600098,65.517
586.525024,10864394,235.149994,993.400024,432.350006,4580.350098,65.631
590.875,6881760,240.0,1033.77002,444.0,4414.049805,65.134
577.299988,8711880,240.100006,1036.569946,449.024994,4354.0,65.129
566.599976,9182488,243.550003,1029.829956,456.899994,4364.5,64.907
566.075012,9080874,243.300003,1022.469971,444.549988,4353.75,64.819
583.700012,11782138,243.449997,1030.930054,443.674988,4276.350098,64.78
561.450012,30404970,244.550003,1036.0,445.875,4231.850098,64.795
549.700012,15326862,243.800003,1030.530029,446.799988,4273.850098,65.098
548.799988,8865510,244.25,1026.900024,451.475006,4249.75,64.736
548.674988,8255666,248.949997,1040.329956,451.850006,4377.399902,64.779
547.450012,6418992,256.799988,1069.969971,457.399994,4447.0,64.703
555.974976,7347494,254.5,1053.869995,481.75,4458.950195,64.919
562.974976,8788310,254.850006,1049.030029,478.350006,4508.75,65.024
569.200012,7278098,249.800003,1033.630005,477.5,4474.700195,65.146
574.950012,6033362,253.399994,1006.869995,477.825012,4380.899902,64.892
576.075012,3195942,251.25,1005.630005,471.424988,4385.149902,64.921
574.700012,5263748,248.800003,996.5,469.774994,4497.0,65.112
576.599976,5255472,242.050003,995.166992,468.475006,4495.200195,64.954
572.525024,5887324,236.949997,980.5,470.5,4439.549805,65.449
567.724976,4044676,237.050003,940.5,473.850006,4449.0,65.423
565.599976,3544988,236.899994,925.767029,479.899994,4495.75,65.561
572.75,3614682,235.949997,915.53302,483.600006,4482.549805,65.569
568.400024,3205572,239.0,912.067017,475.649994,4520.549805,65.609
561.450012,2345306,233.899994,912.632996,468.299988,4526.600098,65.86
569.150024,3026172,243.0,918.166992,476.200012,4522.799805,66.14
567.299988,6125676,246.100006,906.03302,480.625,4628.200195,66.475
551.924988,4680052,241.199997,898.932983,461.375,4712.700195,66.2
550.400024,3520868,240.25,887.46698,466.524994,4619.799805,66.059
540.099976,6808334,248.300003,904.767029,467.149994,4646.899902,65.886
530.75,7184106,247.850006,901.166992,463.875,4632.25,65.981
510.0,10125252,241.0,896.299988,456.0,4533.25,66.033
523.900024,8539622,243.899994,905.96698,467.375,4650.350098,66.09
526.200012,6082978,242.949997,911.232971,473.424988,4737.899902,66.058
526.849976,5616350,242.699997,912.599976,476.875,4736.25,66.395
520.575012,4325802,241.399994,894.367004,483.850006,4639.899902,66.262
526.200012,9853968,242.5,888.432983,494.325012,4606.549805,66.565
533.174988,5142478,249.699997,910.0,489.524994,4580.049805,66.907
543.950012,18105534,248.649994,916.400024,483.549988,4555.0,66.462
539.5,5898550,250.199997,909.900024,482.950012,4556.200195,66.434
530.349976,6397616,244.600006,902.666992,488.975006,4618.799805,66.591
528.875,5504726,241.100006,898.567017,488.600006,4627.049805,66.79
524.525024,8375530,241.100006,893.232971,482.725006,4600.350098,66.643
523.125,4513870,238.649994,894.099976,476.024994,4564.200195,66.773
522.200012,5724372,235.949997,881.400024,470.450012,4542.549805,66.857
514.099976,6818254,234.399994,867.132996,457.950012,4479.100098,66.855
523.674988,5587746,231.949997,873.96698,475.174988,4498.100098,66.756
526.400024,5390198,227.300003,857.166992,476.475006,4480.75,67.148
534.75,4816672,225.949997,849.599976,477.549988,4576.799805,67.093
538.775024,5431808,226.399994,855.46698,487.950012,4620.0,66.863
547.924988,5495852,227.300003,853.932983,489.325012,4619.399902,66.476
553.549988,4958782,230.899994,864.132996,504.850006,4666.75,66.421
541.575012,7219820,226.5,858.267029,495.950012,4620.450195,66.255
551.724976,4331012,230.449997,860.200012,496.049988,4639.100098,66.251
541.875,4109254,228.350006,853.46698,493.649994,4617.200195,66.244
550.424988,2870928,229.649994,860.666992,501.899994,4634.950195,66.037
548.174988,1230054,228.300003,863.0,500.274994,4598.399902,65.947
552.375,5526952,228.899994,863.432983,505.200012,4640.0,66.137
552.349976,3345062,228.199997,859.700012,507.700012,4636.899902,66.235
543.150024,5153970,225.800003,855.666992,502.25,4587.200195,66.475
552.700012,7943938,224.449997,850.299988,507.299988,4621.950195,66.208
552.625,1806550,227.800003,859.46698,507.674988,4638.5,66.235
539.450012,3975362,220.699997,837.299988,497.649994,4580.649902,66.579
537.025024,4949786,217.75,837.932983,502.575012,4566.950195,66.481
534.674988,5588328,216.850006,824.567017,516.099976,4480.799805,66.698
525.400024,5294088,209.550003,804.267029,506.625,4267.899902,66.891
531.650024,3156716,208.949997,786.067017,512.875,4214.75,66.847
527.849976,5360622,204.300003,782.232971,525.799988,4272.399902,66.76
524.974976,6565212,199.399994,786.099976,522.724976,4269.0,66.946
541.700012,8751294,200.899994,771.166992,538.424988,4291.25,66.917
566.5,30227006,196.050003,756.432983,530.825012,4248.25,67.316
569.950012,13036614,184.300003,738.599976,536.650024,4273.350098,67.775
565.950012,10066612,181.0,722.367004,508.424988,4236.200195,67.661
569.825012,7500436,182.949997,748.632996,521.799988,4198.149902,67.734
560.625,7507998,173.649994,744.067017,502.274994,4058.949951,67.958
568.525024,6743000,175.600006,735.132996,492.100006,3891.699951,67.799
568.125,6436018,184.600006,761.46698,502.075012,4104.950195,67.549
568.825012,4579262,182.949997,742.767029,501.975006,4081.350098,67.755
569.25,6971962,184.399994,738.53302,499.674988,4111.950195,68.144
564.799988,7788598,185.25,716.333008,508.450012,4103.299805,68.053
582.450012,10232108,179.899994,734.432983,517.700012,4095.850098,67.878
586.674988,4251126,172.75,748.03302,515.150024,3948.25,67.835
587.775024,7632702,169.399994,747.932983,500.575012,3874.949951,67.975
578.849976,5245966,166.050003,739.200012,490.700012,3828.350098,67.934
589.875,5549346,162.850006,757.132996,486.524994,3794.649902,67.544
587.349976,3984224,168.199997,759.932983,485.450012,3723.399902,67.81
575.400024,4221044,172.149994,753.53302,480.524994,3732.550049,68.034
553.825012,7579572,167.050003,742.799988,478.75,3657.100098,67.901
554.275024,5866054,159.0,747.067017,481.325012,3678.550049,67.861
539.325012,5214378,154.25,728.267029,462.274994,3541.449951,68.471
542.325012,7408096,154.800003,702.432983,453.274994,3549.649902,68.118
545.875,5093478,167.850006,766.267029,473.375,3711.25,68.131
539.575012,5125448,156.399994,736.0,465.274994,3705.199951,68.474
548.924988,4164598,158.949997,748.299988,476.299988,3749.149902,68.329
561.700012,4189072,159.800003,766.432983,470.049988,3653.25,68.542
563.625,3974018,164.699997,767.0,472.174988,3579.149902,68.545
563.325012,3857010,164.949997,766.5,481.149994,3520.800049,68.533
561.950012,2501960,158.5,753.432983,474.825012,3487.399902,68.561
562.674988,4950714,156.300003,741.932983,476.325012,3489.699951,68.431
555.150024,4484528,151.800003,724.299988,472.049988,3414.149902,68.768
560.575012,4235636,155.899994,740.432983,475.174988,3409.199951,68.737
542.025024,8166076,158.75,717.333008,483.325012,3236.5,68.208
562.724976,6386154,162.050003,749.299988,490.649994,3494.399902,67.753
578.0,7214898,181.149994,758.599976,500.75,3612.649902,67.395
584.650024,5814304,182.75,804.732971,506.424988,3608.649902,67.122
585.325012,4281680,188.399994,795.46698,503.200012,3555.100098,66.938
581.724976,7617746,183.350006,791.632996,513.5,3462.649902,67.313
589.25,6305782,183.399994,808.567017,520.849976,3576.399902,67.128
571.25,24381016,180.5,790.767029,505.875,3627.199951,67.302
571.5,4058548,180.100006,790.432983,507.25,3641.199951,66.921
570.599976,4174262,181.75,789.46698,509.875,3648.149902,67.138
567.200012,6720258,185.300003,787.166992,510.25,3654.550049,67.372
576.224976,5588850,185.199997,788.799988,510.875,3667.350098,67.173
580.875,6474622,186.350006,795.5,508.0,3635.449951,66.619
596.700012,8477422,191.25,799.53302,513.599976,3621.399902,66.384
597.450012,5138392,196.800003,818.767029,518.650024,3669.550049,66.5
594.974976,7097950,197.5,824.867004,523.924988,3699.550049,66.755
603.900024,6333176,196.600006,828.367004,514.599976,3736.0,66.93
602.450012,10787510,188.300003,804.232971,510.200012,3638.949951,66.608
598.625,6995356,189.5,795.96698,518.125,3729.949951,66.375
602.974976,5756818,197.550003,818.700012,523.525024,3727.449951,66.375
609.150024,17996320,194.25,811.132996,522.599976,3716.300049,66.255
602.724976,5511428,195.649994,825.267029,517.224976,3723.199951,66.365
621.849976,4577054,194.699997,823.900024,517.525024,3683.25,66.106
609.900024,4790716,184.350006,796.767029,513.474976,3554.850098,66.422
600.349976,4931354,183.850006,807.900024,516.875,3573.050049,66.517
590.75,5657890,181.949997,788.599976,518.625,3471.0,66.757
582.875,4195578,183.100006,794.833008,518.174988,3430.649902,66.551
591.950012,5768678,188.25,808.900024,520.150024,3478.649902,66.287
591.099976,5842138,187.800003,814.932983,523.700012,3573.699951,66.283
586.349976,12511386,191.899994,823.267029,533.025024,3731.600098,66.496
619.349976,25015990,186.75,835.333008,532.375,3718.949951,66.416
621.799988,8072848,187.300003,843.96698,518.650024,3670.050049,66.166
613.150024,5441100,194.350006,834.632996,520.575012,3705.300049,66.489
605.625,5143938,200.149994,843.400024,519.474976,3816.050049,66.66
607.924988,5364134,197.050003,843.666992,508.450012,3727.949951,66.685
616.075012,5846744,200.949997,854.0,508.475006,3871.550049,66.404
620.075012,4486208,196.149994,850.96698,509.700012,3859.399902,66.362
604.575012,12165168,192.050003,839.700012,498.350006,3747.949951,66.401
604.049988,5036410,189.0,836.400024,491.350006,3794.649902,66.425
600.525024,3615250,186.0,833.833008,493.475006,3830.850098,66.346
588.900024,6824810,184.050003,834.267029,487.899994,3819.949951,66.558
594.424988,5812842,179.949997,831.200012,489.049988,3811.550049,66.627
596.224976,6302668,180.350006,849.232971,487.625,3836.850098,66.558
590.75,2596720,184.350006,840.299988,484.475006,3818.949951,66.6
599.525024,5123678,188.699997,863.03302,491.549988,3846.5,66.752
606.400024,3395704,189.5,880.03302,491.274994,3844.800049,66.631
600.924988,3709888,185.0,885.166992,487.700012,3890.050049,66.561
605.0,3406932,188.5,877.400024,496.399994,3854.199951,66.757
603.625,5652064,184.850006,857.666992,489.075012,3846.25,66.855
607.5,4533878,176.800003,855.5,487.975006,3881.600098,66.844
607.125,3796294,176.850006,860.732971,484.575012,3950.699951,66.825
604.924988,4256596,179.949997,873.232971,485.274994,3914.899902,67.14
602.875,3954400,172.699997,844.067017,475.600006,3926.600098,67.436
600.799988,3994548,171.350006,836.732971,467.100006,3944.949951,67.408
594.0,4585946,168.399994,827.46698,465.0,3913.850098,67.409
593.875,3485060,169.5,828.099976,470.225006,3924.199951,67.63
604.325012,3857396,175.100006,861.067017,475.600006,4060.949951,67.273
617.075012,6136436,184.149994,982.767029,473.424988,4118.0,66.927
623.75,6180764,195.899994,983.267029,487.350006,4146.600098,67.031
633.799988,5285700,198.850006,991.400024,484.350006,4071.75,67.171
624.325012,13782038,204.949997,982.367004,478.924988,4161.600098,67.209
629.099976,4840534,198.25,976.700012,476.799988,4165.350098,67.434
630.775024,5053552,200.550003,984.833008,478.125,4186.649902,67.268
633.450012,3998380,196.600006,973.732971,479.825012,4217.950195,67.0
633.375,4225768,198.899994,978.799988,477.399994,4142.0,66.79
628.700012,5692420,210.149994,991.932983,477.524994,4135.649902,66.658
619.049988,8741370,210.699997,1007.469971,477.049988,4160.100098,66.5
592.75,12740804,209.949997,994.299988,485.575012,4169.149902,66.753
590.299988,6383956,205.949997,991.799988,488.350006,4111.5,66.952
590.450012,5286722,201.800003,977.432983,490.549988,4134.75,67.187
587.5,2940728,207.699997,973.700012,488.125,4104.5,67.292
594.974976,6711572,216.050003,1009.200012,492.299988,4209.600098,67.079
593.0,5302564,216.0,996.132996,488.149994,4084.100098,67.315
589.75,8515082,213.449997,986.833008,487.450012,4114.5,67.074
604.375,6229566,215.899994,1004.700012,495.100006,4133.200195,67.551
603.049988,4761724,214.0,996.53302,493.549988,4157.399902,67.624
599.75,3031258,212.899994,994.367004,490.25,4151.350098,67.449
605.799988,3828626,217.550003,999.067017,490.225006,4168.600098,67.279
597.275024,7808348,211.25,953.732971,475.725006,4070.050049,67.885
583.099976,5583778,217.149994,977.833008,477.825012,4025.100098,67.914
579.575012,7655974,215.899994,982.700012,478.899994,4078.699951,67.715
588.424988,5459150,217.199997,988.799988,483.450012,4131.25,67.422
585.400024,9346224,218.800003,997.666992,484.575012,4187.200195,67.504
586.200012,3991912,219.600006,1028.430054,486.725006,4165.399902,67.19
591.974976,5381322,223.0,1045.400024,493.350006,4173.799805,67.265
587.724976,3596416,223.5,1050.72998,496.549988,4173.350098,67.434
578.625,5954876,220.050003,1036.329956,493.950012,4141.100098,67.495
579.099976,5551648,218.300003,1021.77002,489.200012,4161.799805,67.139
587.525024,6668882,224.699997,1039.869995,496.25,4272.049805,67.138
588.275024,6197368,226.699997,1045.329956,501.700012,4370.399902,66.975
596.900024,5275420,227.699997,1034.27002,504.375,4321.399902,67.016
588.125,7413328,232.0,1042.969971,502.450012,4428.299805,66.843
536.275024,61484126,231.5,1057.22998,506.100006,4472.049805,67.141
540.974976,14332824,228.75,1049.599976,503.125,4454.75,67.137
543.474976,10404644,229.600006,1048.530029,508.899994,4485.700195,67.204
541.549988,9822896,231.149994,1047.22998,511.5,4469.149902,67.163
539.950012,8668002,225.649994,1038.369995,503.174988,4413.700195,67.153
536.224976,9386538,223.5,1049.329956,507.424988,4414.700195,67.154
540.424988,8469552,229.899994,1057.27002,511.375,4550.549805,67.412
544.349976,7189610,226.699997,1061.800049,512.025024,4471.299805,67.321
542.674988,7431820,229.25,1068.099976,506.549988,4558.149902,67.072
538.75,11258562,231.0,1051.5,513.174988,4763.5,67.014
536.924988,8156784,229.399994,1039.22998,507.450012,4757.600098,66.655
542.625,9096662,227.300003,995.799988,504.75,4866.25,66.764
541.900024,6822502,228.050003,1002.22998,506.399994,4986.049805,66.682
542.450012,7213460,226.649994,985.732971,496.975006,4873.850098,66.767
535.900024,4237278,225.649994,979.432983,496.5,4889.649902,66.84
534.0,5609968,232.75,1008.130005,508.125,4941.649902,66.842
539.349976,4643064,233.25,1004.77002,514.625,4991.75,66.81
541.700012,7192664,235.149994,1000.630005,515.349976,4960.850098,66.774
541.174988,5576454,231.5,988.799988,501.825012,4861.600098,66.765
538.674988,5038552,227.149994,983.132996,507.049988,4878.649902,66.75
531.275024,7449928,243.300003,994.599976,517.900024,4898.600098,66.908
525.900024,16429408,246.75,1004.22998,512.450012,4864.200195,66.87
516.650024,6599316,246.25,1001.669983,506.649994,4889.850098,66.893
511.700012,8434000,248.399994,988.067017,509.024994,4915.850098,66.83
510.649994,5686016,258.5,996.232971,507.450012,4900.100098,67.137
507.725006,10253518,254.800003,995.099976,505.924988,4837.75,67.202
519.825012,7406138,254.75,984.767029,505.225006,4833.799805,67.122
528.700012,6129966,254.399994,982.333008,510.25,4948.549805,67.167
518.075012,4796562,250.149994,969.767029,506.350006,4933.700195,67.016
510.125,6881054,246.600006,951.46698,513.950012,4920.899902,67.136
511.399994,5220282,249.050003,973.0,528.724976,4927.399902,67.113
520.200012,4375438,252.25,983.767029,533.200012,5067.649902,67.144
517.924988,11139814,252.5,1008.630005,530.0,5053.649902,66.973
518.775024,2877826,252.0,1004.72998,514.599976,5060.75,66.801
515.924988,3332592,254.600006,1003.369995,506.674988,5160.450195,66.795
522.5,8215044,260.100006,1010.929993,509.950012,5319.700195,66.28
527.174988,7425470,266.799988,1012.169983,508.825012,5336.049805,66.478
518.825012,9092774,268.350006,1026.329956,516.700012,5489.399902,66.631
517.75,5053438,264.100006,1011.799988,522.275024,5403.0,66.895
527.0,6203096,252.75,975.46698,523.25,5329.0,66.738
522.799988,5152418,257.549988,983.53302,522.375,5363.899902,66.798
521.099976,4701722,256.0,980.166992,532.5,5452.399902,66.86
530.075012,9949384,254.300003,982.132996,537.775024,5573.299805,67.075
530.599976,5809154,255.649994,986.53302,541.200012,5491.899902,66.98
525.075012,4214004,254.449997,983.96698,537.099976,5514.850098,66.985
527.875,4231532,251.149994,981.400024,536.125,5501.25,66.744
529.400024,3629514,257.899994,999.96698,544.474976,5597.100098,66.633
521.275024,5205294,254.550003,998.0,551.400024,5601.799805,66.707
517.950012,6371798,251.649994,977.132996,553.599976,5568.899902,66.613
519.875,6525660,249.0,957.599976,555.25,5511.399902,66.425
519.474976,5434708,253.75,970.599976,545.325012,5521.799805,66.349
514.599976,8902638,247.25,958.400024,536.224976,5438.600098,66.812
518.025024,6502354,251.25,955.432983,541.849976,5477.299805,66.556
519.049988,3656160,255.300003,980.46698,545.349976,5681.0,66.546
524.599976,5066586,259.75,966.099976,548.174988,5680.0,66.609
520.75,2307574,260.850006,969.299988,544.700012,5689.200195,66.572
513.700012,3721882,256.799988,969.666992,555.400024,5710.450195,66.697
506.274994,6288558,258.700012,971.299988,554.5,5683.799805,66.602
514.974976,5413170,256.600006,966.666992,548.174988,5712.350098,66.492
526.174988,9778690,249.649994,958.932983,528.575012,5718.549805,66.794
513.575012,33461690,252.100006,983.232971,538.825012,5690.450195,66.717
511.200012,8014858,253.199997,965.299988,530.325012,5599.100098,66.789
519.525024,6388134,256.899994,992.166992,540.549988,5626.700195,66.733
520.900024,3509836,255.399994,994.03302,543.674988,5604.600098,66.645
518.325012,3535490,260.200012,1002.429993,543.775024,5644.5,66.83
519.150024,3863620,258.5,1007.22998,532.099976,5650.200195,66.926
513.549988,2902974,262.950012,995.099976,531.650024,5713.899902,66.845
508.600006,5636014,261.450012,989.400024,530.424988,5781.450195,66.806
507.100006,2775216,258.75,988.200012,527.025024,5869.100098,66.863
501.75,7227790,255.399994,983.53302,524.349976,5860.149902,66.881
498.75,5840706,258.0,987.132996,527.474976,5876.149902,66.778
494.725006,6332798,258.950012,975.432983,525.5,5878.100098,66.696
490.524994,5377194,251.050003,965.767029,511.875,5794.600098,66.762
483.424988,5225108,245.649994,962.799988,511.975006,5805.549805,66.668
485.5,6005548,242.850006,946.53302,502.774994,5704.850098,66.796
488.975006,4537672,252.699997,932.0,500.575012,5715.950195,66.745
491.299988,5261108,252.649994,931.46698,501.75,5669.0,66.246
479.149994,12764158,260.0,926.96698,502.299988,5392.950195,66.515
469.700012,7287330,281.299988,941.400024,505.200012,5328.5,66.865
460.774994,7096782,273.0,925.867004,500.875,5134.25,67.565
461.774994,9235850,278.200012,913.53302,492.700012,4846.600098,67.786
470.450012,12222616,277.200012,917.03302,493.274994,4990.799805,67.999
464.899994,5706730,277.450012,914.0,488.875,4925.549805,68.023
460.0,6040228,275.799988,913.632996,493.75,4950.899902,68.191
455.549988,7940568,257.350006,898.599976,495.75,4787.450195,68.228
457.100006,5483126,257.350006,886.367004,500.725006,4934.549805,68.396
460.125,8251786,258.649994,904.833008,504.5,4880.850098,68.784
465.149994,16780644,261.75,899.767029,493.674988,4830.149902,68.761
488.75,12631380,260.950012,913.799988,496.850006,4873.600098,68.519
489.875,7365712,253.550003,904.632996,493.325012,4893.75,68.579
486.299988,6125506,252.699997,901.632996,498.850006,5088.149902,68.615
487.774994,8500918,258.350006,921.833008,495.024994,5266.0,68.598
487.799988,4611590,255.649994,925.567017,498.875,5252.100098,68.236
482.25,4453228,254.100006,907.900024,497.375,5068.100098,68.031
480.825012,3659576,256.899994,904.099976,496.924988,5202.950195,68.025
483.25,3562110,259.100006,908.099976,502.600006,5135.200195,67.742
483.200012,3385980,255.600006,902.53302,499.575012,5116.649902,67.438
492.325012,5941662,259.899994,911.299988,510.024994,5234.600098,67.546
494.674988,8648384,266.649994,908.132996,514.474976,5235.0,67.47
488.674988,5345020,263.649994,909.96698,513.599976,5144.399902,67.431
495.100006,4854282,266.149994,917.132996,519.900024,5163.149902,67.411
499.875,5382614,262.899994,906.632996,529.75,5141.049805,67.475
496.174988,7966416,265.399994,904.567017,526.474976,5152.049805,67.857
502.575012,6436742,264.75,907.067017,528.575012,5188.649902,67.855
502.325012,4124134,261.350006,896.632996,531.275024,5115.049805,67.844
506.075012,7636498,254.550003,903.666992,528.950012,5108.0,67.917
500.774994,7343976,255.350006,894.666992,531.625,5137.850098,67.837
492.350006,7060054,249.800003,876.432983,526.674988,5084.399902,67.848
494.225006,7306036,249.149994,891.632996,528.650024,5197.149902,67.837
491.375,3213828,244.199997,891.732971,523.724976,5167.350098,67.76
499.475006,4912816,248.75,903.732971,532.349976,5224.0,67.978
499.25,5476816,247.75,899.96698,524.849976,5231.25,68.233
496.174988,6240124,247.649994,892.799988,532.724976,5314.799805,67.936
505.299988,7267768,250.199997,899.400024,541.200012,5319.549805,67.955
500.549988,2335222,243.600006,906.400024,542.549988,5466.0,68.145
496.924988,6778482,244.899994,911.46698,544.700012,5508.399902,68.26
498.875,7073586,242.899994,917.732971,533.575012,5502.149902,67.886
498.075012,8207074,245.350006,928.200012,538.700012,5634.950195,67.743
486.125,14393448,245.899994,927.299988,537.474976,5615.549805,68.115
485.174988,10545692,247.050003,920.432983,538.849976,5658.5,68.1
485.274994,11939854,248.300003,925.0,544.924988,5674.850098,68.327
484.549988,12241574,252.149994,941.567017,543.025024,5762.350098,68.312
500.024994,11855740,251.25,966.232971,541.650024,5777.350098,68.141
487.899994,31276246,250.899994,959.166992,545.200012,5699.5,68.18
477.825012,12351372,255.75,961.867004,538.125,5676.899902,68.103
477.700012,5560094,256.0,963.833008,520.625,5669.399902,67.862
475.399994,5952962,258.350006,968.299988,516.275024,5684.450195,68.22
479.049988,8876480,258.399994,966.299988,516.849976,5718.350098,68.1
474.350006,9124742,251.050003,943.166992,512.900024,5668.950195,68.075
476.350006,7948580,254.149994,929.03302,507.950012,5700.0,68.051
472.774994,6826010,254.899994,946.53302,513.650024,5737.200195,68.138
468.299988,9978090,259.200012,966.5,508.649994,5802.549805,67.988
471.075012,10635138,266.450012,959.932983,512.549988,5915.899902,68.105
474.674988,11369208,263.950012,961.867004,522.400024,5894.950195,67.829
464.299988,24068534,260.350006,964.166992,522.599976,5894.25,67.515
458.375,11531782,270.700012,993.5,524.825012,6179.200195,67.415
467.950012,11828268,273.299988,984.333008,521.75,6144.350098,67.21
468.049988,8423958,277.549988,987.132996,516.825012,6115.450195,67.184
467.625,6727934,277.049988,989.200012,520.825012,6149.700195,67.195
471.125,9268002,277.899994,1000.200012,515.450012,6213.200195,67.35
468.25,6319962,277.200012,1004.570007,512.575012,6194.649902,67.05
473.0,11907266,275.850006,993.799988,516.375,6157.100098,66.765
484.149994,12252452,276.350006,1001.299988,515.075012,6112.25,66.854
492.174988,13724268,271.649994,1000.099976,514.924988,6022.0,66.975
493.850006,9338818,270.200012,995.067017,524.900024,5939.850098,66.835
490.899994,7259486,268.950012,986.666992,525.650024,5862.700195,66.875
506.049988,12815858,270.5,980.166992,533.75,6024.549805,67.08
500.049988,4851208,269.350006,985.333008,537.75,5989.75,67.08
505.125,4650662,269.649994,988.432983,537.700012,6093.149902,66.905
506.799988,7613996,270.700012,988.867004,544.099976,6063.149902,66.985
495.075012,6607838,272.299988,984.632996,603.75,6079.649902,66.95
504.424988,9542656,270.450012,991.067017,591.375,6031.0,66.69
506.200012,5328696,268.25,977.232971,619.450012,5951.5,66.7
506.200012,5940132,269.200012,979.46698,619.025024,5922.5,66.725
512.575012,4282448,271.75,984.099976,617.25,5919.600098,66.865
511.649994,2948498,267.299988,982.632996,618.375,5918.75,66.785
515.599976,5401612,265.049988,980.232971,629.275024,5887.75,66.78
516.950012,5286386,269.850006,990.400024,652.674988,5934.850098,66.675
509.899994,4644496,267.799988,990.932983,652.474976,5888.5,66.625
503.899994,6179176,269.899994,984.200012,645.599976,5864.149902,66.765
505.774994,3480630,273.25,984.599976,643.375,5964.399902,66.69
510.924988,4550324,272.049988,994.400024,640.825012,5955.600098,66.555
517.400024,7878396,274.649994,1038.72998,644.75,6132.399902,65.775
505.975006,6373978,277.350006,1032.599976,652.474976,6137.350098,65.63
514.424988,6702956,279.299988,1047.369995,648.825012,6155.450195,65.385
520.150024,9507846,274.149994,1035.030029,650.349976,6192.600098,65.475
510.75,4427388,273.899994,1025.099976,640.400024,6158.899902,65.345
516.424988,4869584,272.350006,1032.699951,631.900024,6076.299805,65.344
513.849976,3990852,267.5,1019.900024,629.849976,6005.799805,65.455
520.224976,4501662,268.5,1029.27002,636.650024,6034.799805,65.455
515.700012,4883896,276.5,1034.130005,643.375,6004.649902,65.425
514.424988,7684824,279.450012,1029.27002,625.549988,5985.799805,64.995
517.575012,4796796,282.100006,1029.5,622.875,5974.25,65.045
515.924988,6981186,288.450012,1037.699951,628.325012,5944.149902,64.875
512.75,12157180,291.049988,1038.300049,635.325012,5956.600098,64.86
511.125,14153854,293.399994,1049.930054,660.450012,6015.700195,64.86
504.399994,4315600,293.149994,1107.329956,687.325012,6072.0,64.985
497.975006,7398338,297.350006,1130.969971,707.5,6342.399902,64.875
499.799988,5379008,292.850006,1122.130005,719.25,6291.649902,64.606
490.774994,6404508,289.450012,1123.670044,703.299988,6259.350098,64.27
476.700012,9528472,289.350006,1116.030029,690.674988,6268.850098,64.605
483.575012,8655466,294.5,1136.599976,686.174988,6247.799805,64.555
484.424988,6696752,290.149994,1135.199951,677.0,6154.5,64.69
465.700012,30973188,291.549988,1119.030029,682.400024,6077.950195,64.445
462.450012,7213434,289.899994,1120.900024,695.924988,6115.549805,64.48
461.325012,4647518,290.299988,1113.0,685.099976,6137.149902,64.605
459.600006,10071702,284.049988,1113.699951,684.400024,6196.950195,64.665
463.649994,4549000,284.799988,1120.800049,684.775024,6273.5,64.62
461.850006,3577466,282.200012,1125.0,701.25,6185.799805,64.65
463.274994,5556666,286.049988,1155.130005,708.700012,6318.350098,64.49
464.674988,4737060,286.049988,1164.069946,716.400024,6337.200195,64.33
457.125,9084496,286.450012,1167.530029,708.224976,6406.299805,64.13
462.625,7797208,282.049988,1177.829956,704.75,6374.049805,64.115
459.475006,5029702,289.75,1166.530029,697.599976,6524.850098,64.29
461.299988,3231126,288.299988,1154.699951,685.275024,6705.5,64.165
467.149994,4659448,289.799988,1146.800049,685.049988,6644.0,64.165
468.825012,5279806,299.049988,1154.430054,678.974976,6639.799805,64.215
465.75,4432788,296.0,1149.599976,664.125,6654.149902,64.315
472.75,4707098,299.399994,1139.72998,660.700012,6630.549805,64.36
473.325012,5649372,296.5,1163.099976,665.174988,6629.299805,64.68
471.825012,3364302,294.450012,1159.5,679.549988,6737.75,64.615
472.049988,3229482,298.100006,1157.900024,679.775024,6762.5,64.405
482.125,10979996,297.899994,1160.400024,675.224976,6730.200195,64.243
475.774994,7297164,301.399994,1161.599976,672.049988,6823.899902,64.065
477.5,6130168,307.5,1160.469971,678.150024,6953.950195,64.045
476.399994,2915508,307.649994,1170.300049,676.549988,6958.200195,64.13
480.875,8057848,302.950012,1148.400024,663.674988,6831.049805,64.88
478.975006,4257396,308.0,1149.699951,659.424988,6790.549805,64.565
480.725006,5503052,294.299988,1167.969971,662.075012,6701.700195,64.51
478.649994,4039982,288.850006,1160.5,652.775024,6878.850098,64.895
477.399994,5636286,283.149994,1122.969971,648.849976,6869.649902,64.77
491.649994,10438514,290.100006,1179.22998,651.224976,6985.700195,64.555
497.850006,4988004,288.450012,1191.72998,668.650024,7064.799805,64.51
492.575012,6308434,284.0,1188.27002,678.450012,7134.450195,64.54
498.100006,3716910,288.850006,1178.369995,679.674988,7147.5,64.635
488.524994,7763900,288.299988,1173.800049,670.349976,7211.0,64.51
485.700012,5508606,287.450012,1195.199951,664.125,7146.600098,64.478
484.725006,3917966,287.049988,1189.329956,662.375,7114.700195,64.415
479.375,5462698,287.25,1203.27002,664.674988,7125.700195,64.35
489.674988,7008686,287.299988,1183.430054,656.400024,7112.100098,64.43
480.649994,12455046,290.549988,1192.400024,669.5,7205.700195,64.435
478.225006,6195352,288.600006,1182.829956,665.849976,7249.5,64.25
474.299988,14757662,288.549988,1185.469971,667.849976,7464.850098,64.245
481.924988,8591676,284.950012,1157.72998,659.724976,7373.649902,64.48
478.899994,4937794,283.850006,1159.329956,657.174988,7348.950195,64.345
479.299988,7438110,284.200012,1176.300049,678.75,7351.049805,64.235
476.049988,5528062,284.0,1156.900024,691.974976,7312.299805,64.565
470.125,10948450,285.950012,1151.130005,694.400024,7263.899902,64.465
464.924988,6855860,288.850006,1170.530029,704.625,7249.25,64.495
471.774994,5184396,290.100006,1167.0,706.174988,7207.25,64.54
471.674988,3735864,290.899994,1169.469971,711.0,7268.200195,64.53
470.075012,9465242,294.5,1157.599976,716.325012,7316.100098,64.605
471.625,6403018,288.950012,1148.469971,717.924988,7219.149902,64.505
463.524994,6904660,279.649994,1134.469971,718.575012,7183.350098,64.475
462.350006,5905224,276.399994,1135.5,699.25,7225.049805,64.525
465.100006,15914040,272.450012,1135.77002,696.349976,7224.350098,64.66
467.774994,4216700,273.649994,1125.069946,690.0,7217.600098,64.62
475.950012,5088924,274.850006,1124.829956,690.525024,7354.0,64.845
481.075012,5167726,273.0,1122.22998,710.974976,7376.149902,64.79
475.450012,4226228,274.899994,1130.199951,721.325012,7377.649902,64.8
473.5,3829720,281.0,1131.72998,721.275024,7474.049805,64.725
467.700012,5776886,280.100006,1136.27002,745.575012,7432.799805,64.625
478.524994,1464376,285.549988,1154.77002,746.424988,7430.450195,64.475
487.674988,11539708,283.549988,1160.72998,747.174988,7457.0,64.565
486.174988,6275976,287.649994,1159.699951,755.549988,7476.649902,64.475
488.524994,5170392,288.75,1175.099976,761.049988,7567.549805,64.46
486.024994,22478180,291.600006,1171.199951,766.875,7557.25,64.424
492.024994,7698250,293.0,1171.25,775.875,7522.299805,64.345
492.799988,8260180,291.0,1177.900024,759.950012,7549.350098,64.316
489.924988,5890278,293.299988,1181.300049,766.474976,7561.5,64.27
484.725006,6809740,290.950012,1185.650024,764.450012,7490.950195,64.375
490.049988,5980754,290.649994,1179.25,792.5,7543.0,64.385
495.274994,6129176,294.549988,1178.0,807.625,7554.549805,64.395
496.924988,7145614,296.100006,1170.849976,801.075012,7504.850098,64.385
497.024994,6870024,295.799988,1180.25,811.375,7565.25,64.355
485.524994,12676852,298.350006,1182.050049,797.400024,7599.600098,64.125
498.674988,11098428,299.100006,1161.400024,797.224976,7630.450195,64.115
505.600006,19158248,312.5,1193.949951,807.599976,7750.049805,64.2
502.774994,7689398,309.0,1190.050049,801.799988,7856.100098,64.095
496.674988,4257584,307.700012,1176.800049,814.599976,7795.5,63.635
492.0,4640348,300.549988,1174.75,825.049988,7737.399902,63.705
491.875,5349018,305.25,1175.849976,811.075012,7770.299805,63.675
484.125,6073744,311.200012,1179.949951,808.174988,7838.649902,63.84
481.924988,6004648,303.649994,1171.199951,801.275024,7755.899902,63.692
484.674988,3922410,302.299988,1153.900024,799.400024,7661.600098,63.86
490.625,9140684,296.700012,1157.699951,792.174988,7578.75,64.095
493.850006,6544156,280.149994,1131.949951,773.125,7457.399902,64.14
490.725006,3816470,278.200012,1146.900024,786.525024,7608.450195,64.09
487.600006,6178080,283.100006,1142.25,783.049988,7701.149902,64.17
510.424988,25784260,280.850006,1134.0,783.549988,7582.450195,64.17
461.625,164404960,278.700012,1130.599976,787.700012,7598.799805,64.095
436.700012,90407176,274.649994,1127.099976,782.200012,7501.899902,64.11
437.700012,49242598,273.899994,1117.699951,780.025024,7496.100098,64.073
446.399994,61284190,279.0,1124.150024,791.025024,7573.049805,64.045
456.075012,42380524,280.299988,1131.699951,784.025024,7612.850098,64.045
470.5,40712108,279.350006,1138.900024,783.275024,7579.0,63.905
463.725006,13369392,277.0,1130.050049,766.075012,7521.5,64.015
463.325012,16149664,276.600006,1139.650024,782.049988,7557.450195,63.99
457.475006,15022452,277.75,1136.300049,797.25,7700.299805,63.935
459.975006,8433922,277.850006,1139.199951,805.049988,7812.299805,64.025
450.100006,10177108,277.75,1130.650024,806.674988,7821.5,64.04
450.950012,9783392,276.549988,1126.650024,816.299988,7817.200195,64.105
447.799988,7735910,274.25,1117.599976,822.700012,7846.649902,64.06
447.875,6241192,274.200012,1129.099976,818.099976,7919.200195,64.015
442.149994,8604542,271.799988,1172.400024,816.900024,7970.75,63.785
439.350006,13787642,270.950012,1217.849976,817.900024,8142.399902,63.935
442.024994,17241354,273.450012,1230.25,823.75,8154.5,64.031
441.875,11478228,273.399994,1223.349976,849.0,8122.600098,64.01
446.200012,13698006,274.200012,1214.199951,843.849976,8070.25,64.123
454.125,13459460,271.5,1212.400024,841.799988,8099.75,64.11
454.549988,8475860,270.399994,1237.949951,845.549988,8157.850098,64.158
456.125,6033330,267.799988,1225.900024,838.599976,8131.700195,64.3
456.350006,5767830,270.049988,1235.949951,847.150024,8120.149902,64.293
454.774994,8204152,268.5,1228.050049,841.349976,8144.950195,64.81
449.149994,17604088,261.850006,1184.800049,817.400024,8068.200195,64.795
447.674988,9088700,258.75,1165.199951,821.549988,7964.950195,65.127
452.950012,7366478,258.25,1162.900024,820.099976,7889.899902,65.46
449.899994,6000138,250.399994,1137.199951,799.150024,7739.950195,65.715
448.0,17537266,252.550003,1133.349976,786.450012,7897.350098,65.47
449.950012,5705832,253.850006,1142.050049,780.900024,7978.200195,65.31
451.774994,4947522,251.300003,1134.900024,798.349976,7888.299805,65.485
449.799988,4991492,253.199997,1138.300049,818.849976,7847.200195,65.03
451.524994,8611300,251.600006,1132.050049,824.150024,7831.049805,65.145
460.075012,8574308,256.75,1141.800049,837.049988,7903.200195,65.4
461.950012,3504832,256.850006,1140.949951,830.650024,7896.700195,65.355
467.725006,7143220,256.950012,1142.699951,843.200012,7893.700195,65.25
465.350006,5982504,251.75,1133.849976,840.150024,7825.149902,65.16
463.649994,10280972,251.199997,1143.650024,872.75,7904.25,65.06
465.049988,7180728,252.100006,1138.650024,876.450012,7874.149902,64.7
469.5,5758750,252.050003,1144.699951,876.799988,7842.0,64.7
465.25,5625102,251.149994,1148.75,874.349976,7838.899902,65.03
462.174988,7231852,243.75,1141.400024,914.5,7784.049805,65.055
463.475006,1091434,242.75,1139.75,909.900024,7731.100098,64.995
469.75,9154096,245.949997,1135.75,939.75,7818.5,65.022
463.25,14529328,254.449997,1142.550049,934.25,7875.0,65.09
467.649994,13984134,324.899994,1204.199951,939.900024,7870.200195,64.925
473.674988,33659258,320.5,1223.5,947.400024,8068.049805,64.84
473.174988,8524956,311.049988,1224.650024,929.849976,8114.450195,65.04
472.049988,12968326,312.0,1236.949951,942.5,8195.25,64.86
460.924988,9954988,305.799988,1222.300049,940.849976,8211.25,64.75
463.524994,5633134,319.850006,1215.300049,952.549988,8238.400391,64.565
461.450012,4686138,314.350006,1210.949951,946.599976,8225.799805,64.575
463.325012,3699086,325.0,1235.0,945.299988,8219.400391,64.56
464.350006,5066534,329.0,1224.699951,932.5,8310.200195,64.625
477.75,13442820,317.200012,1211.050049,906.700012,8220.299805,65.06
476.149994,5369994,309.549988,1218.199951,887.799988,8232.0,64.92
477.25,4723232,313.700012,1215.900024,900.5,8204.799805,64.975
481.024994,6589428,333.549988,1264.949951,883.849976,8183.5,65.19
475.975006,5021216,331.049988,1240.550049,875.25,8109.200195,65.44
474.549988,5733710,329.100006,1210.199951,886.700012,8122.950195,65.41
475.899994,7023516,324.950012,1209.5,883.700012,8127.25,65.27
494.200012,15687502,333.399994,1219.300049,903.849976,8163.700195,65.295
485.475006,8057670,337.5,1222.800049,911.900024,8348.349609,65.015
480.274994,5661190,333.0,1229.800049,920.849976,8425.650391,65.1
483.125,5364656,330.649994,1222.650024,932.549988,8424.799805,64.88
483.149994,6084920,335.299988,1222.699951,930.75,8513.150391,64.88
495.625,11894618,334.950012,1215.949951,947.0,8463.400391,64.57
504.774994,18619912,332.399994,1218.5,951.099976,8487.950195,64.68
499.375,6017730,335.649994,1224.75,951.349976,8508.599609,64.478
492.350006,4616868,332.0,1211.699951,943.349976,8624.150391,64.41
491.350006,3838070,328.899994,1217.849976,946.0,8671.349609,64.36
488.049988,17266944,320.350006,1216.550049,921.549988,8599.099609,64.49
479.399994,4085000,312.75,1211.650024,910.099976,8609.0,64.52
492.674988,17811606,313.600006,1217.5,901.599976,8500.799805,64.38
492.174988,9976738,319.100006,1209.900024,913.700012,8500.400391,64.36
495.149994,7490094,312.399994,1191.25,926.650024,8612.400391,64.53
499.899994,7549544,316.399994,1218.400024,931.549988,8882.400391,64.57
500.924988,5983244,313.100006,1220.349976,921.0,9042.25,64.48
502.649994,5139098,318.399994,1221.849976,916.150024,9133.799805,64.355
505.25,9320434,318.450012,1202.900024,915.599976,9131.349609,64.41
501.875,5362398,313.299988,1189.25,914.650024,9120.650391,64.46
506.549988,6023572,314.0,1188.800049,921.5,9112.75,64.34
511.450012,10384134,312.25,1203.550049,919.75,9165.900391,64.08
508.299988,4035448,318.899994,1217.900024,921.0,9309.099609,64.21
501.975006,7118898,319.799988,1219.900024,925.950012,9801.5,64.06
507.924988,4186326,317.5,1232.5,918.150024,9733.900391,64.115
511.024994,11059162,316.75,1258.800049,912.950012,9631.049805,64.02
519.674988,12906940,319.850006,1266.150024,920.400024,9700.0,64.02
517.799988,10808906,317.149994,1269.699951,929.799988,9679.0,64.05
517.125,6970172,314.850006,1257.849976,923.75,9644.099609,64.12
516.625,8433472,308.399994,1252.75,924.200012,9629.200195,64.08
521.025024,6601768,309.899994,1258.25,921.049988,9729.549805,63.84
516.775024,5431340,307.100006,1260.699951,909.75,9651.900391,63.68
514.849976,6112248,303.25,1249.75,911.150024,9554.049805,63.46
510.649994,6846552,302.850006,1275.300049,914.799988,9416.599609,63.505
507.700012,8947614,308.5,1315.699951,920.299988,9386.25,63.4
506.0,11025976,306.350006,1314.900024,923.25,9433.849609,63.34
518.025024,5594690,305.799988,1338.25,928.549988,9448.950195,63.475
520.674988,9948236,304.299988,1332.75,940.950012,9383.549805,63.67
526.125,9468634,301.100006,1323.75,942.349976,9375.849609,63.63
537.900024,16775298,302.200012,1323.550049,937.75,9339.799805,63.69
539.224976,18016528,302.25,1329.150024,949.0,9459.150391,63.61
540.575012,10649250,302.600006,1325.949951,949.150024,9358.450195,63.515
561.424988,22646966,296.149994,1326.199951,922.950012,9322.049805,64.02
576.049988,26154088,307.100006,1353.349976,924.5,9313.900391,63.885
576.349976,13204970,303.25,1360.800049,919.700012,9368.700195,63.87
571.724976,5988278,309.25,1371.449951,931.299988,9323.950195,63.83
575.0,9650214,306.5,1398.849976,971.5,9310.099609,63.89
588.549988,15403796,318.100006,1410.699951,983.25,9393.400391,63.76
592.900024,20604718,329.899994,1401.199951,966.349976,9434.950195,63.66
587.700012,13548914,313.149994,1416.5,965.900024,9278.200195,63.515
591.450012,10823002,312.100006,1431.949951,964.5,9630.700195,63.6
585.325012,8628312,313.549988,1429.900024,950.400024,9571.549805,63.69
575.125,9213698,313.25,1416.5,961.299988,9509.700195,63.55
572.299988,13005454,306.049988,1455.599976,943.849976,9401.849609,63.98
571.625,10244486,297.350006,1415.449951,904.349976,8990.599609,64.13
569.099976,9860220,298.049988,1363.650024,902.150024,9080.599609,64.14
553.875,10552078,291.75,1353.050049,892.099976,8984.599609,64.23
554.525024,8342056,292.799988,1333.75,894.400024,8921.799805,64.28
567.125,8807244,301.399994,1347.400024,904.549988,9030.700195,64.3
554.575012,4382690,296.399994,1329.25,897.849976,8936.099609,64.375
551.400024,6291972,288.75,1350.5,915.5,9117.849609,64.28
548.875,8345712,276.200012,1361.199951,933.650024,9001.599609,64.1
557.224976,7986736,278.700012,1350.349976,935.650024,9020.25,63.9
564.025024,9889222,271.649994,1328.400024,921.299988,8836.950195,64.215
565.875,6461840,268.5,1295.5,927.0,8724.849609,64.25
568.474976,7188594,269.649994,1290.599976,921.099976,8722.650391,64.86
573.700012,13771358,273.299988,1282.800049,929.349976,8782.75,64.805
580.375,17859974,272.600006,1292.0,924.349976,8634.049805,64.975
577.825012,9459828,276.049988,1301.699951,934.25,8698.799805,64.71
569.299988,5083608,274.450012,1344.25,938.700012,9005.349609,64.77
575.099976,6616026,267.600006,1338.099976,950.5,8891.200195,64.92
586.299988,17268416,268.0,1318.150024,954.549988,8850.950195,65.21
580.375,6579852,262.149994,1315.199951,948.400024,8873.450195,65.23
577.950012,8101456,263.5,1300.699951,924.099976,8795.099609,65.025
575.674988,6689734,256.549988,1283.400024,910.849976,8616.5,64.905
572.049988,6370416,246.649994,1263.300049,889.75,8679.099609,64.88
578.325012,6093014,256.799988,1283.800049,911.450012,8729.349609,65.105
581.700012,4220964,253.25,1290.5,913.099976,8660.599609,65.125
592.875,7676970,252.850006,1310.050049,930.299988,8810.299805,64.985
591.900024,8581052,254.699997,1302.75,931.849976,8756.049805,64.855
590.400024,4429710,257.049988,1303.25,929.049988,8846.299805,64.84
591.25,6101500,253.699997,1295.099976,911.799988,8837.549805,64.99
585.950012,17954826,252.300003,1269.300049,900.049988,8676.549805,64.99
573.375,7526620,247.949997,1279.550049,895.5,8773.5,65.22
582.275024,8553766,249.100006,1293.5,889.799988,8802.400391,65.21
583.75,7692994,248.0,1309.349976,896.900024,8874.650391,65.18
580.650024,6813168,241.550003,1296.25,908.150024,8696.549805,65.105
583.799988,12008084,234.800003,1267.900024,893.900024,8607.25,64.99
577.625,8930722,246.5,1297.400024,901.099976,8765.299805,64.825
577.0,3802088,254.350006,1307.550049,899.799988,8852.299805,64.945
565.900024,12558322,249.899994,1310.900024,882.700012,8861.099609,65.16
568.575012,8072702,246.149994,1335.949951,892.950012,9008.200195,65.13
570.224976,4077168,250.5,1330.400024,899.549988,9026.450195,65.0
562.099976,4813302,247.300003,1296.150024,894.900024,9013.5,65.045
573.775024,7763544,259.299988,1328.800049,908.200012,9132.599609,64.89
563.5,5937742,259.700012,1316.550049,911.0,9206.200195,64.93
555.625,7202882,260.649994,1327.900024,916.0,9292.650391,64.955
556.700012,8926058,263.299988,1349.900024,917.049988,9273.450195,64.95
562.125,9025574,257.049988,1352.75,930.849976,9302.5,65.26
581.299988,17044366,253.800003,1357.449951,928.700012,9204.450195,65.29
585.724976,21227038,250.949997,1354.849976,938.849976,9123.950195,65.255
566.599976,24745084,249.0,1368.099976,937.049988,9232.0,65.47
562.599976,10397940,248.149994,1359.550049,944.25,9160.349609,65.68
562.974976,10430380,246.449997,1360.099976,938.0,9121.5,65.72
566.424988,8525542,246.149994,1385.0,942.299988,9077.650391,65.87
589.224976,24272692,241.199997,1365.050049,927.900024,9025.0,66.21
593.849976,21830638,242.449997,1360.0,936.0,9064.849609,66.53
577.25,8526216,240.600006,1378.0,970.049988,9064.650391,66.41
580.174988,11594178,237.199997,1362.900024,970.5,8934.599609,66.92
588.224976,11302084,233.199997,1347.199951,975.349976,8946.450195,66.805
592.599976,7663370,242.600006,1377.75,996.299988,8783.349609,66.62
599.75,5511678,246.399994,1400.900024,963.299988,8814.950195,66.46
598.525024,10295042,241.0,1403.150024,972.700012,8744.5,66.69
591.275024,5332230,241.899994,1377.75,961.599976,8755.950195,66.67
586.549988,6023368,241.949997,1368.699951,953.950012,8678.200195,66.82
591.5,4638960,246.5,1389.150024,971.0,8743.700195,67.14
582.775024,5718556,250.050003,1364.900024,967.099976,8775.200195,67.13
585.349976,3783504,248.0,1375.650024,976.700012,8718.349609,67.35
584.0,3182862,247.949997,1362.199951,981.150024,8704.950195,67.245
590.375,3311706,250.350006,1387.400024,989.25,8750.299805,67.36
594.650024,4432094,253.600006,1381.75,986.599976,8707.0,67.56
597.275024,5611974,248.0,1374.199951,978.950012,8726.599609,68.08
594.974976,6205004,243.100006,1362.349976,956.150024,8695.599609,67.775
591.450012,9519598,242.699997,1355.949951,945.349976,8697.5,67.765
591.599976,7139660,238.850006,1315.550049,933.849976,8510.950195,67.99
589.75,8475320,244.449997,1313.25,931.349976,8428.5,68.115
596.924988,5636804,253.899994,1320.150024,926.75,8560.650391,68.02
592.450012,9538442,263.200012,1326.900024,912.25,8497.400391,68.37
610.5,9740570,268.5,1338.050049,915.849976,8410.75,68.34
614.150024,8901438,266.950012,1342.0,920.799988,8548.150391,67.73
607.200012,5739794,272.049988,1376.449951,920.400024,8709.299805,67.4
608.349976,3388934,264.299988,1380.599976,917.450012,8714.900391,67.84
605.849976,6323066,267.149994,1365.650024,916.099976,8588.200195,67.44
615.900024,19720340,269.549988,1370.400024,921.349976,8537.200195,67.43
610.400024,4998356,266.700012,1372.400024,930.549988,8808.849609,66.995
619.700012,4270156,263.0,1357.849976,940.849976,8749.849609,67.07
610.424988,4710862,263.549988,1333.75,947.650024,8810.400391,67.1
618.724976,4038184,270.149994,1350.550049,954.400024,8842.349609,66.84
626.224976,6676226,269.649994,1355.150024,971.349976,8911.25,67.42
630.025024,6459878,273.0,1343.949951,984.349976,8932.450195,67.53
631.200012,5171290,274.0,1343.25,982.650024,9022.650391,67.47
629.25,7839820,282.850006,1366.400024,997.150024,9016.75,67.48
637.400024,5766928,287.700012,1358.75,1002.5,8967.349609,67.645
619.849976,7598848,282.600006,1343.0,1007.950012,8958.0,67.69
640.625,19957760,277.450012,1329.900024,1014.200012,8951.599609,68.06
633.700012,8214846,276.850006,1323.199951,1015.549988,8973.450195,68.04
620.799988,7545700,272.600006,1310.400024,996.049988,8862.599609,68.31
621.575012,5371802,273.299988,1306.75,1019.25,8948.299805,68.06
623.275024,5798790,268.649994,1289.800049,1031.949951,8863.049805,67.945
623.924988,4343118,273.049988,1299.849976,1012.5,8874.900391,67.87
636.224976,7731178,268.450012,1268.150024,1004.450012,8793.0,68.115
638.924988,4483504,267.399994,1270.050049,978.950012,8931.349609,68.37
635.0,6952142,261.700012,1232.75,965.849976,8898.299805,68.64
644.799988,10996818,257.0,1234.949951,944.950012,8771.299805,68.84
653.599976,9966600,259.350006,1275.099976,972.450012,8825.599609,68.46
667.349976,4830144,258.850006,1255.949951,960.599976,8821.049805,68.72
676.875,8127452,257.5,1251.5,971.299988,8975.150391,68.55
672.599976,5025722,257.450012,1259.5,990.099976,9220.799805,68.69
642.0,17019902,256.450012,1254.449951,964.5,9347.049805,68.88
642.125,11215356,257.200012,1266.300049,977.549988,9317.5,68.805
649.424988,6644998,261.549988,1288.0,997.099976,9374.900391,68.66
650.700012,5974488,263.75,1284.599976,1025.699951,9531.0,68.755
660.224976,11899832,259.100006,1274.75,1038.800049,9384.700195,68.73
647.174988,13272240,262.75,1299.75,1082.349976,9347.0,68.52
658.700012,19496158,257.75,1298.400024,1099.800049,9431.049805,68.5
666.424988,35344680,251.600006,1283.099976,1076.199951,9385.299805,68.55
663.950012,11161690,259.049988,1286.849976,1092.349976,9445.400391,68.43
661.275024,6919016,259.549988,1292.150024,1092.550049,9366.799805,68.625
658.349976,5118864,260.200012,1258.099976,1104.849976,9389.099609,69.02
674.049988,11705738,261.5,1270.349976,1128.650024,9398.950195,68.74
677.974976,7675702,266.350006,1279.150024,1120.300049,9701.0,68.845
688.575012,6172246,266.850006,1324.0,1110.949951,9832.450195,68.948
691.875,6936922,271.850006,1320.699951,1115.150024,9758.950195,68.73
686.625,7362218,287.700012,1305.949951,1110.650024,9396.25,68.66
686.724976,6493232,286.75,1311.449951,1129.849976,9310.400391,68.605
675.5,6409970,297.399994,1295.349976,1151.400024,9381.900391,68.605
682.549988,7943996,293.5,1302.300049,1186.0,9520.549805,68.46
677.025024,4675706,295.100006,1298.0,1192.349976,9341.599609,68.35
676.825012,5940742,293.899994,1282.400024,1168.349976,9142.400391,68.625
682.049988,3970390,299.25,1290.0,1176.949951,9187.0,68.545
680.325012,6178930,308.5,1290.449951,1192.599976,9286.400391,68.83
683.974976,7351528,304.049988,1295.300049,1184.199951,9411.5,68.63
681.375,3992358,308.700012,1298.25,1217.699951,9207.400391,68.66
689.974976,6409524,317.399994,1284.699951,1217.949951,9146.049805,68.76
692.724976,4779520,304.450012,1264.650024,1204.199951,9148.25,68.89
704.375,9979746,294.149994,1269.050049,1187.699951,9080.849609,70.02
704.150024,6151320,294.899994,1253.25,1210.599976,9132.599609,69.96
714.775024,6626774,292.700012,1231.650024,1200.800049,9200.549805,70.09
715.174988,6390408,302.100006,1240.150024,1203.75,9152.099609,70.1
692.125,16101876,307.649994,1323.699951,1234.900024,9074.349609,69.82
691.974976,8361482,307.0,1322.550049,1247.199951,9113.299805,69.86
698.700012,7717182,302.450012,1352.050049,1269.449951,9223.299805,70.105
689.150024,7053000,300.450012,1342.900024,1277.5,9163.799805,69.97
707.700012,7012950,308.0,1356.099976,1291.5,9245.25,70.165
712.349976,6496890,305.350006,1355.599976,1319.0,9427.950195,70.1
705.049988,5646496,309.700012,1351.550049,1294.199951,9368.099609,70.535
708.099976,11507962,308.600006,1346.550049,1274.449951,9205.799805,70.745
720.549988,10875864,309.600006,1369.550049,1241.650024,9096.400391,71.005
717.125,10976328,306.350006,1363.0,1229.150024,8902.150391,71.215
737.150024,15370124,296.399994,1359.300049,1241.949951,8868.5,71.585
729.900024,8658978,296.549988,1348.0,1227.0,8896.099609,71.755
727.150024,5598659,296.450012,1347.099976,1261.400024,8759.849609,71.95
732.799988,6510605,291.649994,1347.5,1278.599976,8719.200195,71.79
730.849976,5629871,284.850006,1336.800049,1255.849976,8639.400391,72.455
734.299988,6963561,282.600006,1329.650024,1237.699951,8517.049805,72.64
742.900024,4636617,285.299988,1352.25,1252.5,8493.950195,72.16
733.700012,7896514,290.649994,1358.849976,1253.150024,8626.700195,71.88
725.950012,5427054,285.299988,1344.75,1225.900024,8537.799805,72.54
719.099976,7729732,273.799988,1327.900024,1217.150024,8399.150391,72.71
719.75,4849498,271.5,1332.900024,1210.75,8210.349609,72.36
705.299988,14350769,270.600006,1329.699951,1217.5,8040.149902,72.24
718.25,8637881,264.350006,1318.349976,1232.050049,7793.049805,72.67
726.200012,9602273,270.899994,1319.050049,1230.599976,7999.450195,72.685
717.849976,6599606,263.850006,1332.650024,1251.400024,7842.549805,72.6
724.799988,14592616,265.350006,1309.900024,1253.75,7553.049805,72.57
730.049988,7490031,265.5,1272.099976,1257.949951,7347.950195,72.51
746.650024,8252398,273.850006,1248.099976,1231.699951,7463.950195,72.925
728.5,7792464,271.700012,1245.449951,1205.099976,7246.0,73.345
707.200012,6173037,271.350006,1257.900024,1122.25,7198.75,73.63
724.599976,8543578,258.350006,1227.400024,1048.849976,6904.350098,73.77
714.450012,7259306,265.75,1215.349976,1109.400024,6889.75,74.065
717.75,6777212,262.950012,1221.050049,1090.050049,6699.450195,74.34
700.450012,8866251,278.649994,1250.650024,1102.099976,6985.850098,74.25
673.349976,10985897,262.149994,1225.849976,1087.800049,6875.5,74.05
678.799988,8909221,263.75,1235.25,1126.550049,7287.200195,73.61
698.799988,6222176,263.200012,1216.400024,1139.75,7182.0,73.77
695.25,11588963,270.299988,1224.650024,1163.800049,7150.899902,73.465
705.349976,20360697,261.149994,1211.900024,1151.300049,6885.600098,73.6
683.549988,10421001,261.100006,1206.050049,1101.300049,6756.450195,73.375
679.950012,6672840,260.350006,1206.599976,1062.650024,6812.200195,73.56
657.599976,9041701,255.649994,1200.699951,1054.699951,6771.299805,73.55
649.799988,7058164,255.699997,1218.900024,1045.75,6768.299805,73.23
648.75,8270469,249.550003,1201.550049,1030.800049,6723.200195,73.23
633.599976,5464141,248.100006,1197.449951,1044.900024,6717.299805,73.46
644.75,7137446,267.899994,1261.300049,1087.800049,6798.700195,73.4
659.599976,8793411,273.149994,1271.25,1057.0,6697.0,73.68
686.400024,11947995,281.399994,1297.5,1061.25,6616.399902,73.96
666.700012,5860244,285.899994,1326.75,1056.25,6711.75,73.455
662.25,6654067,285.350006,1358.199951,1074.900024,7135.450195,72.44
666.0,5799426,294.950012,1350.150024,1090.300049,7177.25,73.08
666.450012,6975525,286.450012,1363.849976,1104.099976,7075.0,72.955
675.5,758956,286.549988,1365.949951,1110.699951,7127.899902,72.45
659.5,9694143,283.25,1368.599976,1093.449951,7283.5,72.48
664.200012,7118080,277.950012,1367.199951,1080.0,7087.799805,72.86
665.700012,4137801,278.049988,1391.099976,1099.449951,7150.450195,72.615
653.200012,7323026,283.600006,1384.699951,1097.949951,7369.049805,72.31
656.400024,5513390,285.399994,1398.5,1096.849976,7478.299805,71.915
650.849976,8583785,290.899994,1399.050049,1127.400024,7341.200195,71.98
651.700012,6018930,288.149994,1417.199951,1150.0,7411.649902,71.61
641.400024,5384830,283.450012,1413.099976,1137.400024,7333.950195,71.43
619.099976,14359086,287.049988,1402.099976,1112.900024,7424.5,71.305
620.75,6632975,282.700012,1410.150024,1102.849976,7411.100098,70.69
621.450012,15075209,286.399994,1422.0,1109.75,7554.700195,70.82
638.900024,12285851,289.399994,1431.599976,1128.199951,7647.600098,70.785
666.400024,17719890,284.549988,1403.400024,1152.650024,7574.200195,70.64
661.049988,13399070,286.399994,1422.449951,1168.5,7546.75,69.78
667.450012,10445773,284.649994,1432.5,1167.550049,7661.600098,69.65
670.349976,8260890,286.799988,1427.5,1156.449951,7779.950195,70.44
685.25,7827923,282.549988,1419.900024,1152.300049,7721.649902,70.53
681.400024,5177288,280.149994,1394.800049,1155.150024,7554.049805,70.56
668.5,8039771,275.649994,1379.5,1123.650024,7209.700195,70.85
682.799988,5553948,275.399994,1399.900024,1133.800049,7313.950195,70.86
669.200012,5121196,274.200012,1367.75,1090.25,7350.5,72.52
674.5,7120933,281.25,1361.400024,1097.550049,7305.350098,72.29
678.5,6926183,285.25,1400.300049,1110.5,7471.850098,71.84
697.75,7521474,289.0,1426.449951,1107.050049,7670.5,71.53
706.049988,9560576,289.200012,1411.400024,1112.199951,7662.149902,71.92
694.400024,4778465,289.5,1408.0,1129.900024,7734.049805,71.61
676.599976,8021298,292.75,1428.5,1136.400024,7772.350098,70.62
664.849976,8295459,300.700012,1434.75,1136.800049,7936.0,70.278
667.049988,11705260,294.049988,1450.800049,1128.449951,7807.049805,69.98
646.200012,12802132,291.899994,1420.0,1100.199951,7536.299805,70.14
649.0,8379825,293.049988,1404.800049,1089.150024,7529.149902,70.105
644.049988,6178552,294.149994,1422.650024,1098.349976,7569.100098,70.07
656.799988,15333902,292.149994,1425.050049,1120.199951,7499.950195,70.361
656.950012,4736598,294.799988,1439.400024,1125.550049,7505.549805,69.933
658.950012,3373319,295.899994,1437.550049,1121.25,7465.5,69.57
665.049988,2943390,299.600006,1441.900024,1121.0,7476.799805,69.453
669.049988,7416655,293.899994,1425.5,1106.400024,7267.850098,70.0
669.150024,6827249,291.100006,1395.0,1092.75,7203.950195,70.11
661.049988,7889310,297.649994,1388.050049,1098.650024,7234.5,69.55
671.700012,8046340,296.299988,1383.800049,1104.75,7362.049805,69.803
670.049988,8621545,305.299988,1382.199951,1104.650024,7439.5,70.14
676.099976,18130292,305.299988,1386.050049,1110.75,7492.899902,70.56
679.700012,9572493,305.549988,1392.599976,1107.5,7391.600098,70.42
683.5,12281903,302.75,1369.599976,1098.050049,7320.5,70.398
701.900024,19312937,300.399994,1333.900024,1096.800049,7408.700195,70.76
726.599976,19671304,301.649994,1340.900024,1129.650024,7355.149902,71.1
736.799988,9658944,303.149994,1342.150024,1135.900024,7310.25,70.98
733.349976,6903771,297.399994,1346.050049,1134.449951,7336.25,71.05
730.950012,5902151,294.950012,1317.900024,1184.349976,7357.950195,71.21
745.0,8129422,292.450012,1314.550049,1237.699951,7208.399902,71.188
745.349976,6723375,290.25,1301.150024,1235.150024,7068.850098,71.26
731.650024,7212099,286.649994,1301.449951,1226.300049,7045.399902,71.19
732.0,7429783,288.049988,1295.349976,1247.449951,7040.600098,71.0
730.349976,5543112,285.399994,1285.449951,1246.0,6513.399902,70.9
727.950012,7944693,281.600006,1300.449951,1229.550049,6511.049805,71.07
727.900024,6760819,280.600006,1278.050049,1210.650024,6526.950195,71.39
725.900024,5763026,287.450012,1294.449951,1195.699951,6548.25,71.235
749.549988,13825233,293.649994,1314.300049,1227.150024,6641.149902,70.96
757.049988,6276585,284.399994,1324.599976,1249.949951,6962.299805,71.435
755.900024,3945391,283.950012,1307.400024,1290.900024,6988.200195,71.71
754.849976,4694365,284.649994,1304.599976,1291.550049,7093.600098,71.53
763.299988,5880482,289.049988,1314.400024,1310.25,7183.399902,71.55
764.0,3961797,287.399994,1296.050049,1290.400024,7302.549805,71.3
760.900024,5915169,286.0,1261.75,1277.699951,7134.25,71.175
762.799988,5500216,280.5,1246.5,1253.25,7177.899902,71.14
750.450012,7310690,275.399994,1246.849976,1256.400024,7162.5,70.535
740.049988,4610535,267.100006,1227.599976,1224.199951,7017.5,71.02
741.950012,5586389,262.950012,1243.099976,1244.449951,6930.049805,71.33
741.049988,5346825,259.950012,1244.5,1220.099976,6842.700195,71.386
724.299988,9401334,262.899994,1258.300049,1216.099976,6804.549805,71.3
740.700012,5210675,267.700012,1276.550049,1234.349976,6849.899902,71.01
733.450012,7202786,268.0,1284.099976,1246.900024,6801.549805,71.165
734.950012,3750833,270.950012,1280.349976,1232.349976,6912.399902,71.035
754.900024,6547552,270.149994,1275.849976,1232.300049,6924.899902,70.835
742.5,8319610,266.350006,1265.849976,1220.25,6904.299805,70.96
735.25,5936354,267.649994,1284.699951,1223.5,6968.5,71.2
734.299988,8559921,269.049988,1292.949951,1231.050049,6829.700195,70.84
741.900024,3998826,272.950012,1308.550049,1226.050049,6935.149902,71.0
732.5,4826505,276.450012,1305.800049,1237.650024,7117.75,70.49
732.5,6076668,278.100006,1317.0,1264.800049,7056.899902,70.08
722.950012,5951551,281.75,1352.400024,1270.25,7029.049805,70.116
712.349976,7193994,281.200012,1339.400024,1267.099976,6967.700195,70.011
711.25,9932198,287.350006,1346.550049,1304.099976,7081.899902,69.85
706.950012,11997387,286.899994,1388.900024,1331.349976,7157.200195,69.625
708.450012,11348867,293.149994,1378.599976,1347.300049,7091.049805,69.529
708.349976,6415187,291.899994,1379.75,1341.550049,7086.299805,69.365
718.549988,14638664,298.399994,1396.5,1321.650024,7084.0,68.963
710.200012,8065544,298.950012,1378.900024,1350.050049,6909.100098,68.625
722.25,8917337,303.049988,1357.949951,1376.550049,6825.200195,69.015
738.950012,13471173,303.799988,1370.900024,1375.449951,6673.549805,68.79
743.099976,8883260,298.049988,1394.699951,1341.75,6552.700195,69.17
734.799988,6373712,294.0,1376.75,1324.449951,6522.600098,68.89
734.799988,6373712,303.5,1372.800049,1367.25,6585.700195,68.996
737.799988,9277241,308.799988,1366.449951,1349.25,6518.0,69.1
737.799988,9277241,319.0,1386.699951,1360.0,6596.25,69.19
755.099976,6584982,322.75,1412.199951,1391.849976,6840.700195,69.205
759.400024,7283600,329.0,1409.75,1389.699951,6889.700195,68.92
753.299988,6897127,320.5,1378.050049,1375.199951,7072.899902,68.45
747.900024,7688525,321.799988,1368.699951,1353.050049,7113.100098,68.98
759.299988,6276040,317.049988,1373.800049,1353.900024,7107.700195,69.17
767.25,4919911,312.799988,1373.650024,1329.25,7129.450195,69.555
760.599976,6730692,314.75,1375.199951,1334.449951,7216.549805,69.28
752.700012,7031088,310.899994,1371.550049,1331.400024,7186.350098,69.15
742.150024,6521741,313.950012,1379.199951,1336.050049,7190.0,69.02
