Close,Volume,SBIN,INFY,RELIANCE,MARUTI,USD
1001.969971,674298,314.0,493.600006,443.950012,3340.75,63.355
1023.099976,1936584,315.25,503.299988,442.774994,3359.600098,63.285
1037.329956,2176527,312.75,498.975006,437.924988,3447.800049,63.345
1002.72998,3048026,299.899994,488.549988,418.049988,3395.25,63.575
1000.330017,2063636,300.149994,490.888,427.149994,3437.75,63.28
1006.700012,1455954,304.850006,493.362,421.024994,3475.5,62.675
1000.169983,1735730,303.200012,518.612,430.149994,3468.199951,62.355
1022.799988,1535320,307.100006,528.987,425.149994,3462.899902,62.075
1013.0,1318348,305.100006,522.224976,421.575012,3468.25,61.98
1012.0,1476891,304.700012,532.161987,417.475006,3516.0,62.095
1049.130005,3419091,320.299988,533.562012,432.125,3625.800049,62.065
1061.170044,4195028,315.450012,529.575012,434.850006,3616.600098,61.87
1076.569946,2087948,313.149994,525.625,439.825012,3626.25,61.645
1086.369995,2088778,318.149994,531.049988,451.524994,3605.550049,61.655
1103.030029,3705237,326.200012,542.474976,453.375,3634.699951,61.56
1108.869995,1811174,324.649994,549.112,441.875,3597.25,61.605
1140.869995,4374212,327.450012,553.763,443.450012,3606.699951,61.44
1161.329956,3390609,330.049988,534.125,444.524994,3687.899902,61.41
1132.22998,3463524,334.600006,536.138,453.424988,3725.800049,61.358
1149.27002,3460012,327.0,536.375,464.700012,3688.800049,61.801
1133.699951,2282494,308.950012,535.474976,457.625,3647.350098,62.02
1156.72998,2125707,307.5,534.213013,454.024994,3669.449951,61.719
1148.329956,2930722,300.299988,530.224976,468.799988,3607.850098,61.596
1125.599976,1846012,293.049988,535.713013,464.399994,3557.550049,61.842
1121.599976,2015948,290.799988,548.450012,461.850006,3522.699951,61.709
1122.369995,2210620,290.299988,557.625,454.950012,3502.600098,61.97
1048.300049,5339823,279.5,562.224976,448.350006,3411.300049,62.149
1047.800049,10472048,287.299988,569.575012,441.0,3393.850098,62.327
1075.130005,4675647,285.950012,571.213013,450.350006,3454.75,62.382
1100.030029,3162284,284.299988,577.799988,454.575012,3551.899902,62.15
1108.099976,2363568,306.950012,574.025024,458.75,3616.949951,62.076
1098.969971,1676532,306.700012,569.687988,451.399994,3572.100098,62.105
1108.900024,2187792,305.700012,574.125,450.825012,3564.949951,62.057
1132.369995,2808872,302.350006,581.174988,451.024994,3595.149902,62.138
1118.400024,5372566,302.299988,570.775024,436.549988,3547.350098,62.109
1124.670044,3558914,296.549988,566.400024,425.725006,3545.899902,62.163
1147.400024,3186507,296.25,568.200012,420.725006,3588.300049,62.17
1131.930054,2760176,295.549988,579.400024,421.575012,3579.899902,61.862
1118.699951,2867676,289.399994,564.525024,421.0,3496.850098,61.731
1172.630005,6404554,299.899994,566.437988,427.774994,3604.399902,61.659
1172.630005,6404554,299.899994,566.437988,427.774994,3604.399902,
1230.72998,7276994,302.0,572.924988,432.125,3711.449951,61.862
1234.430054,3566704,302.600006,574.463013,450.399994,3708.649902,61.819
1225.27002,4956996,293.850006,568.661987,443.924988,3678.399902,62.309
1217.369995,2831550,293.799988,561.900024,442.475006,3678.75,62.381
1174.869995,2366516,290.649994,547.513,434.825012,3671.300049,62.634
1168.300049,2668430,287.600006,549.5,429.575012,3646.75,62.72
1159.800049,2817524,285.149994,545.549988,427.975006,3656.449951,62.781
1164.930054,2488366,286.850006,554.575012,431.899994,3685.199951,62.542
1128.099976,3480124,280.75,555.099976,425.049988,3650.699951,63.083
1119.869995,1994878,281.649994,566.661987,421.049988,3647.050049,62.78
1143.77002,2178092,283.100006,560.125,428.424988,3661.550049,62.623
1132.699951,1931079,287.299988,557.375,434.325012,3664.899902,62.701
1121.599976,3146062,281.600006,557.612,428.075012,3655.0,62.49
1113.569946,2528511,278.25,564.362,427.049988,3623.850098,62.41
1115.22998,1682382,274.75,558.362,420.975006,3594.399902,62.23
1114.77002,2093748,270.549988,552.862,423.975006,3587.300049,62.348
1088.5,2524262,265.399994,554.775024,422.450012,3614.75,62.412
1089.630005,5232288,256.649994,536.588013,414.649994,3561.449951,62.836
1118.5,4774842,263.600006,550.536987,405.850006,3610.050049,62.523
1152.5,3359008,267.899994,557.0,405.375,3660.949951,62.51
1146.430054,2813583,267.049988,554.588013,413.0,3697.350098,62.291
1156.170044,1500330,273.450012,543.487,418.024994,3644.699951,62.142
1171.930054,2732079,274.649994,544.549988,412.325012,3628.949951,62.207
1179.800049,2142483,272.049988,539.875,416.424988,3599.899902,62.296
1186.300049,2066943,273.899994,550.138,432.950012,3628.699951,62.192
1180.530029,1702880,280.850006,553.75,447.549988,3659.199951,62.306
1176.0,1415592,285.75,558.487,452.174988,3666.600098,62.276
1202.329956,2358314,286.299988,559.700012,461.25,3665.199951,62.407
1191.77002,2280494,290.0,553.424988,461.825012,3680.25,62.36
1169.530029,2251882,292.399994,548.661987,464.174988,3677.899902,62.317
1159.829956,1497998,291.75,544.812012,463.424988,3646.800049,62.55
1132.300049,2375331,287.649994,533.036987,442.825012,3608.050049,63.137
1125.829956,2067291,289.200012,535.650024,438.225006,3490.149902,62.854
1163.72998,2776149,283.850006,534.424988,439.875,3462.949951,62.98
1149.400024,2547232,277.649994,530.5,438.524994,3494.449951,63.277
1119.069946,2187252,275.549988,498.799988,439.450012,3541.399902,63.662
1111.800049,2775021,267.049988,496.162994,437.649994,3648.399902,63.346
1110.300049,3310886,272.5,490.225006,432.600006,3822.600098,63.053
1103.5,2125136,271.899994,490.287994,425.0,3766.199951,63.46
1087.530029,3737528,269.75,485.562012,431.174988,3725.850098,63.529
1086.199951,2455548,277.149994,498.274994,445.475006,3757.75,63.516
1094.930054,2135422,272.049988,490.687988,446.075012,3793.050049,63.369
1043.099976,4843736,265.399994,480.513,440.125,3634.550049,63.621
1045.930054,3978020,260.950012,486.0,435.375,3543.600098,64.073
1067.5,3842286,261.950012,489.487,444.850006,3610.550049,63.711
1076.869995,3087800,276.049988,498.412994,447.975006,3651.699951,64.007
1039.599976,3287786,267.399994,486.774994,434.350006,3577.449951,64.147
1059.800049,2439560,274.299988,489.174988,442.549988,3604.100098,64.013
1051.22998,1777146,280.950012,483.700012,439.100006,3646.5,63.383
1061.300049,2762061,287.450012,490.437988,436.975006,3671.199951,63.44
1074.900024,1792155,289.75,498.263,445.774994,3697.600098,63.708
1080.469971,2281797,288.450012,505.587006,447.774994,3706.75,63.763
1075.030029,1442643,292.600006,511.825012,454.424988,3711.899902,63.598
1092.199951,2451279,290.25,512.112,448.375,3698.100098,63.58
1102.300049,2647665,282.450012,511.612,451.924988,3702.550049,63.49
1086.829956,1397434,277.649994,504.200012,447.25,3692.75,63.496
1078.930054,2059530,277.149994,501.825012,442.299988,3726.449951,63.972
1090.27002,1575588,280.75,492.125,442.649994,3721.899902,63.826
1084.5,2633246,277.600006,504.149994,437.899994,3708.899902,63.763
1102.969971,4191568,278.149994,505.787994,438.5,3785.699951,63.743
1137.030029,5386808,278.200012,511.950012,451.125,3882.850098,63.594
1115.699951,4373604,266.25,502.162994,449.325012,3831.399902,63.689
1102.430054,3209997,257.399994,505.225006,448.174988,3777.199951,63.997
1108.300049,1967170,257.600006,507.013,456.350006,3772.050049,63.964
1122.400024,2404830,257.799988,502.912994,453.875,3759.449951,63.77
1119.170044,2129532,254.949997,500.013,442.725006,3723.5,63.947
1111.27002,1416730,257.600006,498.024994,441.850006,3692.300049,64.01
1137.369995,2389308,260.600006,506.625,452.899994,3742.550049,63.766
1117.430054,2981295,254.0,499.412994,438.575012,3701.399902,63.959
1104.969971,1835109,253.949997,493.763,444.924988,3736.800049,64.1
1112.27002,1700772,250.25,495.225006,450.875,3767.399902,64.085
1118.27002,2043630,254.600006,499.674988,451.975006,3789.600098,64.166
1140.569946,3984108,255.100006,497.850006,465.600006,3808.75,64.011
1144.77002,2842160,258.100006,500.975006,489.475006,3861.100098,63.577
1144.069946,2126232,260.149994,497.674988,498.325012,3937.350098,63.5
1155.0,1613481,266.0,511.924988,495.850006,3980.649902,63.523
1177.699951,2350728,267.75,500.200012,497.5,4017.149902,63.607
1168.829956,1816593,262.350006,497.549988,495.450012,4009.300049,63.526
1206.5,4201746,264.799988,495.225006,502.274994,4031.5,63.518
1187.130005,1818054,265.200012,502.625,500.350006,4069.949951,63.452
1193.699951,3110302,259.649994,495.075012,495.424988,3993.300049,63.707
1188.530029,3076677,262.75,492.174988,500.049988,4023.350098,63.604
1207.800049,2471292,267.75,498.700012,502.825012,4031.699951,63.55
1200.22998,1335758,267.850006,494.0,505.424988,3993.399902,63.299
1204.869995,1830951,269.399994,495.149994,503.600006,3998.899902,63.411
1210.699951,2029512,270.799988,491.649994,507.774994,3987.949951,63.264
1207.569946,1728982,272.899994,490.25,501.625,3972.149902,63.476
1204.300049,2385891,267.350006,478.75,498.299988,3949.0,63.459
1232.599976,2888308,267.75,469.0,493.700012,3935.649902,63.318
1250.930054,2696910,270.549988,468.75,500.899994,3934.399902,63.358
1238.469971,2160398,273.700012,475.075012,503.5,4035.25,63.45
1238.369995,1669578,268.200012,485.625,498.899994,4050.649902,63.281
1246.27002,1757511,268.049988,492.0,505.575012,4152.149902,63.507
1245.369995,2124406,272.200012,494.524994,511.850006,4178.149902,63.463
1247.72998,2513529,271.100006,500.924988,510.850006,4193.0,63.492
1244.869995,1654725,267.450012,500.625,512.375,4176.049805,63.6
1229.969971,1305582,264.299988,556.325012,503.899994,4152.850098,63.583
1236.300049,1643224,268.549988,551.575012,525.200012,4191.149902,63.571
1220.699951,2011395,270.049988,549.0,522.650024,4234.049805,63.921
1201.569946,1986279,263.25,543.799988,512.525024,4234.200195,64.106
1162.22998,3556780,258.450012,532.650024,502.674988,4178.100098,64.202
1172.630005,1856446,259.200012,531.424988,505.125,4196.950195,63.799
1193.530029,1687712,253.600006,542.700012,498.0,4273.700195,63.821
1182.5,2621204,256.799988,535.0,500.075012,4296.450195,64.138
1194.170044,2882673,270.049988,538.525024,500.924988,4331.450195,63.988
1186.27002,4953312,281.049988,539.474976,501.225006,4427.049805,64.177
1183.170044,2105218,288.600006,528.625,494.0,4438.799805,63.798
1186.400024,1552152,285.399994,543.174988,493.875,4471.649902,63.692
1220.5,2809791,289.049988,543.474976,489.475006,4452.100098,63.722
1222.300049,2368350,281.299988,547.799988,492.174988,4452.950195,63.739
1213.829956,2166975,282.75,543.0,484.450012,4497.149902,63.773
1200.77002,1658853,268.799988,554.575012,483.0,4504.299805,64.332
1175.0,2478813,256.350006,572.200012,471.450012,4504.299805,64.855
1173.430054,3626170,259.299988,579.0,466.674988,4492.850098,65.203
1199.670044,1955958,268.5,574.625,483.475006,4572.5,65.129
1186.900024,1508726,279.75,571.075012,475.350006,4549.799805,65.436
1200.099976,2073873,284.799988,582.174988,472.049988,4634.0,65.454
1209.800049,1626092,278.0,587.775024,477.299988,4671.850098,65.109
1187.900024,2032938,270.549988,567.275024,458.149994,4634.149902,65.433
1160.0,3087904,267.5,574.950012,453.975006,4567.350098,66.034
1087.699951,4809892,245.399994,546.025024,414.774994,4241.799805,66.814
1083.099976,5436566,253.350006,542.825012,424.075012,4199.0,66.28
1061.469971,3418868,245.699997,532.299988,426.700012,4207.049805,66.004
1080.030029,6486766,249.449997,541.400024,434.575012,4203.75,65.968
1077.630005,3557331,248.949997,555.525024,436.200012,4205.850098,66.15
1068.599976,2546174,247.350006,547.200012,427.950012,4167.200195,66.412
1038.599976,4791088,239.100006,544.5,419.924988,4061.449951,66.383
1018.429993,4657150,230.550003,549.724976,424.774994,4030.0,66.202
1045.869995,3510200,232.25,549.674988,426.924988,4143.25,66.1
1022.570007,3262708,225.149994,536.974976,417.950012,4063.300049,66.685
1006.330017,1831632,221.100006,529.375,416.600006,4069.600098,66.886
1043.0,2772254,228.350006,529.400024,424.299988,4139.299805,66.294
1061.670044,3469864,231.649994,544.349976,437.024994,4305.149902,66.619
1076.900024,2940453,227.449997,540.224976,433.5,4301.450195,66.299
1068.630005,2370705,230.100006,545.375,430.475006,4317.75,66.241
1070.630005,1564112,235.25,549.875,431.924988,4319.5,66.261
1038.77002,4171896,232.899994,549.599976,433.5,4325.0,66.447
1032.469971,3774322,236.800003,550.825012,436.274994,4355.600098,66.219
1027.069946,3023722,242.0,552.224976,447.700012,4400.850098,65.868
1033.5,2421045,245.25,552.325012,439.049988,4490.25,65.691
989.96698,4925386,237.949997,553.724976,423.950012,4473.049805,65.91
996.867004,4148463,239.850006,558.125,425.174988,4497.649902,66.184
974.96698,3337754,239.050003,570.275024,418.674988,4566.649902,66.11
953.367004,3741878,239.449997,552.775024,417.125,4536.25,66.267
964.166992,4576866,241.899994,560.924988,420.375,4682.299805,65.837
977.5,3287628,237.149994,580.974976,431.149994,4685.600098,65.517
993.400024,2706872,235.149994,586.525024,432.350006,4580.350098,65.631
1033.77002,3955770,240.0,590.875,444.0,4414.049805,65.134
1036.569946,3646412,240.100006,577.299988,449.024994,4354.0,65.129
1029.829956,1399029,243.550003,566.599976,456.899994,4364.5,64.907
1022.469971,1634403,243.300003,566.075012,444.549988,4353.75,64.819
1030.930054,2046471,243.449997,583.700012,443.674988,4276.350098,64.78
1036.0,1188326,244.550003,561.450012,445.875,4231.850098,64.795
1030.530029,1813896,243.800003,549.700012,446.799988,4273.850098,65.098
1026.900024,1693611,244.25,548.799988,451.475006,4249.75,64.736
1040.329956,1884302,248.949997,548.674988,451.850006,4377.399902,64.779
1069.969971,2580712,256.799988,547.450012,457.399994,4447.0,64.703
1053.869995,1893249,254.5,555.974976,481.75,4458.950195,64.919
1049.030029,2194296,254.850006,562.974976,478.350006,4508.75,65.024
1033.630005,2086108,249.800003,569.200012,477.5,4474.700195,65.146
1006.869995,4297068,253.399994,574.950012,477.825012,4380.899902,64.892
1005.630005,2636010,251.25,576.075012,471.424988,4385.149902,64.921
996.5,3801230,248.800003,574.700012,469.774994,4497.0,65.112
995.166992,2522211,242.050003,576.599976,468.475006,4495.200195,64.954
980.5,2901602,236.949997,572.525024,470.5,4439.549805,65.449
940.5,11414433,237.050003,567.724976,473.850006,4449.0,65.423
925.767029,7422958,236.899994,565.599976,479.899994,4495.75,65.561
915.53302,5215916,235.949997,572.75,483.600006,4482.549805,65.569
912.067017,3886504,239.0,568.400024,475.649994,4520.549805,65.609
912.632996,3723428,233.899994,561.450012,468.299988,4526.600098,65.86
918.166992,2817822,243.0,569.150024,476.200012,4522.799805,66.14
906.03302,3894880,246.100006,567.299988,480.625,4628.200195,66.475
898.932983,3552916,241.199997,551.924988,461.375,4712.700195,66.2
887.46698,2728916,240.25,550.400024,466.524994,4619.799805,66.059
904.767029,3453009,248.300003,540.099976,467.149994,4646.899902,65.886
901.166992,2795228,247.850006,530.75,463.875,4632.25,65.981
896.299988,2537498,241.0,510.0,456.0,4533.25,66.033
905.96698,1806705,243.899994,523.900024,467.375,4650.350098,66.09
911.232971,2543666,242.949997,526.200012,473.424988,4737.899902,66.058
912.599976,2178064,242.699997,526.849976,476.875,4736.25,66.395
894.367004,2611854,241.399994,520.575012,483.850006,4639.899902,66.262
888.432983,4076958,242.5,526.200012,494.325012,4606.549805,66.565
910.0,3462969,249.699997,533.174988,489.524994,4580.049805,66.907
916.400024,3613390,248.649994,543.950012,483.549988,4555.0,66.462
909.900024,1377124,250.199997,539.5,482.950012,4556.200195,66.434
902.666992,1781222,244.600006,530.349976,488.975006,4618.799805,66.591
898.567017,1776231,241.100006,528.875,488.600006,4627.049805,66.79
893.232971,2201156,241.100006,524.525024,482.725006,4600.350098,66.643
894.099976,1649014,238.649994,523.125,476.024994,4564.200195,66.773
881.400024,2217838,235.949997,522.200012,470.450012,4542.549805,66.857
867.132996,3327682,234.399994,514.099976,457.950012,4479.100098,66.855
873.96698,2893311,231.949997,523.674988,475.174988,4498.100098,66.756
857.166992,4114018,227.300003,526.400024,476.475006,4480.75,67.148
849.599976,4010256,225.949997,534.75,477.549988,4576.799805,67.093
855.46698,3333246,226.399994,538.775024,487.950012,4620.0,66.863
853.932983,3351052,227.300003,547.924988,489.325012,4619.399902,66.476
864.132996,3764286,230.899994,553.549988,504.850006,4666.75,66.421
858.267029,3934995,226.5,541.575012,495.950012,4620.450195,66.255
860.200012,1760169,230.449997,551.724976,496.049988,4639.100098,66.251
853.46698,2622500,228.350006,541.875,493.649994,4617.200195,66.244
860.666992,2420180,229.649994,550.424988,501.899994,4634.950195,66.037
863.0,2227448,228.300003,548.174988,500.274994,4598.399902,65.947
863.432983,2357763,228.899994,552.375,505.200012,4640.0,66.137
859.700012,2280092,228.199997,552.349976,507.700012,4636.899902,66.235
855.666992,1811727,225.800003,543.150024,502.25,4587.200195,66.475
850.299988,2324868,224.449997,552.700012,507.299988,4621.950195,66.208
859.46698,1127733,227.800003,552.625,507.674988,4638.5,66.235
837.299988,2767263,220.699997,539.450012,497.649994,4580.649902,66.579
837.932983,2470134,217.75,537.025024,502.575012,4566.950195,66.481
824.567017,2728635,216.850006,534.674988,516.099976,4480.799805,66.698
804.267029,4689760,209.550003,525.400024,506.625,4267.899902,66.891
786.067017,5356012,208.949997,531.650024,512.875,4214.75,66.847
782.232971,4304283,204.300003,527.849976,525.799988,4272.399902,66.76
786.099976,4095195,199.399994,524.974976,522.724976,4269.0,66.946
771.166992,5619939,200.899994,541.700012,538.424988,4291.25,66.917
756.432983,5099718,196.050003,566.5,530.825012,4248.25,67.316
738.599976,3987867,184.300003,569.950012,536.650024,4273.350098,67.775
722.367004,4166632,181.0,565.950012,508.424988,4236.200195,67.661
748.632996,4372536,182.949997,569.825012,521.799988,4198.149902,67.734
744.067017,5856754,173.649994,560.625,502.274994,4058.949951,67.958
735.132996,3802062,175.600006,568.525024,492.100006,3891.699951,67.799
761.46698,3694869,184.600006,568.125,502.075012,4104.950195,67.549
742.767029,2472816,182.949997,568.825012,501.975006,4081.350098,67.755
738.53302,2618145,184.399994,569.25,499.674988,4111.950195,68.144
716.333008,5794726,185.25,564.799988,508.450012,4103.299805,68.053
734.432983,4848987,179.899994,582.450012,517.700012,4095.850098,67.878
748.03302,7053951,172.75,586.674988,515.150024,3948.25,67.835
747.932983,4505643,169.399994,587.775024,500.575012,3874.949951,67.975
739.200012,3731595,166.050003,578.849976,490.700012,3828.350098,67.934
757.132996,5956550,162.850006,589.875,486.524994,3794.649902,67.544
759.932983,4000880,168.199997,587.349976,485.450012,3723.399902,67.81
753.53302,2539246,172.149994,575.400024,480.524994,3732.550049,68.034
742.799988,2523124,167.050003,553.825012,478.75,3657.100098,67.901
747.067017,3203877,159.0,554.275024,481.325012,3678.550049,67.861
728.267029,4395021,154.25,539.325012,462.274994,3541.449951,68.471
702.432983,6160240,154.800003,542.325012,453.274994,3549.649902,68.118
766.267029,5939226,167.850006,545.875,473.375,3711.25,68.131
736.0,3548740,156.399994,539.575012,465.274994,3705.199951,68.474
748.299988,3479412,158.949997,548.924988,476.299988,3749.149902,68.329
766.432983,5457168,159.800003,561.700012,470.049988,3653.25,68.542
767.0,3036894,164.699997,563.625,472.174988,3579.149902,68.545
766.5,2054481,164.949997,563.325012,481.149994,3520.800049,68.533
753.432983,2045679,158.5,561.950012,474.825012,3487.399902,68.561
741.932983,1816150,156.300003,562.674988,476.325012,3489.699951,68.431
724.299988,2655282,151.800003,555.150024,472.049988,3414.149902,68.768
740.432983,2277972,155.899994,560.575012,475.174988,3409.199951,68.737
717.333008,5500994,158.75,542.025024,483.325012,3236.5,68.208
749.299988,3647114,162.050003,562.724976,490.649994,3494.399902,67.753
758.599976,3652203,181.149994,578.0,500.75,3612.649902,67.395
804.732971,5552958,182.75,584.650024,506.424988,3608.649902,67.122
795.46698,3438969,188.399994,585.325012,503.200012,3555.100098,66.938
791.632996,3022782,183.350006,581.724976,513.5,3462.649902,67.313
808.567017,3121142,183.399994,589.25,520.849976,3576.399902,67.128
790.767029,2932767,180.5,571.25,505.875,3627.199951,67.302
790.432983,2996378,180.100006,571.5,507.25,3641.199951,66.921
789.46698,2726301,181.75,570.599976,509.875,3648.149902,67.138
787.166992,2444158,185.300003,567.200012,510.25,3654.550049,67.372
788.799988,2704712,185.199997,576.224976,510.875,3667.350098,67.173
795.5,3872654,186.350006,580.875,508.0,3635.449951,66.619
799.53302,2566830,191.25,596.700012,513.599976,3621.399902,66.384
818.767029,3575446,196.800003,597.450012,518.650024,3669.550049,66.5
824.867004,2979816,197.5,594.974976,523.924988,3699.550049,66.755
828.367004,2438136,196.600006,603.900024,514.599976,3736.0,66.93
804.232971,3717456,188.300003,602.450012,510.200012,3638.949951,66.608
795.96698,2703178,189.5,598.625,518.125,3729.949951,66.375
818.700012,2874000,197.550003,602.974976,523.525024,3727.449951,66.375
811.132996,4945964,194.25,609.150024,522.599976,3716.300049,66.255
825.267029,2539944,195.649994,602.724976,517.224976,3723.199951,66.365
823.900024,1740162,194.699997,621.849976,517.525024,3683.25,66.106
796.767029,3151113,184.350006,609.900024,513.474976,3554.850098,66.422
807.900024,2583834,183.850006,600.349976,516.875,3573.050049,66.517
788.599976,2707580,181.949997,590.75,518.625,3471.0,66.757
794.833008,1565038,183.100006,582.875,518.174988,3430.649902,66.551
808.900024,2529934,188.25,591.950012,520.150024,3478.649902,66.287
814.932983,2837052,187.800003,591.099976,523.700012,3573.699951,66.283
823.267029,4955906,191.899994,586.349976,533.025024,3731.600098,66.496
835.333008,2644515,186.75,619.349976,532.375,3718.949951,66.416
843.96698,2522848,187.300003,621.799988,518.650024,3670.050049,66.166
834.632996,1723544,194.350006,613.150024,520.575012,3705.300049,66.489
843.400024,2008374,200.149994,605.625,519.474976,3816.050049,66.66
843.666992,2128689,197.050003,607.924988,508.450012,3727.949951,66.685
854.0,1877685,200.949997,616.075012,508.475006,3871.550049,66.404
850.96698,1557686,196.149994,620.075012,509.700012,3859.399902,66.362
839.700012,2789970,192.050003,604.575012,498.350006,3747.949951,66.401
836.400024,1689374,189.0,604.049988,491.350006,3794.649902,66.425
833.833008,1344315,186.0,600.525024,493.475006,3830.850098,66.346
834.267029,2525150,184.050003,588.900024,487.899994,3819.949951,66.558
831.200012,1644345,179.949997,594.424988,489.049988,3811.550049,66.627
849.232971,2821256,180.350006,596.224976,487.625,3836.850098,66.558
840.299988,1610382,184.350006,590.75,484.475006,3818.949951,66.6
863.03302,2788514,188.699997,599.525024,491.549988,3846.5,66.752
880.03302,3676146,189.5,606.400024,491.274994,3844.800049,66.631
885.166992,4603557,185.0,600.924988,487.700012,3890.050049,66.561
877.400024,1553274,188.5,605.0,496.399994,3854.199951,66.757
857.666992,2103742,184.850006,603.625,489.075012,3846.25,66.855
855.5,2410952,176.800003,607.5,487.975006,3881.600098,66.844
860.732971,2223566,176.850006,607.125,484.575012,3950.699951,66.825
873.232971,2603508,179.949997,604.924988,485.274994,3914.899902,67.14
844.067017,2005083,172.699997,602.875,475.600006,3926.600098,67.436
836.732971,1672558,171.350006,600.799988,467.100006,3944.949951,67.408
827.46698,2198760,168.399994,594.0,465.0,3913.850098,67.409
828.099976,1858491,169.5,593.875,470.225006,3924.199951,67.63
861.067017,3721570,175.100006,604.325012,475.600006,4060.949951,67.273
982.767029,20691908,184.149994,617.075012,473.424988,4118.0,66.927
983.267029,5885740,195.899994,623.75,487.350006,4146.600098,67.031
991.400024,3487940,198.850006,633.799988,484.350006,4071.75,67.171
982.367004,3809606,204.949997,624.325012,478.924988,4161.600098,67.209
976.700012,2486295,198.25,629.099976,476.799988,4165.350098,67.434
984.833008,3103587,200.550003,630.775024,478.125,4186.649902,67.268
973.732971,2250340,196.600006,633.450012,479.825012,4217.950195,67.0
978.799988,1901931,198.899994,633.375,477.399994,4142.0,66.79
991.932983,3348536,210.149994,628.700012,477.524994,4135.649902,66.658
1007.469971,3325263,210.699997,619.049988,477.049988,4160.100098,66.5
994.299988,1813730,209.949997,592.75,485.575012,4169.149902,66.753
991.799988,2152996,205.949997,590.299988,488.350006,4111.5,66.952
977.432983,2209358,201.800003,590.450012,490.549988,4134.75,67.187
973.700012,1689316,207.699997,587.5,488.125,4104.5,67.292
1009.200012,2960616,216.050003,594.974976,492.299988,4209.600098,67.079
996.132996,2447025,216.0,593.0,488.149994,4084.100098,67.315
986.833008,2653944,213.449997,589.75,487.450012,4114.5,67.074
1004.700012,2975367,215.899994,604.375,495.100006,4133.200195,67.551
996.53302,1195078,214.0,603.049988,493.549988,4157.399902,67.624
994.367004,1813926,212.899994,599.75,490.25,4151.350098,67.449
999.067017,2053992,217.550003,605.799988,490.225006,4168.600098,67.279
953.732971,6840802,211.25,597.275024,475.725006,4070.050049,67.885
977.833008,2560092,217.149994,583.099976,477.825012,4025.100098,67.914
982.700012,2342134,215.899994,579.575012,478.899994,4078.699951,67.715
988.799988,2000546,217.199997,588.424988,483.450012,4131.25,67.422
997.666992,3960568,218.800003,585.400024,484.575012,4187.200195,67.504
1028.430054,3497924,219.600006,586.200012,486.725006,4165.399902,67.19
1045.400024,2718052,223.0,591.974976,493.350006,4173.799805,67.265
1050.72998,2636760,223.5,587.724976,496.549988,4173.350098,67.434
1036.329956,2084571,220.050003,578.625,493.950012,4141.100098,67.495
1021.77002,1915600,218.300003,579.099976,489.200012,4161.799805,67.139
1039.869995,1815518,224.699997,587.525024,496.25,4272.049805,67.138
1045.329956,2383048,226.699997,588.275024,501.700012,4370.399902,66.975
1034.27002,2036055,227.699997,596.900024,504.375,4321.399902,67.016
1042.969971,1909636,232.0,588.125,502.450012,4428.299805,66.843
1057.22998,2428458,231.5,536.275024,506.100006,4472.049805,67.141
1049.599976,1855422,228.75,540.974976,503.125,4454.75,67.137
1048.530029,1926168,229.600006,543.474976,508.899994,4485.700195,67.204
1047.22998,1790912,231.149994,541.549988,511.5,4469.149902,67.163
1038.369995,1678212,225.649994,539.950012,503.174988,4413.700195,67.153
1049.329956,1877206,223.5,536.224976,507.424988,4414.700195,67.154
1057.27002,2209774,229.899994,540.424988,511.375,4550.549805,67.412
1061.800049,1729184,226.699997,544.349976,512.025024,4471.299805,67.321
1068.099976,2467012,229.25,542.674988,506.549988,4558.149902,67.072
1051.5,2811580,231.0,538.75,513.174988,4763.5,67.014
1039.22998,4228011,229.399994,536.924988,507.450012,4757.600098,66.655
995.799988,9155450,227.300003,542.625,504.75,4866.25,66.764
1002.22998,2410914,228.050003,541.900024,506.399994,4986.049805,66.682
985.732971,2619658,226.649994,542.450012,496.975006,4873.850098,66.767
979.432983,2254336,225.649994,535.900024,496.5,4889.649902,66.84
1008.130005,2805628,232.75,534.0,508.125,4941.649902,66.842
1004.77002,1403924,233.25,539.349976,514.625,4991.75,66.81
1000.630005,1865400,235.149994,541.700012,515.349976,4960.850098,66.774
988.799988,1683261,231.5,541.174988,501.825012,4861.600098,66.765
983.132996,2240372,227.149994,538.674988,507.049988,4878.649902,66.75
994.599976,1659132,243.300003,531.275024,517.900024,4898.600098,66.908
1004.22998,2610843,246.75,525.900024,512.450012,4864.200195,66.87
1001.669983,1384653,246.25,516.650024,506.649994,4889.850098,66.893
988.067017,1780732,248.399994,511.700012,509.024994,4915.850098,66.83
996.232971,1392250,258.5,510.649994,507.450012,4900.100098,67.137
995.099976,1837995,254.800003,507.725006,505.924988,4837.75,67.202
984.767029,1273490,254.75,519.825012,505.225006,4833.799805,67.122
982.333008,1230627,254.399994,528.700012,510.25,4948.549805,67.167
969.767029,2616154,250.149994,518.075012,506.350006,4933.700195,67.016
951.46698,2788650,246.600006,510.125,513.950012,4920.899902,67.136
973.0,2094230,249.050003,511.399994,528.724976,4927.399902,67.113
983.767029,2598309,252.25,520.200012,533.200012,5067.649902,67.144
1008.630005,4152240,252.5,517.924988,530.0,5053.649902,66.973
1004.72998,1905766,252.0,518.775024,514.599976,5060.75,66.801
1003.369995,1755506,254.600006,515.924988,506.674988,5160.450195,66.795
1010.929993,1960860,260.100006,522.5,509.950012,5319.700195,66.28
1012.169983,2648264,266.799988,527.174988,508.825012,5336.049805,66.478
1026.329956,1692184,268.350006,518.825012,516.700012,5489.399902,66.631
1011.799988,2262933,264.100006,517.75,522.275024,5403.0,66.895
975.46698,1953572,252.75,527.0,523.25,5329.0,66.738
983.53302,1718754,257.549988,522.799988,522.375,5363.899902,66.798
980.166992,1126282,256.0,521.099976,532.5,5452.399902,66.86
982.132996,2112272,254.300003,530.075012,537.775024,5573.299805,67.075
986.53302,942540,255.649994,530.599976,541.200012,5491.899902,66.98
983.96698,1097205,254.449997,525.075012,537.099976,5514.850098,66.985
981.400024,1337072,251.149994,527.875,536.125,5501.25,66.744
999.96698,1952950,257.899994,529.400024,544.474976,5597.100098,66.633
998.0,3121780,254.550003,521.275024,551.400024,5601.799805,66.707
977.132996,2122144,251.649994,517.950012,553.599976,5568.899902,66.613
957.599976,2819210,249.0,519.875,555.25,5511.399902,66.425
970.599976,2393218,253.75,519.474976,545.325012,5521.799805,66.349
958.400024,3040346,247.25,514.599976,536.224976,5438.600098,66.812
955.432983,3497865,251.25,518.025024,541.849976,5477.299805,66.556
980.46698,2181718,255.300003,519.049988,545.349976,5681.0,66.546
966.099976,2289638,259.75,524.599976,548.174988,5680.0,66.609
969.299988,2059848,260.850006,520.75,544.700012,5689.200195,66.572
969.666992,1627376,256.799988,513.700012,555.400024,5710.450195,66.697
971.299988,1098752,258.700012,506.274994,554.5,5683.799805,66.602
966.666992,875912,256.600006,514.974976,548.174988,5712.350098,66.492
958.932983,2659995,249.649994,526.174988,528.575012,5718.549805,66.794
983.232971,2632323,252.100006,513.575012,538.825012,5690.450195,66.717
965.299988,2140920,253.199997,511.200012,530.325012,5599.100098,66.789
992.166992,1983014,256.899994,519.525024,540.549988,5626.700195,66.733
994.03302,2146896,255.399994,520.900024,543.674988,5604.600098,66.645
1002.429993,1502340,260.200012,518.325012,543.775024,5644.5,66.83
1007.22998,1670799,258.5,519.150024,532.099976,5650.200195,66.926
995.099976,1517036,262.950012,513.549988,531.650024,5713.899902,66.845
989.400024,838206,261.450012,508.600006,530.424988,5781.450195,66.806
988.200012,867620,258.75,507.100006,527.025024,5869.100098,66.863
983.53302,2440678,255.399994,501.75,524.349976,5860.149902,66.881
987.132996,1212981,258.0,498.75,527.474976,5876.149902,66.778
975.432983,947158,258.950012,494.725006,525.5,5878.100098,66.696
965.767029,1493444,251.050003,490.524994,511.875,5794.600098,66.762
962.799988,1411942,245.649994,483.424988,511.975006,5805.549805,66.668
946.53302,18639006,242.850006,485.5,502.774994,5704.850098,66.796
932.0,2158653,252.699997,488.975006,500.575012,5715.950195,66.745
931.46698,1881726,252.649994,491.299988,501.75,5669.0,66.246
926.96698,4757398,260.0,479.149994,502.299988,5392.950195,66.515
941.400024,2766432,281.299988,469.700012,505.200012,5328.5,66.865
925.867004,2518286,273.0,460.774994,500.875,5134.25,67.565
913.53302,3958053,278.200012,461.774994,492.700012,4846.600098,67.786
917.03302,3299710,277.200012,470.450012,493.274994,4990.799805,67.999
914.0,1377642,277.450012,464.899994,488.875,4925.549805,68.023
913.632996,1654947,275.799988,460.0,493.75,4950.899902,68.191
898.599976,1962840,257.350006,455.549988,495.75,4787.450195,68.228
886.367004,3084870,257.350006,457.100006,500.725006,4934.549805,68.396
904.833008,7493139,258.649994,460.125,504.5,4880.850098,68.784
899.767029,4315370,261.75,465.149994,493.674988,4830.149902,68.761
913.799988,3065824,260.950012,488.75,496.850006,4873.600098,68.519
904.632996,1777818,253.550003,489.875,493.325012,4893.75,68.579
901.632996,1741328,252.699997,486.299988,498.850006,5088.149902,68.615
921.833008,4335632,258.350006,487.774994,495.024994,5266.0,68.598
925.567017,2151998,255.649994,487.799988,498.875,5252.100098,68.236
907.900024,1217828,254.100006,482.25,497.375,5068.100098,68.031
904.099976,1062822,256.899994,480.825012,496.924988,5202.950195,68.025
908.099976,1771910,259.100006,483.25,502.600006,5135.200195,67.742
902.53302,1557765,255.600006,483.200012,499.575012,5116.649902,67.438
911.299988,1388842,259.899994,492.325012,510.024994,5234.600098,67.546
908.132996,1211254,266.649994,494.674988,514.474976,5235.0,67.47
909.96698,1636280,263.649994,488.674988,513.599976,5144.399902,67.431
917.132996,2168126,266.149994,495.100006,519.900024,5163.149902,67.411
906.632996,1360938,262.899994,499.875,529.75,5141.049805,67.475
904.567017,900524,265.399994,496.174988,526.474976,5152.049805,67.857
907.067017,1577426,264.75,502.575012,528.575012,5188.649902,67.855
896.632996,1148169,261.350006,502.325012,531.275024,5115.049805,67.844
903.666992,1177779,254.550003,506.075012,528.950012,5108.0,67.917
894.666992,950224,255.350006,500.774994,531.625,5137.850098,67.837
876.432983,1357563,249.800003,492.350006,526.674988,5084.399902,67.848
891.632996,2136648,249.149994,494.225006,528.650024,5197.149902,67.837
891.732971,1198728,244.199997,491.375,523.724976,5167.350098,67.76
903.732971,1222356,248.75,499.475006,532.349976,5224.0,67.978
899.96698,1294264,247.75,499.25,524.849976,5231.25,68.233
892.799988,2010627,247.649994,496.174988,532.724976,5314.799805,67.936
899.400024,1280979,250.199997,505.299988,541.200012,5319.549805,67.955
906.400024,1476812,243.600006,500.549988,542.549988,5466.0,68.145
911.46698,1363398,244.899994,496.924988,544.700012,5508.399902,68.26
917.732971,2144739,242.899994,498.875,533.575012,5502.149902,67.886
928.200012,2781498,245.350006,498.075012,538.700012,5634.950195,67.743
927.299988,1462912,245.899994,486.125,537.474976,5615.549805,68.115
920.432983,819484,247.050003,485.174988,538.849976,5658.5,68.1
925.0,1359729,248.300003,485.274994,544.924988,5674.850098,68.327
941.567017,1514451,252.149994,484.549988,543.025024,5762.350098,68.312
966.232971,2707455,251.25,500.024994,541.650024,5777.350098,68.141
959.166992,1400770,250.899994,487.899994,545.200012,5699.5,68.18
961.867004,1052802,255.75,477.825012,538.125,5676.899902,68.103
963.833008,1423840,256.0,477.700012,520.625,5669.399902,67.862
968.299988,1538178,258.350006,475.399994,516.275024,5684.450195,68.22
966.299988,1019914,258.399994,479.049988,516.849976,5718.350098,68.1
943.166992,2177486,251.050003,474.350006,512.900024,5668.950195,68.075
929.03302,3534069,254.149994,476.350006,507.950012,5700.0,68.051
946.53302,1879688,254.899994,472.774994,513.650024,5737.200195,68.138
966.5,2294774,259.200012,468.299988,508.649994,5802.549805,67.988
959.932983,1871126,266.450012,471.075012,512.549988,5915.899902,68.105
961.867004,2601585,263.950012,474.674988,522.400024,5894.950195,67.829
964.166992,1894154,260.350006,464.299988,522.599976,5894.25,67.515
993.5,3577634,270.700012,458.375,524.825012,6179.200195,67.415
984.333008,2257914,273.299988,467.950012,521.75,6144.350098,67.21
987.132996,1650459,277.549988,468.049988,516.825012,6115.450195,67.184
989.200012,1526715,277.049988,467.625,520.825012,6149.700195,67.195
1000.200012,2499546,277.899994,471.125,515.450012,6213.200195,67.35
1004.570007,1689792,277.200012,468.25,512.575012,6194.649902,67.05
993.799988,1529256,275.850006,473.0,516.375,6157.100098,66.765
1001.299988,1300986,276.350006,484.149994,515.075012,6112.25,66.854
1000.099976,930046,271.649994,492.174988,514.924988,6022.0,66.975
995.067017,926546,270.200012,493.850006,524.900024,5939.850098,66.835
986.666992,1952469,268.950012,490.899994,525.650024,5862.700195,66.875
980.166992,2071947,270.5,506.049988,533.75,6024.549805,67.08
985.333008,1028691,269.350006,500.049988,537.75,5989.75,67.08
988.432983,1105371,269.649994,505.125,537.700012,6093.149902,66.905
988.867004,970616,270.700012,506.799988,544.099976,6063.149902,66.985
984.632996,1291317,272.299988,495.075012,603.75,6079.649902,66.95
991.067017,2175398,270.450012,504.424988,591.375,6031.0,66.69
977.232971,1553900,268.25,506.200012,619.450012,5951.5,66.7
979.46698,1773558,269.200012,506.200012,619.025024,5922.5,66.725
984.099976,1219412,271.75,512.575012,617.25,5919.600098,66.865
982.632996,1920216,267.299988,511.649994,618.375,5918.75,66.785
980.232971,1205019,265.049988,515.599976,629.275024,5887.75,66.78
990.400024,821986,269.850006,516.950012,652.674988,5934.850098,66.675
990.932983,991566,267.799988,509.899994,652.474976,5888.5,66.625
984.200012,1424362,269.899994,503.899994,645.599976,5864.149902,66.765
984.599976,1111050,273.25,505.774994,643.375,5964.399902,66.69
994.400024,1836264,272.049988,510.924988,640.825012,5955.600098,66.555
1038.72998,7224810,274.649994,517.400024,644.75,6132.399902,65.775
1032.599976,2408866,277.350006,505.975006,652.474976,6137.350098,65.63
1047.369995,2396146,279.299988,514.424988,648.825012,6155.450195,65.385
1035.030029,1927983,274.149994,520.150024,650.349976,6192.600098,65.475
1025.099976,1442108,273.899994,510.75,640.400024,6158.899902,65.345
1032.699951,2415213,272.350006,516.424988,631.900024,6076.299805,65.344
1019.900024,3371402,267.5,513.849976,629.849976,6005.799805,65.455
1029.27002,2511771,268.5,520.224976,636.650024,6034.799805,65.455
1034.130005,1347656,276.5,515.700012,643.375,6004.649902,65.425
1029.27002,1583550,279.450012,514.424988,625.549988,5985.799805,64.995
1029.5,2628958,282.100006,517.575012,622.875,5974.25,65.045
1037.699951,2280357,288.450012,515.924988,628.325012,5944.149902,64.875
1038.300049,2288326,291.049988,512.75,635.325012,5956.600098,64.86
1049.930054,3543100,293.399994,511.125,660.450012,6015.700195,64.86
1107.329956,6576885,293.149994,504.399994,687.325012,6072.0,64.985
1130.969971,5179798,297.350006,497.975006,707.5,6342.399902,64.875
1122.130005,2740816,292.850006,499.799988,719.25,6291.649902,64.606
1123.670044,4096640,289.450012,490.774994,703.299988,6259.350098,64.27
1116.030029,2406430,289.350006,476.700012,690.674988,6268.850098,64.605
1136.599976,1974126,294.5,483.575012,686.174988,6247.799805,64.555
1135.199951,2135064,290.149994,484.424988,677.0,6154.5,64.69
1119.030029,1975484,291.549988,465.700012,682.400024,6077.950195,64.445
1120.900024,1135260,289.899994,462.450012,695.924988,6115.549805,64.48
1113.0,1839489,290.299988,461.325012,685.099976,6137.149902,64.605
1113.699951,1158162,284.049988,459.600006,684.400024,6196.950195,64.665
1120.800049,1044189,284.799988,463.649994,684.775024,6273.5,64.62
1125.0,2415932,282.200012,461.850006,701.25,6185.799805,64.65
1155.130005,3238530,286.049988,463.274994,708.700012,6318.350098,64.49
1164.069946,2879794,286.049988,464.674988,716.400024,6337.200195,64.33
1167.530029,2885722,286.450012,457.125,708.224976,6406.299805,64.13
1177.829956,2126127,282.049988,462.625,704.75,6374.049805,64.115
1166.530029,1637739,289.75,459.475006,697.599976,6524.850098,64.29
1154.699951,1861142,288.299988,461.299988,685.275024,6705.5,64.165
1146.800049,1296282,289.799988,467.149994,685.049988,6644.0,64.165
1154.430054,1255336,299.049988,468.825012,678.974976,6639.799805,64.215
1149.599976,1555142,296.0,465.75,664.125,6654.149902,64.315
1139.72998,1246116,299.399994,472.75,660.700012,6630.549805,64.36
1163.099976,1836462,296.5,473.325012,665.174988,6629.299805,64.68
1159.5,2010128,294.450012,471.825012,679.549988,6737.75,64.615
1157.900024,1270446,298.100006,472.049988,679.775024,6762.5,64.405
1160.400024,1803768,297.899994,482.125,675.224976,6730.200195,64.243
1161.599976,1195701,301.399994,475.774994,672.049988,6823.899902,64.065
1160.469971,1654389,307.5,477.5,678.150024,6953.950195,64.045
1170.300049,2502879,307.649994,476.399994,676.549988,6958.200195,64.13
1148.400024,2155830,302.950012,480.875,663.674988,6831.049805,64.88
1149.699951,2268141,308.0,478.975006,659.424988,6790.549805,64.565
1167.969971,2839224,294.299988,480.725006,662.075012,6701.700195,64.51
1160.5,1463805,288.850006,478.649994,652.775024,6878.850098,64.895
1122.969971,2173070,283.149994,477.399994,648.849976,6869.649902,64.77
1179.22998,5404772,290.100006,491.649994,651.224976,6985.700195,64.555
1191.72998,3066081,288.450012,497.850006,668.650024,7064.799805,64.51
1188.27002,3033658,284.0,492.575012,678.450012,7134.450195,64.54
1178.369995,6550440,288.850006,498.100006,679.674988,7147.5,64.635
1173.800049,3000732,288.299988,488.524994,670.349976,7211.0,64.51
1195.199951,2898184,287.450012,485.700012,664.125,7146.600098,64.478
1189.329956,1425321,287.049988,484.725006,662.375,7114.700195,64.415
1203.27002,1906419,287.25,479.375,664.674988,7125.700195,64.35
1183.430054,1431069,287.299988,489.674988,656.400024,7112.100098,64.43
1192.400024,1327540,290.549988,480.649994,669.5,7205.700195,64.435
1182.829956,1428980,288.600006,478.225006,665.849976,7249.5,64.25
1185.469971,1632207,288.549988,474.299988,667.849976,7464.850098,64.245
1157.72998,4068957,284.950012,481.924988,659.724976,7373.649902,64.48
1159.329956,1412274,283.850006,478.899994,657.174988,7348.950195,64.345
1176.300049,2079657,284.200012,479.299988,678.75,7351.049805,64.235
1156.900024,1481092,284.0,476.049988,691.974976,7312.299805,64.565
1151.130005,2243152,285.950012,470.125,694.400024,7263.899902,64.465
1170.530029,1781056,288.850006,464.924988,704.625,7249.25,64.495
1167.0,1565472,290.100006,471.774994,706.174988,7207.25,64.54
1169.469971,3556928,290.899994,471.674988,711.0,7268.200195,64.53
1157.599976,1761759,294.5,470.075012,716.325012,7316.100098,64.605
1148.469971,1716825,288.950012,471.625,717.924988,7219.149902,64.505
1134.469971,2317046,279.649994,463.524994,718.575012,7183.350098,64.475
1135.5,1578525,276.399994,462.350006,699.25,7225.049805,64.525
1135.77002,2709552,272.450012,465.100006,696.349976,7224.350098,64.66
1125.069946,3251535,273.649994,467.774994,690.0,7217.600098,64.62
1124.829956,2170096,274.850006,475.950012,690.525024,7354.0,64.845
1122.22998,1640038,273.0,481.075012,710.974976,7376.149902,64.79
1130.199951,1034440,274.899994,475.450012,721.325012,7377.649902,64.8
1131.72998,1417581,281.0,473.5,721.275024,7474.049805,64.725
1136.27002,1845099,280.100006,467.700012,745.575012,7432.799805,64.625
1154.77002,324260,285.549988,478.524994,746.424988,7430.450195,64.475
1160.72998,2123948,283.549988,487.674988,747.174988,7457.0,64.565
1159.699951,2036904,287.649994,486.174988,755.549988,7476.649902,64.475
1175.099976,1643754,288.75,488.524994,761.049988,7567.549805,64.46
1171.199951,1401864,291.600006,486.024994,766.875,7557.25,64.424
1171.25,1646087,293.0,492.024994,775.875,7522.299805,64.345
1177.900024,2375324,291.0,492.799988,759.950012,7549.350098,64.316
1181.300049,1827242,293.299988,489.924988,766.474976,7561.5,64.27
1185.650024,1845852,290.950012,484.725006,764.450012,7490.950195,64.375
1179.25,1912305,290.649994,490.049988,792.5,7543.0,64.385
1178.0,1313657,294.549988,495.274994,807.625,7554.549805,64.395
1170.849976,2182162,296.100006,496.924988,801.075012,7504.850098,64.385
1180.25,1161591,295.799988,497.024994,811.375,7565.25,64.355
1182.050049,3881208,298.350006,485.524994,797.400024,7599.600098,64.125
1161.400024,3278658,299.100006,498.674988,797.224976,7630.450195,64.115
1193.949951,5000536,312.5,505.600006,807.599976,7750.049805,64.2
1190.050049,2721660,309.0,502.774994,801.799988,7856.100098,64.095
1176.800049,2154488,307.700012,496.674988,814.599976,7795.5,63.635
1174.75,1426006,300.549988,492.0,825.049988,7737.399902,63.705
1175.849976,1082867,305.25,491.875,811.075012,7770.299805,63.675
1179.949951,1035670,311.200012,484.125,808.174988,7838.649902,63.84
1171.199951,1531255,303.649994,481.924988,801.275024,7755.899902,63.692
1153.900024,1439328,302.299988,484.674988,799.400024,7661.600098,63.86
1157.699951,1713614,296.700012,490.625,792.174988,7578.75,64.095
1131.949951,2001103,280.149994,493.850006,773.125,7457.399902,64.14
1146.900024,1866838,278.200012,490.725006,786.525024,7608.450195,64.09
1142.25,2143899,283.100006,487.600006,783.049988,7701.149902,64.17
1134.0,1508949,280.850006,510.424988,783.549988,7582.450195,64.17
1130.599976,1230709,278.700012,461.625,787.700012,7598.799805,64.095
1127.099976,1651344,274.649994,436.700012,782.200012,7501.899902,64.11
1117.699951,1361351,273.899994,437.700012,780.025024,7496.100098,64.073
1124.150024,1710949,279.0,446.399994,791.025024,7573.049805,64.045
1131.699951,1316100,280.299988,456.075012,784.025024,7612.850098,64.045
1138.900024,1884734,279.350006,470.5,783.275024,7579.0,63.905
1130.050049,1045267,277.0,463.725006,766.075012,7521.5,64.015
1139.650024,895791,276.600006,463.325012,782.049988,7557.450195,63.99
1136.300049,1926054,277.75,457.475006,797.25,7700.299805,63.935
1139.199951,976551,277.850006,459.975006,805.049988,7812.299805,64.025
1130.650024,1006945,277.75,450.100006,806.674988,7821.5,64.04
1126.650024,1110437,276.549988,450.950012,816.299988,7817.200195,64.105
1117.599976,891224,274.25,447.799988,822.700012,7846.649902,64.06
1129.099976,1038623,274.200012,447.875,818.099976,7919.200195,64.015
1172.400024,4947759,271.799988,442.149994,816.900024,7970.75,63.785
1217.849976,4364705,270.950012,439.350006,817.900024,8142.399902,63.935
1230.25,2451814,273.450012,442.024994,823.75,8154.5,64.031
1223.349976,2233311,273.399994,441.875,849.0,8122.600098,64.01
1214.199951,1440488,274.200012,446.200012,843.849976,8070.25,64.123
1212.400024,1723247,271.5,454.125,841.799988,8099.75,64.11
1237.949951,3005809,270.399994,454.549988,845.549988,8157.850098,64.158
1225.900024,900287,267.799988,456.125,838.599976,8131.700195,64.3
1235.949951,2347635,270.049988,456.350006,847.150024,8120.149902,64.293
1228.050049,2216227,268.5,454.774994,841.349976,8144.950195,64.81
1184.800049,2968531,261.850006,449.149994,817.400024,8068.200195,64.795
1165.199951,2720490,258.75,447.674988,821.549988,7964.950195,65.127
1162.900024,1809036,258.25,452.950012,820.099976,7889.899902,65.46
1137.199951,2317721,250.399994,449.899994,799.150024,7739.950195,65.715
1133.349976,3474398,252.550003,448.0,786.450012,7897.350098,65.47
1142.050049,3193745,253.850006,449.950012,780.900024,7978.200195,65.31
1134.900024,1413186,251.300003,451.774994,798.349976,7888.299805,65.485
1138.300049,1155472,253.199997,449.799988,818.849976,7847.200195,65.03
1132.050049,1303081,251.600006,451.524994,824.150024,7831.049805,65.145
1141.800049,1814990,256.75,460.075012,837.049988,7903.200195,65.4
1140.949951,1737288,256.850006,461.950012,830.650024,7896.700195,65.355
1142.699951,2347406,256.950012,467.725006,843.200012,7893.700195,65.25
1133.849976,1638071,251.75,465.350006,840.150024,7825.149902,65.16
1143.650024,1151274,251.199997,463.649994,872.75,7904.25,65.06
1138.650024,1762307,252.100006,465.049988,876.450012,7874.149902,64.7
1144.699951,1189499,252.050003,469.5,876.799988,7842.0,64.7
1148.75,1123634,251.149994,465.25,874.349976,7838.899902,65.03
1141.400024,1263098,243.75,462.174988,914.5,7784.049805,65.055
1139.75,264888,242.75,463.475006,909.900024,7731.100098,64.995
1135.75,1077546,245.949997,469.75,939.75,7818.5,65.022
1142.550049,1281327,254.449997,463.25,934.25,7875.0,65.09
1204.199951,6377478,324.899994,467.649994,939.900024,7870.200195,64.925
1223.5,5486055,320.5,473.674988,947.400024,8068.049805,64.84
1224.650024,2036609,311.049988,473.174988,929.849976,8114.450195,65.04
1236.949951,1808153,312.0,472.049988,942.5,8195.25,64.86
1222.300049,1815888,305.799988,460.924988,940.849976,8211.25,64.75
1215.300049,1929731,319.850006,463.524994,952.549988,8238.400391,64.565
1210.949951,1183382,314.350006,461.450012,946.599976,8225.799805,64.575
1235.0,1797145,325.0,463.325012,945.299988,8219.400391,64.56
1224.699951,1691967,329.0,464.350006,932.5,8310.200195,64.625
1211.050049,1658527,317.200012,477.75,906.700012,8220.299805,65.06
1218.199951,1905789,309.549988,476.149994,887.799988,8232.0,64.92
1215.900024,1733475,313.700012,477.25,900.5,8204.799805,64.975
1264.949951,5671395,333.549988,481.024994,883.849976,8183.5,65.19
1240.550049,5216845,331.049988,475.975006,875.25,8109.200195,65.44
1210.199951,2519826,329.100006,474.549988,886.700012,8122.950195,65.41
1209.5,1801470,324.950012,475.899994,883.700012,8127.25,65.27
1219.300049,2003168,333.399994,494.200012,903.849976,8163.700195,65.295
1222.800049,2261694,337.5,485.475006,911.900024,8348.349609,65.015
1229.800049,2799314,333.0,480.274994,920.849976,8425.650391,65.1
1222.650024,2192795,330.649994,483.125,932.549988,8424.799805,64.88
1222.699951,2266995,335.299988,483.149994,930.75,8513.150391,64.88
1215.949951,1654930,334.950012,495.625,947.0,8463.400391,64.57
1218.5,1637839,332.399994,504.774994,951.099976,8487.950195,64.68
1224.75,1464649,335.649994,499.375,951.349976,8508.599609,64.478
1211.699951,4940494,332.0,492.350006,943.349976,8624.150391,64.41
1217.849976,2046078,328.899994,491.350006,946.0,8671.349609,64.36
1216.550049,3419336,320.350006,488.049988,921.549988,8599.099609,64.49
1211.650024,1772981,312.75,479.399994,910.099976,8609.0,64.52
1217.5,1796642,313.600006,492.674988,901.599976,8500.799805,64.38
1209.900024,2139688,319.100006,492.174988,913.700012,8500.400391,64.36
1191.25,1696890,312.399994,495.149994,926.650024,8612.400391,64.53
1218.400024,2476888,316.399994,499.899994,931.549988,8882.400391,64.57
1220.349976,2316890,313.100006,500.924988,921.0,9042.25,64.48
1221.849976,2227028,318.399994,502.649994,916.150024,9133.799805,64.355
1202.900024,2009798,318.450012,505.25,915.599976,9131.349609,64.41
1189.25,2262858,313.299988,501.875,914.650024,9120.650391,64.46
1188.800049,1709762,314.0,506.549988,921.5,9112.75,64.34
1203.550049,2161729,312.25,511.450012,919.75,9165.900391,64.08
1217.900024,2851823,318.899994,508.299988,921.0,9309.099609,64.21
1219.900024,2878543,319.799988,501.975006,925.950012,9801.5,64.06
1232.5,3293207,317.5,507.924988,918.150024,9733.900391,64.115
1258.800049,3664052,316.75,511.024994,912.950012,9631.049805,64.02
1266.150024,2490561,319.850006,519.674988,920.400024,9700.0,64.02
1269.699951,2493302,317.149994,517.799988,929.799988,9679.0,64.05
1257.849976,1675081,314.850006,517.125,923.75,9644.099609,64.12
1252.75,2850194,308.399994,516.625,924.200012,9629.200195,64.08
1258.25,1819413,309.899994,521.025024,921.049988,9729.549805,63.84
1260.699951,2048058,307.100006,516.775024,909.75,9651.900391,63.68
1249.75,1512324,303.25,514.849976,911.150024,9554.049805,63.46
1275.300049,2720736,302.850006,510.649994,914.799988,9416.599609,63.505
1315.699951,4546456,308.5,507.700012,920.299988,9386.25,63.4
1314.900024,2418902,306.350006,506.0,923.25,9433.849609,63.34
1338.25,3513256,305.799988,518.025024,928.549988,9448.950195,63.475
1332.75,1703294,304.299988,520.674988,940.950012,9383.549805,63.67
1323.75,1098019,301.100006,526.125,942.349976,9375.849609,63.63
1323.550049,1232290,302.200012,537.900024,937.75,9339.799805,63.69
1329.150024,1825056,302.25,539.224976,949.0,9459.150391,63.61
1325.949951,2386631,302.600006,540.575012,949.150024,9358.450195,63.515
1326.199951,3139385,296.149994,561.424988,922.950012,9322.049805,64.02
1353.349976,2724814,307.100006,576.049988,924.5,9313.900391,63.885
1360.800049,4966982,303.25,576.349976,919.700012,9368.700195,63.87
1371.449951,2127776,309.25,571.724976,931.299988,9323.950195,63.83
1398.849976,3067658,306.5,575.0,971.5,9310.099609,63.89
1410.699951,4804202,318.100006,588.549988,983.25,9393.400391,63.76
1401.199951,2147973,329.899994,592.900024,966.349976,9434.950195,63.66
1416.5,6113475,313.149994,587.700012,965.900024,9278.200195,63.515
1431.949951,2945415,312.100006,591.450012,964.5,9630.700195,63.6
1429.900024,1988140,313.549988,585.325012,950.400024,9571.549805,63.69
1416.5,2614515,313.25,575.125,961.299988,9509.700195,63.55
1455.599976,8187730,306.049988,572.299988,943.849976,9401.849609,63.98
1415.449951,3621563,297.350006,571.625,904.349976,8990.599609,64.13
1363.650024,3060688,298.049988,569.099976,902.150024,9080.599609,64.14
1353.050049,4230633,291.75,553.875,892.099976,8984.599609,64.23
1333.75,2927403,292.799988,554.525024,894.400024,8921.799805,64.28
1347.400024,1932082,301.399994,567.125,904.549988,9030.700195,64.3
1329.25,2029257,296.399994,554.575012,897.849976,8936.099609,64.375
1350.5,1543603,288.75,551.400024,915.5,9117.849609,64.28
1361.199951,2310144,276.200012,548.875,933.650024,9001.599609,64.1
1350.349976,1861841,278.700012,557.224976,935.650024,9020.25,63.9
1328.400024,1424576,271.649994,564.025024,921.299988,8836.950195,64.215
1295.5,4275673,268.5,565.875,927.0,8724.849609,64.25
1290.599976,2063972,269.649994,568.474976,921.099976,8722.650391,64.86
1282.800049,1584305,273.299988,573.700012,929.349976,8782.75,64.805
1292.0,3028574,272.600006,580.375,924.349976,8634.049805,64.975
1301.699951,2176017,276.049988,577.825012,934.25,8698.799805,64.71
1344.25,2239306,274.450012,569.299988,938.700012,9005.349609,64.77
1338.099976,2243499,267.600006,575.099976,950.5,8891.200195,64.92
1318.150024,2439968,268.0,586.299988,954.549988,8850.950195,65.21
1315.199951,1927606,262.149994,580.375,948.400024,8873.450195,65.23
1300.699951,1302005,263.5,577.950012,924.099976,8795.099609,65.025
1283.400024,2381856,256.549988,575.674988,910.849976,8616.5,64.905
1263.300049,2156582,246.649994,572.049988,889.75,8679.099609,64.88
1283.800049,3588828,256.799988,578.325012,911.450012,8729.349609,65.105
1290.5,2508919,253.25,581.700012,913.099976,8660.599609,65.125
1310.050049,2267260,252.850006,592.875,930.299988,8810.299805,64.985
1302.75,1915199,254.699997,591.900024,931.849976,8756.049805,64.855
1303.25,1714051,257.049988,590.400024,929.049988,8846.299805,64.84
1295.099976,1178352,253.699997,591.25,911.799988,8837.549805,64.99
1269.300049,5152611,252.300003,585.950012,900.049988,8676.549805,64.99
1279.550049,4452882,247.949997,573.375,895.5,8773.5,65.22
1293.5,2831066,249.100006,582.275024,889.799988,8802.400391,65.21
1309.349976,2835466,248.0,583.75,896.900024,8874.650391,65.18
1296.25,1834024,241.550003,580.650024,908.150024,8696.549805,65.105
1267.900024,2280525,234.800003,583.799988,893.900024,8607.25,64.99
1297.400024,1697069,246.5,577.625,901.099976,8765.299805,64.825
1307.550049,2003736,254.350006,577.0,899.799988,8852.299805,64.945
1310.900024,3989865,249.899994,565.900024,882.700012,8861.099609,65.16
1335.949951,1302024,246.149994,568.575012,892.950012,9008.200195,65.13
1330.400024,1123582,250.5,570.224976,899.549988,9026.450195,65.0
1296.150024,1285513,247.300003,562.099976,894.900024,9013.5,65.045
1328.800049,1758313,259.299988,573.775024,908.200012,9132.599609,64.89
1316.550049,1492796,259.700012,563.5,911.0,9206.200195,64.93
1327.900024,1118116,260.649994,555.625,916.0,9292.650391,64.955
1349.900024,2177789,263.299988,556.700012,917.049988,9273.450195,64.95
1352.75,1536552,257.049988,562.125,930.849976,9302.5,65.26
1357.449951,1695410,253.800003,581.299988,928.700012,9204.450195,65.29
1354.849976,1320241,250.949997,585.724976,938.849976,9123.950195,65.255
1368.099976,1304778,249.0,566.599976,937.049988,9232.0,65.47
1359.550049,1058589,248.149994,562.599976,944.25,9160.349609,65.68
1360.099976,1459202,246.449997,562.974976,938.0,9121.5,65.72
1385.0,2229317,246.149994,566.424988,942.299988,9077.650391,65.87
1365.050049,1091415,241.199997,589.224976,927.900024,9025.0,66.21
1360.0,1364935,242.449997,593.849976,936.0,9064.849609,66.53
1378.0,1002866,240.600006,577.25,970.049988,9064.650391,66.41
1362.900024,1536003,237.199997,580.174988,970.5,8934.599609,66.92
1347.199951,4513014,233.199997,588.224976,975.349976,8946.450195,66.805
1377.75,1746280,242.600006,592.599976,996.299988,8783.349609,66.62
1400.900024,1309980,246.399994,599.75,963.299988,8814.950195,66.46
1403.150024,3975516,241.0,598.525024,972.700012,8744.5,66.69
1377.75,1278892,241.899994,591.275024,961.599976,8755.950195,66.67
1368.699951,1274703,241.949997,586.549988,953.950012,8678.200195,66.82
1389.150024,1250082,246.5,591.5,971.0,8743.700195,67.14
1364.900024,1604486,250.050003,582.775024,967.099976,8775.200195,67.13
1375.650024,1270004,248.0,585.349976,976.700012,8718.349609,67.35
1362.199951,1262157,247.949997,584.0,981.150024,8704.950195,67.245
1387.400024,1033691,250.350006,590.375,989.25,8750.299805,67.36
1381.75,1265158,253.600006,594.650024,986.599976,8707.0,67.56
1374.199951,1824434,248.0,597.275024,978.950012,8726.599609,68.08
1362.349976,1491335,243.100006,594.974976,956.150024,8695.599609,67.775
1355.949951,1833028,242.699997,591.450012,945.349976,8697.5,67.765
1315.550049,2070654,238.850006,591.599976,933.849976,8510.950195,67.99
1313.25,2047129,244.449997,589.75,931.349976,8428.5,68.115
1320.150024,1375132,253.899994,596.924988,926.75,8560.650391,68.02
1326.900024,1851368,263.200012,592.450012,912.25,8497.400391,68.37
1338.050049,1482329,268.5,610.5,915.849976,8410.75,68.34
1342.0,1696915,266.950012,614.150024,920.799988,8548.150391,67.73
1376.449951,2127978,272.049988,607.200012,920.400024,8709.299805,67.4
1380.599976,6814062,264.299988,608.349976,917.450012,8714.900391,67.84
1365.650024,2286366,267.149994,605.849976,916.099976,8588.200195,67.44
1370.400024,2930988,269.549988,615.900024,921.349976,8537.200195,67.43
1372.400024,2234018,266.700012,610.400024,930.549988,8808.849609,66.995
1357.849976,1346919,263.0,619.700012,940.849976,8749.849609,67.07
1333.75,1905926,263.549988,610.424988,947.650024,8810.400391,67.1
1350.550049,1581905,270.149994,618.724976,954.400024,8842.349609,66.84
1355.150024,2272271,269.649994,626.224976,971.349976,8911.25,67.42
1343.949951,2483519,273.0,630.025024,984.349976,8932.450195,67.53
1343.25,1417401,274.0,631.200012,982.650024,9022.650391,67.47
1366.400024,1853562,282.850006,629.25,997.150024,9016.75,67.48
1358.75,1253808,287.700012,637.400024,1002.5,8967.349609,67.645
1343.0,1325652,282.600006,619.849976,1007.950012,8958.0,67.69
1329.900024,2660969,277.450012,640.625,1014.200012,8951.599609,68.06
1323.199951,951701,276.850006,633.700012,1015.549988,8973.450195,68.04
1310.400024,1607343,272.600006,620.799988,996.049988,8862.599609,68.31
1306.75,2207289,273.299988,621.575012,1019.25,8948.299805,68.06
1289.800049,2161971,268.649994,623.275024,1031.949951,8863.049805,67.945
1299.849976,3364048,273.049988,623.924988,1012.5,8874.900391,67.87
1268.150024,1622133,268.450012,636.224976,1004.450012,8793.0,68.115
1270.050049,2003243,267.399994,638.924988,978.950012,8931.349609,68.37
1232.75,2332129,261.700012,635.0,965.849976,8898.299805,68.64
1234.949951,4677061,257.0,644.799988,944.950012,8771.299805,68.84
1275.099976,2324572,259.350006,653.599976,972.450012,8825.599609,68.46
1255.949951,3832519,258.850006,667.349976,960.599976,8821.049805,68.72
1251.5,2096700,257.5,676.875,971.299988,8975.150391,68.55
1259.5,1842579,257.450012,672.599976,990.099976,9220.799805,68.69
1254.449951,2006459,256.450012,642.0,964.5,9347.049805,68.88
1266.300049,2064484,257.200012,642.125,977.549988,9317.5,68.805
1288.0,2021357,261.549988,649.424988,997.099976,9374.900391,68.66
1284.599976,1923397,263.75,650.700012,1025.699951,9531.0,68.755
1274.75,1326221,259.100006,660.224976,1038.800049,9384.700195,68.73
1299.75,2777124,262.75,647.174988,1082.349976,9347.0,68.52
1298.400024,2360493,257.75,658.700012,1099.800049,9431.049805,68.5
1283.099976,1593400,251.600006,666.424988,1076.199951,9385.299805,68.55
1286.849976,1598278,259.049988,663.950012,1092.349976,9445.400391,68.43
1292.150024,1855985,259.549988,661.275024,1092.550049,9366.799805,68.625
1258.099976,1468552,260.200012,658.349976,1104.849976,9389.099609,69.02
1270.349976,1937969,261.5,674.049988,1128.650024,9398.950195,68.74
1279.150024,1229445,266.350006,677.974976,1120.300049,9701.0,68.845
1324.0,4071039,266.850006,688.575012,1110.949951,9832.450195,68.948
1320.699951,2254936,271.850006,691.875,1115.150024,9758.950195,68.73
1305.949951,7489743,287.700012,686.625,1110.650024,9396.25,68.66
1311.449951,1785314,286.75,686.724976,1129.849976,9310.400391,68.605
1295.349976,3090391,297.399994,675.5,1151.400024,9381.900391,68.605
1302.300049,2304148,293.5,682.549988,1186.0,9520.549805,68.46
1298.0,1924210,295.100006,677.025024,1192.349976,9341.599609,68.35
1282.400024,1415162,293.899994,676.825012,1168.349976,9142.400391,68.625
1290.0,1279774,299.25,682.049988,1176.949951,9187.0,68.545
1290.449951,842106,308.5,680.325012,1192.599976,9286.400391,68.83
1295.300049,1458197,304.049988,683.974976,1184.199951,9411.5,68.63
1298.25,1308818,308.700012,681.375,1217.699951,9207.400391,68.66
1284.699951,1035908,317.399994,689.974976,1217.949951,9146.049805,68.76
1264.650024,1784956,304.450012,692.724976,1204.199951,9148.25,68.89
1269.050049,1627092,294.149994,704.375,1187.699951,9080.849609,70.02
1253.25,2146242,294.899994,704.150024,1210.599976,9132.599609,69.96
1231.650024,2292161,292.700012,714.775024,1200.800049,9200.549805,70.09
1240.150024,1750983,302.100006,715.174988,1203.75,9152.099609,70.1
1323.699951,11227838,307.649994,692.125,1234.900024,9074.349609,69.82
1322.550049,3057182,307.0,691.974976,1247.199951,9113.299805,69.86
1352.050049,8248115,302.450012,698.700012,1269.449951,9223.299805,70.105
1342.900024,3506532,300.450012,689.150024,1277.5,9163.799805,69.97
1356.099976,2595682,308.0,707.700012,1291.5,9245.25,70.165
1355.599976,1889337,305.350006,712.349976,1319.0,9427.950195,70.1
1351.550049,1435495,309.700012,705.049988,1294.199951,9368.099609,70.535
1346.550049,2288925,308.600006,708.099976,1274.449951,9205.799805,70.745
1369.550049,3549583,309.600006,720.549988,1241.650024,9096.400391,71.005
1363.0,2347852,306.350006,717.125,1229.150024,8902.150391,71.215
1359.300049,1517216,296.399994,737.150024,1241.949951,8868.5,71.585
1348.0,2413590,296.549988,729.900024,1227.0,8896.099609,71.755
1347.099976,1586350,296.450012,727.150024,1261.400024,8759.849609,71.95
1347.5,1307928,291.649994,732.799988,1278.599976,8719.200195,71.79
1336.800049,1228247,284.850006,730.849976,1255.849976,8639.400391,72.455
1329.650024,1617176,282.600006,734.299988,1237.699951,8517.049805,72.64
1352.25,1319469,285.299988,742.900024,1252.5,8493.950195,72.16
1358.849976,1462192,290.649994,733.700012,1253.150024,8626.700195,71.88
1344.75,912431,285.299988,725.950012,1225.900024,8537.799805,72.54
1327.900024,1501479,273.799988,719.099976,1217.150024,8399.150391,72.71
1332.900024,867001,271.5,719.75,1210.75,8210.349609,72.36
1329.699951,2309530,270.600006,705.299988,1217.5,8040.149902,72.24
1318.349976,2425415,264.350006,718.25,1232.050049,7793.049805,72.67
1319.050049,2684511,270.899994,726.200012,1230.599976,7999.450195,72.685
1332.650024,2846089,263.850006,717.849976,1251.400024,7842.549805,72.6
1309.900024,3847372,265.350006,724.799988,1253.75,7553.049805,72.57
1272.099976,4301355,265.5,730.049988,1257.949951,7347.950195,72.51
1248.099976,4955435,273.850006,746.650024,1231.699951,7463.950195,72.925
1245.449951,4302314,271.700012,728.5,1205.099976,7246.0,73.345
1257.900024,7398229,271.350006,707.200012,1122.25,7198.75,73.63
1227.400024,4206887,258.350006,724.599976,1048.849976,6904.350098,73.77
1215.349976,3957900,265.75,714.450012,1109.400024,6889.75,74.065
1221.050049,2559815,262.950012,717.75,1090.050049,6699.450195,74.34
1250.650024,4134413,278.649994,700.450012,1102.099976,6985.850098,74.25
1225.849976,3942878,262.149994,673.349976,1087.800049,6875.5,74.05
1235.25,2773440,263.75,678.799988,1126.550049,7287.200195,73.61
1216.400024,2945137,263.200012,698.799988,1139.75,7182.0,73.77
1224.650024,2336499,270.299988,695.25,1163.800049,7150.899902,73.465
1211.900024,1746801,261.149994,705.349976,1151.300049,6885.600098,73.6
1206.050049,2006965,261.100006,683.549988,1101.300049,6756.450195,73.375
1206.599976,1452784,260.350006,679.950012,1062.650024,6812.200195,73.56
1200.699951,2109820,255.649994,657.599976,1054.699951,6771.299805,73.55
1218.900024,1484693,255.699997,649.799988,1045.75,6768.299805,73.23
1201.550049,3063065,249.550003,648.75,1030.800049,6723.200195,73.23
1197.449951,1101325,248.100006,633.599976,1044.900024,6717.299805,73.46
1261.300049,2140956,267.899994,644.75,1087.800049,6798.700195,73.4
1271.25,1957735,273.149994,659.599976,1057.0,6697.0,73.68
1297.5,3117499,281.399994,686.400024,1061.25,6616.399902,73.96
1326.75,8903105,285.899994,666.700012,1056.25,6711.75,73.455
1358.199951,2665756,285.350006,662.25,1074.900024,7135.450195,72.44
1350.150024,1457946,294.950012,666.0,1090.300049,7177.25,73.08
1363.849976,1616734,286.450012,666.450012,1104.099976,7075.0,72.955
1365.949951,255086,286.549988,675.5,1110.699951,7127.899902,72.45
1368.599976,1247358,283.25,659.5,1093.449951,7283.5,72.48
1367.199951,2174698,277.950012,664.200012,1080.0,7087.799805,72.86
1391.099976,2068550,278.049988,665.700012,1099.449951,7150.450195,72.615
1384.699951,1364551,283.600006,653.200012,1097.949951,7369.049805,72.31
1398.5,2890196,285.399994,656.400024,1096.849976,7478.299805,71.915
1399.050049,1732865,290.899994,650.849976,1127.400024,7341.200195,71.98
1417.199951,1932311,288.149994,651.700012,1150.0,7411.649902,71.61
1413.099976,1889461,283.450012,641.400024,1137.400024,7333.950195,71.43
1402.099976,1320423,287.049988,619.099976,1112.900024,7424.5,71.305
1410.150024,1723570,282.700012,620.75,1102.849976,7411.100098,70.69
1422.0,2630117,286.399994,621.450012,1109.75,7554.700195,70.82
1431.599976,1956946,289.399994,638.900024,1128.199951,7647.600098,70.785
1403.400024,1390580,284.549988,666.400024,1152.650024,7574.200195,70.64
1422.449951,2816724,286.399994,661.049988,1168.5,7546.75,69.78
1432.5,2018571,284.649994,667.450012,1167.550049,7661.600098,69.65
1427.5,1115862,286.799988,670.349976,1156.449951,7779.950195,70.44
1419.900024,1061729,282.549988,685.25,1152.300049,7721.649902,70.53
1394.800049,1582751,280.149994,681.400024,1155.150024,7554.049805,70.56
1379.5,1574405,275.649994,668.5,1123.650024,7209.700195,70.85
1399.900024,1185686,275.399994,682.799988,1133.800049,7313.950195,70.86
1367.75,1657418,274.200012,669.200012,1090.25,7350.5,72.52
1361.400024,2302505,281.25,674.5,1097.550049,7305.350098,72.29
1400.300049,1751549,285.25,678.5,1110.5,7471.850098,71.84
1426.449951,1863210,289.0,697.75,1107.050049,7670.5,71.53
1411.400024,2189734,289.200012,706.049988,1112.199951,7662.149902,71.92
1408.0,1610515,289.5,694.400024,1129.900024,7734.049805,71.61
1428.5,1568498,292.75,676.599976,1136.400024,7772.350098,70.62
1434.75,2073536,300.700012,664.849976,1136.800049,7936.0,70.278
1450.800049,2782410,294.049988,667.049988,1128.449951,7807.049805,69.98
1420.0,1975704,291.899994,646.200012,1100.199951,7536.299805,70.14
1404.800049,1390194,293.049988,649.0,1089.150024,7529.149902,70.105
1422.650024,1712084,294.149994,644.049988,1098.349976,7569.100098,70.07
1425.050049,1872745,292.149994,656.799988,1120.199951,7499.950195,70.361
1439.400024,1918767,294.799988,656.950012,1125.550049,7505.549805,69.933
1437.550049,1487860,295.899994,658.950012,1121.25,7465.5,69.57
1441.900024,786846,299.600006,665.049988,1121.0,7476.799805,69.453
1425.5,2058504,293.899994,669.049988,1106.400024,7267.850098,70.0
1395.0,2290756,291.100006,669.150024,1092.75,7203.950195,70.11
1388.050049,2711485,297.649994,661.049988,1098.650024,7234.5,69.55
1383.800049,1851513,296.299988,671.700012,1104.75,7362.049805,69.803
1382.199951,1437271,305.299988,670.049988,1104.650024,7439.5,70.14
1386.050049,1413005,305.299988,676.099976,1110.75,7492.899902,70.56
1392.599976,1063647,305.549988,679.700012,1107.5,7391.600098,70.42
1369.599976,2489197,302.75,683.5,1098.050049,7320.5,70.398
1333.900024,3080984,300.399994,701.900024,1096.800049,7408.700195,70.76
1340.900024,3079248,301.649994,726.599976,1129.650024,7355.149902,71.1
1342.150024,2454470,303.149994,736.799988,1135.900024,7310.25,70.98
1346.050049,1610419,297.399994,733.349976,1134.449951,7336.25,71.05
1317.900024,2135781,294.950012,730.950012,1184.349976,7357.950195,71.21
1314.550049,8813681,292.450012,745.0,1237.699951,7208.399902,71.188
1301.150024,2544978,290.25,745.349976,1235.150024,7068.850098,71.26
1301.449951,1821323,286.649994,731.650024,1226.300049,7045.399902,71.19
1295.349976,1654706,288.049988,732.0,1247.449951,7040.600098,71.0
1285.449951,3136788,285.399994,730.349976,1246.0,6513.399902,70.9
1300.449951,8004136,281.600006,727.950012,1229.550049,6511.049805,71.07
1278.050049,3685535,280.600006,727.900024,1210.650024,6526.950195,71.39
1294.449951,2385425,287.450012,725.900024,1195.699951,6548.25,71.235
1314.300049,5852257,293.649994,749.549988,1227.150024,6641.149902,70.96
1324.599976,2515736,284.399994,757.049988,1249.949951,6962.299805,71.435
1307.400024,2308931,283.950012,755.900024,1290.900024,6988.200195,71.71
1304.599976,1447058,284.649994,754.849976,1291.550049,7093.600098,71.53
1314.400024,2034886,289.049988,763.299988,1310.25,7183.399902,71.55
1296.050049,1556295,287.399994,764.0,1290.400024,7302.549805,71.3
1261.75,2993525,286.0,760.900024,1277.699951,7134.25,71.175
1246.5,2981408,280.5,762.799988,1253.25,7177.899902,71.14
1246.849976,1571390,275.399994,750.450012,1256.400024,7162.5,70.535
1227.599976,6974738,267.100006,740.049988,1224.199951,7017.5,71.02
1243.099976,3620228,262.950012,741.950012,1244.449951,6930.049805,71.33
1244.5,2186849,259.950012,741.049988,1220.099976,6842.700195,71.386
1258.300049,2389086,262.899994,724.299988,1216.099976,6804.549805,71.3
1276.550049,2433082,267.700012,740.700012,1234.349976,6849.899902,71.01
1284.099976,2392129,268.0,733.450012,1246.900024,6801.549805,71.165
1280.349976,2390188,270.950012,734.950012,1232.349976,6912.399902,71.035
1275.849976,5873730,270.149994,754.900024,1232.300049,6924.899902,70.835
1265.849976,2417931,266.350006,742.5,1220.25,6904.299805,70.96
1284.699951,3555914,267.649994,735.25,1223.5,6968.5,71.2
1292.949951,9321535,269.049988,734.299988,1231.050049,6829.700195,70.84
1308.550049,2831577,272.950012,741.900024,1226.050049,6935.149902,71.0
1305.800049,3948051,276.450012,732.5,1237.650024,7117.75,70.49
1317.0,2776738,278.100006,732.5,1264.800049,7056.899902,70.08
1352.400024,6207580,281.75,722.950012,1270.25,7029.049805,70.116
1339.400024,4868283,281.200012,712.349976,1267.099976,6967.700195,70.011
1346.550049,2661353,287.350006,711.25,1304.099976,7081.899902,69.85
1388.900024,6631152,286.899994,706.950012,1331.349976,7157.200195,69.625
1378.599976,2241672,293.149994,708.450012,1347.300049,7091.049805,69.529
1379.75,1838850,291.899994,708.349976,1341.550049,7086.299805,69.365
1396.5,5723980,298.399994,718.549988,1321.650024,7084.0,68.963
1378.900024,2450686,298.950012,710.200012,1350.050049,6909.100098,68.625
1357.949951,4053209,303.049988,722.25,1376.550049,6825.200195,69.015
1370.900024,3871744,303.799988,738.950012,1375.449951,6673.549805,68.79
1394.699951,3788604,298.049988,743.099976,1341.75,6552.700195,69.17
1376.75,1666203,294.0,734.799988,1324.449951,6522.600098,68.89
1372.800049,2021089,303.5,734.799988,1367.25,6585.700195,68.996
1366.449951,2558997,308.799988,737.799988,1349.25,6518.0,69.1
1386.699951,3184285,319.0,737.799988,1360.0,6596.25,69.19
1412.199951,3842703,322.75,755.099976,1391.849976,6840.700195,69.205
1409.75,2737093,329.0,759.400024,1389.699951,6889.700195,68.92
1378.050049,2366304,320.5,753.299988,1375.199951,7072.899902,68.45
1368.699951,1980318,321.799988,747.900024,1353.050049,7113.100098,68.98
1373.800049,2037782,317.049988,759.299988,1353.900024,7107.700195,69.17
1373.650024,1013017,312.799988,767.25,1329.25,7129.450195,69.555
1375.199951,2209945,314.75,760.599976,1334.449951,7216.549805,69.28
1371.550049,2014958,310.899994,752.700012,1331.400024,7186.350098,69.15
1379.199951,2758373,313.950012,742.150024,1336.050049,7190.0,69.02
