Close,Volume,SBIN,INFY,LT,MARUTI,USD
443.950012,1354878,314.0,493.600006,1001.969971,3340.75,63.355
442.774994,3351654,315.25,503.299988,1023.099976,3359.600098,63.285
437.924988,4619182,312.75,498.975006,1037.329956,3447.800049,63.345
418.049988,8516086,299.899994,488.549988,1002.72998,3395.25,63.575
427.149994,9472630,300.149994,490.888,1000.330017,3437.75,63.28
421.024994,9084914,304.850006,493.362,1006.700012,3475.5,62.675
430.149994,6122732,303.200012,518.612,1000.169983,3468.199951,62.355
425.149994,4617432,307.100006,528.987,1022.799988,3462.899902,62.075
421.575012,4548216,305.100006,522.224976,1013.0,3468.25,61.98
417.475006,5202572,304.700012,532.161987,1012.0,3516.0,62.095
432.125,7738494,320.299988,533.562012,1049.130005,3625.800049,62.065
434.850006,8748776,315.450012,529.575012,1061.170044,3616.600098,61.87
439.825012,6098582,313.149994,525.625,1076.569946,3626.25,61.645
451.524994,6108346,318.149994,531.049988,1086.369995,3605.550049,61.655
453.375,7810366,326.200012,542.474976,1103.030029,3634.699951,61.56
441.875,10844730,324.649994,549.112,1108.869995,3597.25,61.605
443.450012,8265794,327.450012,553.763,1140.869995,3606.699951,61.44
444.524994,8201508,330.049988,534.125,1161.329956,3687.899902,61.41
453.424988,8822454,334.600006,536.138,1132.22998,3725.800049,61.358
464.700012,16511776,327.0,536.375,1149.27002,3688.800049,61.801
457.625,9941906,308.950012,535.474976,1133.699951,3647.350098,62.02
454.024994,8824550,307.5,534.213013,1156.72998,3669.449951,61.719
468.799988,7814040,300.299988,530.224976,1148.329956,3607.850098,61.596
464.399994,6433654,293.049988,535.713013,1125.599976,3557.550049,61.842
461.850006,5653156,290.799988,548.450012,1121.599976,3522.699951,61.709
454.950012,4135456,290.299988,557.625,1122.369995,3502.600098,61.97
448.350006,4041210,279.5,562.224976,1048.300049,3411.300049,62.149
441.0,6240782,287.299988,569.575012,1047.800049,3393.850098,62.327
450.350006,4471548,285.950012,571.213013,1075.130005,3454.75,62.382
454.575012,3981748,284.299988,577.799988,1100.030029,3551.899902,62.15
458.75,3380142,306.950012,574.025024,1108.099976,3616.949951,62.076
451.399994,5607922,306.700012,569.687988,1098.969971,3572.100098,62.105
450.825012,4496248,305.700012,574.125,1108.900024,3564.949951,62.057
451.024994,4366230,302.350006,581.174988,1132.369995,3595.149902,62.138
436.549988,8556874,302.299988,570.775024,1118.400024,3547.350098,62.109
425.725006,6448086,296.549988,566.400024,1124.670044,3545.899902,62.163
420.725006,9118740,296.25,568.200012,1147.400024,3588.300049,62.17
421.575012,6982812,295.549988,579.400024,1131.930054,3579.899902,61.862
421.0,9810676,289.399994,564.525024,1118.699951,3496.850098,61.731
427.774994,8530440,299.899994,566.437988,1172.630005,3604.399902,61.659
427.774994,8530440,299.899994,566.437988,1172.630005,3604.399902,
432.125,6665262,302.0,572.924988,1230.72998,3711.449951,61.862
450.399994,9434508,302.600006,574.463013,1234.430054,3708.649902,61.819
443.924988,6617962,293.850006,568.661987,1225.27002,3678.399902,62.309
442.475006,4899316,293.799988,561.900024,1217.369995,3678.75,62.381
434.825012,6430224,290.649994,547.513,1174.869995,3671.300049,62.634
429.575012,6964500,287.600006,549.5,1168.300049,3646.75,62.72
427.975006,5319530,285.149994,545.549988,1159.800049,3656.449951,62.781
431.899994,5386508,286.850006,554.575012,1164.930054,3685.199951,62.542
425.049988,5913976,280.75,555.099976,1128.099976,3650.699951,63.083
421.049988,6327178,281.649994,566.661987,1119.869995,3647.050049,62.78
428.424988,8718200,283.100006,560.125,1143.77002,3661.550049,62.623
434.325012,4237880,287.299988,557.375,1132.699951,3664.899902,62.701
428.075012,6370436,281.600006,557.612,1121.599976,3655.0,62.49
427.049988,4757144,278.25,564.362,1113.569946,3623.850098,62.41
420.975006,6058224,274.75,558.362,1115.22998,3594.399902,62.23
423.975006,4223500,270.549988,552.862,1114.77002,3587.300049,62.348
422.450012,4692786,265.399994,554.775024,1088.5,3614.75,62.412
414.649994,9427386,256.649994,536.588013,1089.630005,3561.449951,62.836
405.850006,10664284,263.600006,550.536987,1118.5,3610.050049,62.523
405.375,7922962,267.899994,557.0,1152.5,3660.949951,62.51
413.0,9250942,267.049988,554.588013,1146.430054,3697.350098,62.291
418.024994,6669386,273.450012,543.487,1156.170044,3644.699951,62.142
412.325012,5638734,274.649994,544.549988,1171.930054,3628.949951,62.207
416.424988,9726422,272.049988,539.875,1179.800049,3599.899902,62.296
432.950012,11347420,273.899994,550.138,1186.300049,3628.699951,62.192
447.549988,12469862,280.850006,553.75,1180.530029,3659.199951,62.306
452.174988,11576924,285.75,558.487,1176.0,3666.600098,62.276
461.25,9224402,286.299988,559.700012,1202.329956,3665.199951,62.407
461.825012,10163386,290.0,553.424988,1191.77002,3680.25,62.36
464.174988,9224384,292.399994,548.661987,1169.530029,3677.899902,62.317
463.424988,10953102,291.75,544.812012,1159.829956,3646.800049,62.55
442.825012,17202330,287.649994,533.036987,1132.300049,3608.050049,63.137
438.225006,8095048,289.200012,535.650024,1125.829956,3490.149902,62.854
439.875,6748376,283.850006,534.424988,1163.72998,3462.949951,62.98
438.524994,6097602,277.649994,530.5,1149.400024,3494.449951,63.277
439.450012,5810518,275.549988,498.799988,1119.069946,3541.399902,63.662
437.649994,5048454,267.049988,496.162994,1111.800049,3648.399902,63.346
432.600006,6714572,272.5,490.225006,1110.300049,3822.600098,63.053
425.0,7492024,271.899994,490.287994,1103.5,3766.199951,63.46
431.174988,15910372,269.75,485.562012,1087.530029,3725.850098,63.529
445.475006,6893384,277.149994,498.274994,1086.199951,3757.75,63.516
446.075012,8158936,272.049988,490.687988,1094.930054,3793.050049,63.369
440.125,10257994,265.399994,480.513,1043.099976,3634.550049,63.621
435.375,7650924,260.950012,486.0,1045.930054,3543.600098,64.073
444.850006,7819576,261.950012,489.487,1067.5,3610.550049,63.711
447.975006,6498166,276.049988,498.412994,1076.869995,3651.699951,64.007
434.350006,7611912,267.399994,486.774994,1039.599976,3577.449951,64.147
442.549988,7635334,274.299988,489.174988,1059.800049,3604.100098,64.013
439.100006,5636730,280.950012,483.700012,1051.22998,3646.5,63.383
436.975006,3808980,287.450012,490.437988,1061.300049,3671.199951,63.44
445.774994,4501964,289.75,498.263,1074.900024,3697.600098,63.708
447.774994,6634872,288.450012,505.587006,1080.469971,3706.75,63.763
454.424988,3981412,292.600006,511.825012,1075.030029,3711.899902,63.598
448.375,4918892,290.25,512.112,1092.199951,3698.100098,63.58
451.924988,3816904,282.450012,511.612,1102.300049,3702.550049,63.49
447.25,3025224,277.649994,504.200012,1086.829956,3692.75,63.496
442.299988,4347766,277.149994,501.825012,1078.930054,3726.449951,63.972
442.649994,3693098,280.75,492.125,1090.27002,3721.899902,63.826
437.899994,12132678,277.600006,504.149994,1084.5,3708.899902,63.763
438.5,13384696,278.149994,505.787994,1102.969971,3785.699951,63.743
451.125,8958164,278.200012,511.950012,1137.030029,3882.850098,63.594
449.325012,9225142,266.25,502.162994,1115.699951,3831.399902,63.689
448.174988,7107236,257.399994,505.225006,1102.430054,3777.199951,63.997
456.350006,7283298,257.600006,507.013,1108.300049,3772.050049,63.964
453.875,5973490,257.799988,502.912994,1122.400024,3759.449951,63.77
442.725006,4958862,254.949997,500.013,1119.170044,3723.5,63.947
441.850006,4184606,257.600006,498.024994,1111.27002,3692.300049,64.01
452.899994,6176034,260.600006,506.625,1137.369995,3742.550049,63.766
438.575012,6709574,254.0,499.412994,1117.430054,3701.399902,63.959
444.924988,9849112,253.949997,493.763,1104.969971,3736.800049,64.1
450.875,5878506,250.25,495.225006,1112.27002,3767.399902,64.085
451.975006,6368010,254.600006,499.674988,1118.27002,3789.600098,64.166
465.600006,11992678,255.100006,497.850006,1140.569946,3808.75,64.011
489.475006,22568840,258.100006,500.975006,1144.77002,3861.100098,63.577
498.325012,20897502,260.149994,497.674988,1144.069946,3937.350098,63.5
495.850006,8866370,266.0,511.924988,1155.0,3980.649902,63.523
497.5,7318090,267.75,500.200012,1177.699951,4017.149902,63.607
495.450012,8504668,262.350006,497.549988,1168.829956,4009.300049,63.526
502.274994,12423550,264.799988,495.225006,1206.5,4031.5,63.518
500.350006,9585314,265.200012,502.625,1187.130005,4069.949951,63.452
495.424988,9220564,259.649994,495.075012,1193.699951,3993.300049,63.707
500.049988,10599340,262.75,492.174988,1188.530029,4023.350098,63.604
502.825012,6777156,267.75,498.700012,1207.800049,4031.699951,63.55
505.424988,7283210,267.850006,494.0,1200.22998,3993.399902,63.299
503.600006,6323112,269.399994,495.149994,1204.869995,3998.899902,63.411
507.774994,5594680,270.799988,491.649994,1210.699951,3987.949951,63.264
501.625,5163694,272.899994,490.25,1207.569946,3972.149902,63.476
498.299988,6944656,267.350006,478.75,1204.300049,3949.0,63.459
493.700012,7427064,267.75,469.0,1232.599976,3935.649902,63.318
500.899994,7365212,270.549988,468.75,1250.930054,3934.399902,63.358
503.5,4507774,273.700012,475.075012,1238.469971,4035.25,63.45
498.899994,4545572,268.200012,485.625,1238.369995,4050.649902,63.281
505.575012,6186792,268.049988,492.0,1246.27002,4152.149902,63.507
511.850006,6790884,272.200012,494.524994,1245.369995,4178.149902,63.463
510.850006,4660876,271.100006,500.924988,1247.72998,4193.0,63.492
512.375,2902254,267.450012,500.625,1244.869995,4176.049805,63.6
503.899994,3622284,264.299988,556.325012,1229.969971,4152.850098,63.583
525.200012,7913294,268.549988,551.575012,1236.300049,4191.149902,63.571
522.650024,8522914,270.049988,549.0,1220.699951,4234.049805,63.921
512.525024,5988726,263.25,543.799988,1201.569946,4234.200195,64.106
502.674988,9197526,258.450012,532.650024,1162.22998,4178.100098,64.202
505.125,6118202,259.200012,531.424988,1172.630005,4196.950195,63.799
498.0,6761866,253.600006,542.700012,1193.530029,4273.700195,63.821
500.075012,5349408,256.799988,535.0,1182.5,4296.450195,64.138
500.924988,7604624,270.049988,538.525024,1194.170044,4331.450195,63.988
501.225006,4520364,281.049988,539.474976,1186.27002,4427.049805,64.177
494.0,5489138,288.600006,528.625,1183.170044,4438.799805,63.798
493.875,6558056,285.399994,543.174988,1186.400024,4471.649902,63.692
489.475006,3981022,289.049988,543.474976,1220.5,4452.100098,63.722
492.174988,3935694,281.299988,547.799988,1222.300049,4452.950195,63.739
484.450012,4246570,282.75,543.0,1213.829956,4497.149902,63.773
483.0,4005904,268.799988,554.575012,1200.77002,4504.299805,64.332
471.450012,4411804,256.350006,572.200012,1175.0,4504.299805,64.855
466.674988,4270094,259.299988,579.0,1173.430054,4492.850098,65.203
483.475006,5824010,268.5,574.625,1199.670044,4572.5,65.129
475.350006,4963652,279.75,571.075012,1186.900024,4549.799805,65.436
472.049988,3031166,284.799988,582.174988,1200.099976,4634.0,65.454
477.299988,4058402,278.0,587.775024,1209.800049,4671.850098,65.109
458.149994,8689858,270.549988,567.275024,1187.900024,4634.149902,65.433
453.975006,9166424,267.5,574.950012,1160.0,4567.350098,66.034
414.774994,16291446,245.399994,546.025024,1087.699951,4241.799805,66.814
424.075012,22631686,253.350006,542.825012,1083.099976,4199.0,66.28
426.700012,8665824,245.699997,532.299988,1061.469971,4207.049805,66.004
434.575012,12342370,249.449997,541.400024,1080.030029,4203.75,65.968
436.200012,4923780,248.949997,555.525024,1077.630005,4205.850098,66.15
427.950012,9467432,247.350006,547.200012,1068.599976,4167.200195,66.412
419.924988,9895684,239.100006,544.5,1038.599976,4061.449951,66.383
424.774994,8984402,230.550003,549.724976,1018.429993,4030.0,66.202
426.924988,5330550,232.25,549.674988,1045.869995,4143.25,66.1
417.950012,7406072,225.149994,536.974976,1022.570007,4063.300049,66.685
416.600006,4678930,221.100006,529.375,1006.330017,4069.600098,66.886
424.299988,5897660,228.350006,529.400024,1043.0,4139.299805,66.294
437.024994,7927582,231.649994,544.349976,1061.670044,4305.149902,66.619
433.5,5062846,227.449997,540.224976,1076.900024,4301.450195,66.299
430.475006,4861888,230.100006,545.375,1068.630005,4317.75,66.241
431.924988,3640906,235.25,549.875,1070.630005,4319.5,66.261
433.5,5261888,232.899994,549.599976,1038.77002,4325.0,66.447
436.274994,6137372,236.800003,550.825012,1032.469971,4355.600098,66.219
447.700012,15663184,242.0,552.224976,1027.069946,4400.850098,65.868
439.049988,5820728,245.25,552.325012,1033.5,4490.25,65.691
423.950012,7198324,237.949997,553.724976,989.96698,4473.049805,65.91
425.174988,6958648,239.850006,558.125,996.867004,4497.649902,66.184
418.674988,13293018,239.050003,570.275024,974.96698,4566.649902,66.11
417.125,5314394,239.449997,552.775024,953.367004,4536.25,66.267
420.375,7247674,241.899994,560.924988,964.166992,4682.299805,65.837
431.149994,7905330,237.149994,580.974976,977.5,4685.600098,65.517
432.350006,3960612,235.149994,586.525024,993.400024,4580.350098,65.631
444.0,7321708,240.0,590.875,1033.77002,4414.049805,65.134
449.024994,5636996,240.100006,577.299988,1036.569946,4354.0,65.129
456.899994,5264358,243.550003,566.599976,1029.829956,4364.5,64.907
444.549988,4915978,243.300003,566.075012,1022.469971,4353.75,64.819
443.674988,4264390,243.449997,583.700012,1030.930054,4276.350098,64.78
445.875,2840098,244.550003,561.450012,1036.0,4231.850098,64.795
446.799988,2817316,243.800003,549.700012,1030.530029,4273.850098,65.098
451.475006,3658514,244.25,548.799988,1026.900024,4249.75,64.736
451.850006,4136660,248.949997,548.674988,1040.329956,4377.399902,64.779
457.399994,6970386,256.799988,547.450012,1069.969971,4447.0,64.703
481.75,15317750,254.5,555.974976,1053.869995,4458.950195,64.919
478.350006,8271006,254.850006,562.974976,1049.030029,4508.75,65.024
477.5,6585230,249.800003,569.200012,1033.630005,4474.700195,65.146
477.825012,5556136,253.399994,574.950012,1006.869995,4380.899902,64.892
471.424988,5000840,251.25,576.075012,1005.630005,4385.149902,64.921
469.774994,5303952,248.800003,574.700012,996.5,4497.0,65.112
468.475006,5467128,242.050003,576.599976,995.166992,4495.200195,64.954
470.5,6071344,236.949997,572.525024,980.5,4439.549805,65.449
473.850006,6110650,237.050003,567.724976,940.5,4449.0,65.423
479.899994,3301676,236.899994,565.599976,925.767029,4495.75,65.561
483.600006,5199592,235.949997,572.75,915.53302,4482.549805,65.569
475.649994,4586836,239.0,568.400024,912.067017,4520.549805,65.609
468.299988,4922518,233.899994,561.450012,912.632996,4526.600098,65.86
476.200012,3825198,243.0,569.150024,918.166992,4522.799805,66.14
480.625,7786320,246.100006,567.299988,906.03302,4628.200195,66.475
461.375,5251122,241.199997,551.924988,898.932983,4712.700195,66.2
466.524994,6255098,240.25,550.400024,887.46698,4619.799805,66.059
467.149994,7015926,248.300003,540.099976,904.767029,4646.899902,65.886
463.875,3926210,247.850006,530.75,901.166992,4632.25,65.981
456.0,5142766,241.0,510.0,896.299988,4533.25,66.033
467.375,5569752,243.899994,523.900024,905.96698,4650.350098,66.09
473.424988,5167930,242.949997,526.200012,911.232971,4737.899902,66.058
476.875,4800026,242.699997,526.849976,912.599976,4736.25,66.395
483.850006,6768886,241.399994,520.575012,894.367004,4639.899902,66.262
494.325012,10883224,242.5,526.200012,888.432983,4606.549805,66.565
489.524994,4979394,249.699997,533.174988,910.0,4580.049805,66.907
483.549988,13678054,248.649994,543.950012,916.400024,4555.0,66.462
482.950012,5934650,250.199997,539.5,909.900024,4556.200195,66.434
488.975006,3462408,244.600006,530.349976,902.666992,4618.799805,66.591
488.600006,5194048,241.100006,528.875,898.567017,4627.049805,66.79
482.725006,6146002,241.100006,524.525024,893.232971,4600.350098,66.643
476.024994,6621556,238.649994,523.125,894.099976,4564.200195,66.773
470.450012,3443452,235.949997,522.200012,881.400024,4542.549805,66.857
457.950012,4194236,234.399994,514.099976,867.132996,4479.100098,66.855
475.174988,8499730,231.949997,523.674988,873.96698,4498.100098,66.756
476.475006,8300090,227.300003,526.400024,857.166992,4480.75,67.148
477.549988,4829460,225.949997,534.75,849.599976,4576.799805,67.093
487.950012,7186122,226.399994,538.775024,855.46698,4620.0,66.863
489.325012,5530496,227.300003,547.924988,853.932983,4619.399902,66.476
504.850006,8854870,230.899994,553.549988,864.132996,4666.75,66.421
495.950012,7322040,226.5,541.575012,858.267029,4620.450195,66.255
496.049988,5637670,230.449997,551.724976,860.200012,4639.100098,66.251
493.649994,5293656,228.350006,541.875,853.46698,4617.200195,66.244
501.899994,5906346,229.649994,550.424988,860.666992,4634.950195,66.037
500.274994,5441138,228.300003,548.174988,863.0,4598.399902,65.947
505.200012,5891016,228.899994,552.375,863.432983,4640.0,66.137
507.700012,6818120,228.199997,552.349976,859.700012,4636.899902,66.235
502.25,3726642,225.800003,543.150024,855.666992,4587.200195,66.475
507.299988,8450132,224.449997,552.700012,850.299988,4621.950195,66.208
507.674988,2476270,227.800003,552.625,859.46698,4638.5,66.235
497.649994,13793142,220.699997,539.450012,837.299988,4580.649902,66.579
502.575012,6832918,217.75,537.025024,837.932983,4566.950195,66.481
516.099976,12233710,216.850006,534.674988,824.567017,4480.799805,66.698
506.625,9024438,209.550003,525.400024,804.267029,4267.899902,66.891
512.875,9743678,208.949997,531.650024,786.067017,4214.75,66.847
525.799988,13265342,204.300003,527.849976,782.232971,4272.399902,66.76
522.724976,10685522,199.399994,524.974976,786.099976,4269.0,66.946
538.424988,32825622,200.899994,541.700012,771.166992,4291.25,66.917
530.825012,12719826,196.050003,566.5,756.432983,4248.25,67.316
536.650024,13151450,184.300003,569.950012,738.599976,4273.350098,67.775
508.424988,12459918,181.0,565.950012,722.367004,4236.200195,67.661
521.799988,9824192,182.949997,569.825012,748.632996,4198.149902,67.734
502.274994,20624706,173.649994,560.625,744.067017,4058.949951,67.958
492.100006,14523544,175.600006,568.525024,735.132996,3891.699951,67.799
502.075012,10826910,184.600006,568.125,761.46698,4104.950195,67.549
501.975006,5988680,182.949997,568.825012,742.767029,4081.350098,67.755
499.674988,7886590,184.399994,569.25,738.53302,4111.950195,68.144
508.450012,10548946,185.25,564.799988,716.333008,4103.299805,68.053
517.700012,8767154,179.899994,582.450012,734.432983,4095.850098,67.878
515.150024,4534546,172.75,586.674988,748.03302,3948.25,67.835
500.575012,6752932,169.399994,587.775024,747.932983,3874.949951,67.975
490.700012,7173616,166.050003,578.849976,739.200012,3828.350098,67.934
486.524994,8322158,162.850006,589.875,757.132996,3794.649902,67.544
485.450012,9599764,168.199997,587.349976,759.932983,3723.399902,67.81
480.524994,5521706,172.149994,575.400024,753.53302,3732.550049,68.034
478.75,8962058,167.050003,553.825012,742.799988,3657.100098,67.901
481.325012,7718500,159.0,554.275024,747.067017,3678.550049,67.861
462.274994,7824326,154.25,539.325012,728.267029,3541.449951,68.471
453.274994,13403870,154.800003,542.325012,702.432983,3549.649902,68.118
473.375,8815778,167.850006,545.875,766.267029,3711.25,68.131
465.274994,5954526,156.399994,539.575012,736.0,3705.199951,68.474
476.299988,7059664,158.949997,548.924988,748.299988,3749.149902,68.329
470.049988,6598322,159.800003,561.700012,766.432983,3653.25,68.542
472.174988,4679328,164.699997,563.625,767.0,3579.149902,68.545
481.149994,5838396,164.949997,563.325012,766.5,3520.800049,68.533
474.825012,8681492,158.5,561.950012,753.432983,3487.399902,68.561
476.325012,6942622,156.300003,562.674988,741.932983,3489.699951,68.431
472.049988,11350050,151.800003,555.150024,724.299988,3414.149902,68.768
475.174988,3817066,155.899994,560.575012,740.432983,3409.199951,68.737
483.325012,14186948,158.75,542.025024,717.333008,3236.5,68.208
490.649994,7521846,162.050003,562.724976,749.299988,3494.399902,67.753
500.75,9191772,181.149994,578.0,758.599976,3612.649902,67.395
506.424988,7260012,182.75,584.650024,804.732971,3608.649902,67.122
503.200012,4108856,188.399994,585.325012,795.46698,3555.100098,66.938
513.5,6045108,183.350006,581.724976,791.632996,3462.649902,67.313
520.849976,5419662,183.399994,589.25,808.567017,3576.399902,67.128
505.875,9466248,180.5,571.25,790.767029,3627.199951,67.302
507.25,7003352,180.100006,571.5,790.432983,3641.199951,66.921
509.875,5431180,181.75,570.599976,789.46698,3648.149902,67.138
510.25,4794664,185.300003,567.200012,787.166992,3654.550049,67.372
510.875,5058148,185.199997,576.224976,788.799988,3667.350098,67.173
508.0,7695480,186.350006,580.875,795.5,3635.449951,66.619
513.599976,6414492,191.25,596.700012,799.53302,3621.399902,66.384
518.650024,5809704,196.800003,597.450012,818.767029,3669.550049,66.5
523.924988,7009934,197.5,594.974976,824.867004,3699.550049,66.755
514.599976,7683308,196.600006,603.900024,828.367004,3736.0,66.93
510.200012,8261106,188.300003,602.450012,804.232971,3638.949951,66.608
518.125,7255802,189.5,598.625,795.96698,3729.949951,66.375
523.525024,6607560,197.550003,602.974976,818.700012,3727.449951,66.375
522.599976,14095970,194.25,609.150024,811.132996,3716.300049,66.255
517.224976,5660230,195.649994,602.724976,825.267029,3723.199951,66.365
517.525024,3946520,194.699997,621.849976,823.900024,3683.25,66.106
513.474976,4690296,184.350006,609.900024,796.767029,3554.850098,66.422
516.875,3195950,183.850006,600.349976,807.900024,3573.050049,66.517
518.625,4018110,181.949997,590.75,788.599976,3471.0,66.757
518.174988,6131402,183.100006,582.875,794.833008,3430.649902,66.551
520.150024,4712636,188.25,591.950012,808.900024,3478.649902,66.287
523.700012,5104198,187.800003,591.099976,814.932983,3573.699951,66.283
533.025024,7332282,191.899994,586.349976,823.267029,3731.600098,66.496
532.375,8716204,186.75,619.349976,835.333008,3718.949951,66.416
518.650024,9914994,187.300003,621.799988,843.96698,3670.050049,66.166
520.575012,5202872,194.350006,613.150024,834.632996,3705.300049,66.489
519.474976,5351172,200.149994,605.625,843.400024,3816.050049,66.66
508.450012,27959172,197.050003,607.924988,843.666992,3727.949951,66.685
508.475006,12082558,200.949997,616.075012,854.0,3871.550049,66.404
509.700012,6630120,196.149994,620.075012,850.96698,3859.399902,66.362
498.350006,28321014,192.050003,604.575012,839.700012,3747.949951,66.401
491.350006,10734120,189.0,604.049988,836.400024,3794.649902,66.425
493.475006,4855506,186.0,600.525024,833.833008,3830.850098,66.346
487.899994,8033248,184.050003,588.900024,834.267029,3819.949951,66.558
489.049988,6192906,179.949997,594.424988,831.200012,3811.550049,66.627
487.625,9904822,180.350006,596.224976,849.232971,3836.850098,66.558
484.475006,6742440,184.350006,590.75,840.299988,3818.949951,66.6
491.549988,7016176,188.699997,599.525024,863.03302,3846.5,66.752
491.274994,3313680,189.5,606.400024,880.03302,3844.800049,66.631
487.700012,5641398,185.0,600.924988,885.166992,3890.050049,66.561
496.399994,5845428,188.5,605.0,877.400024,3854.199951,66.757
489.075012,6696706,184.850006,603.625,857.666992,3846.25,66.855
487.975006,4264144,176.800003,607.5,855.5,3881.600098,66.844
484.575012,5558046,176.850006,607.125,860.732971,3950.699951,66.825
485.274994,3761948,179.949997,604.924988,873.232971,3914.899902,67.14
475.600006,4176116,172.699997,602.875,844.067017,3926.600098,67.436
467.100006,8477976,171.350006,600.799988,836.732971,3944.949951,67.408
465.0,8396196,168.399994,594.0,827.46698,3913.850098,67.409
470.225006,5615474,169.5,593.875,828.099976,3924.199951,67.63
475.600006,4224270,175.100006,604.325012,861.067017,4060.949951,67.273
473.424988,6487202,184.149994,617.075012,982.767029,4118.0,66.927
487.350006,6126758,195.899994,623.75,983.267029,4146.600098,67.031
484.350006,4404182,198.850006,633.799988,991.400024,4071.75,67.171
478.924988,10666938,204.949997,624.325012,982.367004,4161.600098,67.209
476.799988,4134068,198.25,629.099976,976.700012,4165.350098,67.434
478.125,4687704,200.550003,630.775024,984.833008,4186.649902,67.268
479.825012,3951424,196.600006,633.450012,973.732971,4217.950195,67.0
477.399994,3964932,198.899994,633.375,978.799988,4142.0,66.79
477.524994,8665254,210.149994,628.700012,991.932983,4135.649902,66.658
477.049988,5547950,210.699997,619.049988,1007.469971,4160.100098,66.5
485.575012,7151680,209.949997,592.75,994.299988,4169.149902,66.753
488.350006,7459474,205.949997,590.299988,991.799988,4111.5,66.952
490.549988,4669712,201.800003,590.450012,977.432983,4134.75,67.187
488.125,4994016,207.699997,587.5,973.700012,4104.5,67.292
492.299988,5087842,216.050003,594.974976,1009.200012,4209.600098,67.079
488.149994,4284658,216.0,593.0,996.132996,4084.100098,67.315
487.450012,4816192,213.449997,589.75,986.833008,4114.5,67.074
495.100006,4918474,215.899994,604.375,1004.700012,4133.200195,67.551
493.549988,6369730,214.0,603.049988,996.53302,4157.399902,67.624
490.25,5846568,212.899994,599.75,994.367004,4151.350098,67.449
490.225006,4497386,217.550003,605.799988,999.067017,4168.600098,67.279
475.725006,11422346,211.25,597.275024,953.732971,4070.050049,67.885
477.825012,4189198,217.149994,583.099976,977.833008,4025.100098,67.914
478.899994,3476740,215.899994,579.575012,982.700012,4078.699951,67.715
483.450012,3439714,217.199997,588.424988,988.799988,4131.25,67.422
484.575012,5832658,218.800003,585.400024,997.666992,4187.200195,67.504
486.725006,3021958,219.600006,586.200012,1028.430054,4165.399902,67.19
493.350006,3567500,223.0,591.974976,1045.400024,4173.799805,67.265
496.549988,5193356,223.5,587.724976,1050.72998,4173.350098,67.434
493.950012,5499296,220.050003,578.625,1036.329956,4141.100098,67.495
489.200012,3264450,218.300003,579.099976,1021.77002,4161.799805,67.139
496.25,3779212,224.699997,587.525024,1039.869995,4272.049805,67.138
501.700012,4465370,226.699997,588.275024,1045.329956,4370.399902,66.975
504.375,6818772,227.699997,596.900024,1034.27002,4321.399902,67.016
502.450012,4918366,232.0,588.125,1042.969971,4428.299805,66.843
506.100006,6397124,231.5,536.275024,1057.22998,4472.049805,67.141
503.125,14678172,228.75,540.974976,1049.599976,4454.75,67.137
508.899994,7611500,229.600006,543.474976,1048.530029,4485.700195,67.204
511.5,5607290,231.149994,541.549988,1047.22998,4469.149902,67.163
503.174988,3068088,225.649994,539.950012,1038.369995,4413.700195,67.153
507.424988,3154228,223.5,536.224976,1049.329956,4414.700195,67.154
511.375,3767768,229.899994,540.424988,1057.27002,4550.549805,67.412
512.025024,4807744,226.699997,544.349976,1061.800049,4471.299805,67.321
506.549988,5042896,229.25,542.674988,1068.099976,4558.149902,67.072
513.174988,7136750,231.0,538.75,1051.5,4763.5,67.014
507.450012,4402328,229.399994,536.924988,1039.22998,4757.600098,66.655
504.75,3647388,227.300003,542.625,995.799988,4866.25,66.764
506.399994,3524816,228.050003,541.900024,1002.22998,4986.049805,66.682
496.975006,5427608,226.649994,542.450012,985.732971,4873.850098,66.767
496.5,4657432,225.649994,535.900024,979.432983,4889.649902,66.84
508.125,5535828,232.75,534.0,1008.130005,4941.649902,66.842
514.625,6197506,233.25,539.349976,1004.77002,4991.75,66.81
515.349976,6076092,235.149994,541.700012,1000.630005,4960.850098,66.774
501.825012,6158926,231.5,541.174988,988.799988,4861.600098,66.765
507.049988,6477798,227.149994,538.674988,983.132996,4878.649902,66.75
517.900024,7481722,243.300003,531.275024,994.599976,4898.600098,66.908
512.450012,6111206,246.75,525.900024,1004.22998,4864.200195,66.87
506.649994,7079940,246.25,516.650024,1001.669983,4889.850098,66.893
509.024994,3542898,248.399994,511.700012,988.067017,4915.850098,66.83
507.450012,3738616,258.5,510.649994,996.232971,4900.100098,67.137
505.924988,3055808,254.800003,507.725006,995.099976,4837.75,67.202
505.225006,3346656,254.75,519.825012,984.767029,4833.799805,67.122
510.25,3986306,254.399994,528.700012,982.333008,4948.549805,67.167
506.350006,6839550,250.149994,518.075012,969.767029,4933.700195,67.016
513.950012,4406930,246.600006,510.125,951.46698,4920.899902,67.136
528.724976,7402990,249.050003,511.399994,973.0,4927.399902,67.113
533.200012,8307044,252.25,520.200012,983.767029,5067.649902,67.144
530.0,10649920,252.5,517.924988,1008.630005,5053.649902,66.973
514.599976,19484908,252.0,518.775024,1004.72998,5060.75,66.801
506.674988,12857628,254.600006,515.924988,1003.369995,5160.450195,66.795
509.950012,5262182,260.100006,522.5,1010.929993,5319.700195,66.28
508.825012,5909990,266.799988,527.174988,1012.169983,5336.049805,66.478
516.700012,5580392,268.350006,518.825012,1026.329956,5489.399902,66.631
522.275024,6980882,264.100006,517.75,1011.799988,5403.0,66.895
523.25,15399600,252.75,527.0,975.46698,5329.0,66.738
522.375,8505508,257.549988,522.799988,983.53302,5363.899902,66.798
532.5,14341770,256.0,521.099976,980.166992,5452.399902,66.86
537.775024,17977852,254.300003,530.075012,982.132996,5573.299805,67.075
541.200012,7624648,255.649994,530.599976,986.53302,5491.899902,66.98
537.099976,5271708,254.449997,525.075012,983.96698,5514.850098,66.985
536.125,5002952,251.149994,527.875,981.400024,5501.25,66.744
544.474976,8577088,257.899994,529.400024,999.96698,5597.100098,66.633
551.400024,14211450,254.550003,521.275024,998.0,5601.799805,66.707
553.599976,17469886,251.649994,517.950012,977.132996,5568.899902,66.613
555.25,8857386,249.0,519.875,957.599976,5511.399902,66.425
545.325012,11346976,253.75,519.474976,970.599976,5521.799805,66.349
536.224976,9719492,247.25,514.599976,958.400024,5438.600098,66.812
541.849976,5120210,251.25,518.025024,955.432983,5477.299805,66.556
545.349976,8286218,255.300003,519.049988,980.46698,5681.0,66.546
548.174988,5995088,259.75,524.599976,966.099976,5680.0,66.609
544.700012,4932794,260.850006,520.75,969.299988,5689.200195,66.572
555.400024,9651260,256.799988,513.700012,969.666992,5710.450195,66.697
554.5,6985676,258.700012,506.274994,971.299988,5683.799805,66.602
548.174988,5281946,256.600006,514.974976,966.666992,5712.350098,66.492
528.575012,10029334,249.649994,526.174988,958.932983,5718.549805,66.794
538.825012,6978946,252.100006,513.575012,983.232971,5690.450195,66.717
530.325012,4492474,253.199997,511.200012,965.299988,5599.100098,66.789
540.549988,5062266,256.899994,519.525024,992.166992,5626.700195,66.733
543.674988,7805312,255.399994,520.900024,994.03302,5604.600098,66.645
543.775024,4629042,260.200012,518.325012,1002.429993,5644.5,66.83
532.099976,19936484,258.5,519.150024,1007.22998,5650.200195,66.926
531.650024,4806198,262.950012,513.549988,995.099976,5713.899902,66.845
530.424988,3501422,261.450012,508.600006,989.400024,5781.450195,66.806
527.025024,5004110,258.75,507.100006,988.200012,5869.100098,66.863
524.349976,5871148,255.399994,501.75,983.53302,5860.149902,66.881
527.474976,3715834,258.0,498.75,987.132996,5876.149902,66.778
525.5,4674022,258.950012,494.725006,975.432983,5878.100098,66.696
511.875,3218450,251.050003,490.524994,965.767029,5794.600098,66.762
511.975006,3342742,245.649994,483.424988,962.799988,5805.549805,66.668
502.774994,5273822,242.850006,485.5,946.53302,5704.850098,66.796
500.575012,4345842,252.699997,488.975006,932.0,5715.950195,66.745
501.75,6140692,252.649994,491.299988,931.46698,5669.0,66.246
502.299988,9893146,260.0,479.149994,926.96698,5392.950195,66.515
505.200012,4463814,281.299988,469.700012,941.400024,5328.5,66.865
500.875,6754784,273.0,460.774994,925.867004,5134.25,67.565
492.700012,6623184,278.200012,461.774994,913.53302,4846.600098,67.786
493.274994,7566452,277.200012,470.450012,917.03302,4990.799805,67.999
488.875,5773270,277.450012,464.899994,914.0,4925.549805,68.023
493.75,8303856,275.799988,460.0,913.632996,4950.899902,68.191
495.75,6049424,257.350006,455.549988,898.599976,4787.450195,68.228
500.725006,8067320,257.350006,457.100006,886.367004,4934.549805,68.396
504.5,5992496,258.649994,460.125,904.833008,4880.850098,68.784
493.674988,8646750,261.75,465.149994,899.767029,4830.149902,68.761
496.850006,4779658,260.950012,488.75,913.799988,4873.600098,68.519
493.325012,3800322,253.550003,489.875,904.632996,4893.75,68.579
498.850006,4519218,252.699997,486.299988,901.632996,5088.149902,68.615
495.024994,12616008,258.350006,487.774994,921.833008,5266.0,68.598
498.875,5773026,255.649994,487.799988,925.567017,5252.100098,68.236
497.375,5706090,254.100006,482.25,907.900024,5068.100098,68.031
496.924988,1822820,256.899994,480.825012,904.099976,5202.950195,68.025
502.600006,3075070,259.100006,483.25,908.099976,5135.200195,67.742
499.575012,2254226,255.600006,483.200012,902.53302,5116.649902,67.438
510.024994,4000460,259.899994,492.325012,911.299988,5234.600098,67.546
514.474976,3766666,266.649994,494.674988,908.132996,5235.0,67.47
513.599976,4125400,263.649994,488.674988,909.96698,5144.399902,67.431
519.900024,4738906,266.149994,495.100006,917.132996,5163.149902,67.411
529.75,11035658,262.899994,499.875,906.632996,5141.049805,67.475
526.474976,8837934,265.399994,496.174988,904.567017,5152.049805,67.857
528.575012,6831074,264.75,502.575012,907.067017,5188.649902,67.855
531.275024,6861900,261.350006,502.325012,896.632996,5115.049805,67.844
528.950012,5343438,254.550003,506.075012,903.666992,5108.0,67.917
531.625,9311516,255.350006,500.774994,894.666992,5137.850098,67.837
526.674988,13208832,249.800003,492.350006,876.432983,5084.399902,67.848
528.650024,4692828,249.149994,494.225006,891.632996,5197.149902,67.837
523.724976,7004598,244.199997,491.375,891.732971,5167.350098,67.76
532.349976,7974284,248.75,499.475006,903.732971,5224.0,67.978
524.849976,4405854,247.75,499.25,899.96698,5231.25,68.233
532.724976,4010412,247.649994,496.174988,892.799988,5314.799805,67.936
541.200012,7182986,250.199997,505.299988,899.400024,5319.549805,67.955
542.549988,3244916,243.600006,500.549988,906.400024,5466.0,68.145
544.700012,2941502,244.899994,496.924988,911.46698,5508.399902,68.26
533.575012,4751094,242.899994,498.875,917.732971,5502.149902,67.886
538.700012,3992966,245.350006,498.075012,928.200012,5634.950195,67.743
537.474976,3586854,245.899994,486.125,927.299988,5615.549805,68.115
538.849976,2390514,247.050003,485.174988,920.432983,5658.5,68.1
544.924988,5188800,248.300003,485.274994,925.0,5674.850098,68.327
543.025024,5246422,252.149994,484.549988,941.567017,5762.350098,68.312
541.650024,1998728,251.25,500.024994,966.232971,5777.350098,68.141
545.200012,3307338,250.899994,487.899994,959.166992,5699.5,68.18
538.125,5492010,255.75,477.825012,961.867004,5676.899902,68.103
520.625,17936580,256.0,477.700012,963.833008,5669.399902,67.862
516.275024,7254142,258.350006,475.399994,968.299988,5684.450195,68.22
516.849976,6987456,258.399994,479.049988,966.299988,5718.350098,68.1
512.900024,4016164,251.050003,474.350006,943.166992,5668.950195,68.075
507.950012,6267066,254.149994,476.350006,929.03302,5700.0,68.051
513.650024,4306182,254.899994,472.774994,946.53302,5737.200195,68.138
508.649994,10906460,259.200012,468.299988,966.5,5802.549805,67.988
512.549988,9994478,266.450012,471.075012,959.932983,5915.899902,68.105
522.400024,7167512,263.950012,474.674988,961.867004,5894.950195,67.829
522.599976,6914730,260.350006,464.299988,964.166992,5894.25,67.515
524.825012,5171596,270.700012,458.375,993.5,6179.200195,67.415
521.75,4159816,273.299988,467.950012,984.333008,6144.350098,67.21
516.825012,6043502,277.549988,468.049988,987.132996,6115.450195,67.184
520.825012,4567964,277.049988,467.625,989.200012,6149.700195,67.195
515.450012,4528490,277.899994,471.125,1000.200012,6213.200195,67.35
512.575012,7420188,277.200012,468.25,1004.570007,6194.649902,67.05
516.375,4508432,275.850006,473.0,993.799988,6157.100098,66.765
515.075012,5723062,276.350006,484.149994,1001.299988,6112.25,66.854
514.924988,3915976,271.649994,492.174988,1000.099976,6022.0,66.975
524.900024,8340828,270.200012,493.850006,995.067017,5939.850098,66.835
525.650024,6965690,268.950012,490.899994,986.666992,5862.700195,66.875
533.75,8985694,270.5,506.049988,980.166992,6024.549805,67.08
537.75,6787712,269.350006,500.049988,985.333008,5989.75,67.08
537.700012,5326254,269.649994,505.125,988.432983,6093.149902,66.905
544.099976,6485580,270.700012,506.799988,988.867004,6063.149902,66.985
603.75,58207852,272.299988,495.075012,984.632996,6079.649902,66.95
591.375,28458468,270.450012,504.424988,991.067017,6031.0,66.69
619.450012,38137822,268.25,506.200012,977.232971,5951.5,66.7
619.025024,16509062,269.200012,506.200012,979.46698,5922.5,66.725
617.25,11148306,271.75,512.575012,984.099976,5919.600098,66.865
618.375,8258066,267.299988,511.649994,982.632996,5918.75,66.785
629.275024,38541702,265.049988,515.599976,980.232971,5887.75,66.78
652.674988,30504308,269.850006,516.950012,990.400024,5934.850098,66.675
652.474976,19233700,267.799988,509.899994,990.932983,5888.5,66.625
645.599976,19812206,269.899994,503.899994,984.200012,5864.149902,66.765
643.375,14215340,273.25,505.774994,984.599976,5964.399902,66.69
640.825012,11331136,272.049988,510.924988,994.400024,5955.600098,66.555
644.75,12693240,274.649994,517.400024,1038.72998,6132.399902,65.775
652.474976,11021316,277.350006,505.975006,1032.599976,6137.350098,65.63
648.825012,7279928,279.299988,514.424988,1047.369995,6155.450195,65.385
650.349976,10390152,274.149994,520.150024,1035.030029,6192.600098,65.475
640.400024,5883428,273.899994,510.75,1025.099976,6158.899902,65.345
631.900024,10330214,272.350006,516.424988,1032.699951,6076.299805,65.344
629.849976,9276676,267.5,513.849976,1019.900024,6005.799805,65.455
636.650024,5398180,268.5,520.224976,1029.27002,6034.799805,65.455
643.375,7443822,276.5,515.700012,1034.130005,6004.649902,65.425
625.549988,14836244,279.450012,514.424988,1029.27002,5985.799805,64.995
622.875,9923868,282.100006,517.575012,1029.5,5974.25,65.045
628.325012,8651574,288.450012,515.924988,1037.699951,5944.149902,64.875
635.325012,12737718,291.049988,512.75,1038.300049,5956.600098,64.86
660.450012,20751038,293.399994,511.125,1049.930054,6015.700195,64.86
687.325012,20520654,293.149994,504.399994,1107.329956,6072.0,64.985
707.5,18434720,297.350006,497.975006,1130.969971,6342.399902,64.875
719.25,23142150,292.850006,499.799988,1122.130005,6291.649902,64.606
703.299988,14572302,289.450012,490.774994,1123.670044,6259.350098,64.27
690.674988,14066282,289.350006,476.700012,1116.030029,6268.850098,64.605
686.174988,14743454,294.5,483.575012,1136.599976,6247.799805,64.555
677.0,12548430,290.149994,484.424988,1135.199951,6154.5,64.69
682.400024,5812376,291.549988,465.700012,1119.030029,6077.950195,64.445
695.924988,5411708,289.899994,462.450012,1120.900024,6115.549805,64.48
685.099976,7322166,290.299988,461.325012,1113.0,6137.149902,64.605
684.400024,5290584,284.049988,459.600006,1113.699951,6196.950195,64.665
684.775024,3837224,284.799988,463.649994,1120.800049,6273.5,64.62
701.25,13820554,282.200012,461.850006,1125.0,6185.799805,64.65
708.700012,11663462,286.049988,463.274994,1155.130005,6318.350098,64.49
716.400024,16807408,286.049988,464.674988,1164.069946,6337.200195,64.33
708.224976,7663550,286.450012,457.125,1167.530029,6406.299805,64.13
704.75,5747310,282.049988,462.625,1177.829956,6374.049805,64.115
697.599976,5416808,289.75,459.475006,1166.530029,6524.850098,64.29
685.275024,8499368,288.299988,461.299988,1154.699951,6705.5,64.165
685.049988,4343098,289.799988,467.149994,1146.800049,6644.0,64.165
678.974976,6567622,299.049988,468.825012,1154.430054,6639.799805,64.215
664.125,7131086,296.0,465.75,1149.599976,6654.149902,64.315
660.700012,7345170,299.399994,472.75,1139.72998,6630.549805,64.36
665.174988,9649022,296.5,473.325012,1163.099976,6629.299805,64.68
679.549988,10471864,294.450012,471.825012,1159.5,6737.75,64.615
679.775024,6301512,298.100006,472.049988,1157.900024,6762.5,64.405
675.224976,3439458,297.899994,482.125,1160.400024,6730.200195,64.243
672.049988,3080426,301.399994,475.774994,1161.599976,6823.899902,64.065
678.150024,5785894,307.5,477.5,1160.469971,6953.950195,64.045
676.549988,4500608,307.649994,476.399994,1170.300049,6958.200195,64.13
663.674988,4475832,302.950012,480.875,1148.400024,6831.049805,64.88
659.424988,5857766,308.0,478.975006,1149.699951,6790.549805,64.565
662.075012,4023718,294.299988,480.725006,1167.969971,6701.700195,64.51
652.775024,4216446,288.850006,478.649994,1160.5,6878.850098,64.895
648.849976,6549608,283.149994,477.399994,1122.969971,6869.649902,64.77
651.224976,11850670,290.100006,491.649994,1179.22998,6985.700195,64.555
668.650024,9797278,288.450012,497.850006,1191.72998,7064.799805,64.51
678.450012,10982340,284.0,492.575012,1188.27002,7134.450195,64.54
679.674988,4415454,288.850006,498.100006,1178.369995,7147.5,64.635
670.349976,7508198,288.299988,488.524994,1173.800049,7211.0,64.51
664.125,4358656,287.450012,485.700012,1195.199951,7146.600098,64.478
662.375,5255130,287.049988,484.725006,1189.329956,7114.700195,64.415
664.674988,4953412,287.25,479.375,1203.27002,7125.700195,64.35
656.400024,4384712,287.299988,489.674988,1183.430054,7112.100098,64.43
669.5,5119908,290.549988,480.649994,1192.400024,7205.700195,64.435
665.849976,3613042,288.600006,478.225006,1182.829956,7249.5,64.25
667.849976,6325604,288.549988,474.299988,1185.469971,7464.850098,64.245
659.724976,3855026,284.950012,481.924988,1157.72998,7373.649902,64.48
657.174988,2754582,283.850006,478.899994,1159.329956,7348.950195,64.345
678.75,24202054,284.200012,479.299988,1176.300049,7351.049805,64.235
691.974976,12933608,284.0,476.049988,1156.900024,7312.299805,64.565
694.400024,14954314,285.950012,470.125,1151.130005,7263.899902,64.465
704.625,6965824,288.850006,464.924988,1170.530029,7249.25,64.495
706.174988,4636798,290.100006,471.774994,1167.0,7207.25,64.54
711.0,9139886,290.899994,471.674988,1169.469971,7268.200195,64.53
716.325012,10111884,294.5,470.075012,1157.599976,7316.100098,64.605
717.924988,14237664,288.950012,471.625,1148.469971,7219.149902,64.505
718.575012,14899756,279.649994,463.524994,1134.469971,7183.350098,64.475
699.25,7117076,276.399994,462.350006,1135.5,7225.049805,64.525
696.349976,5896644,272.450012,465.100006,1135.77002,7224.350098,64.66
690.0,3572422,273.649994,467.774994,1125.069946,7217.600098,64.62
690.525024,4203772,274.850006,475.950012,1124.829956,7354.0,64.845
710.974976,8602400,273.0,481.075012,1122.22998,7376.149902,64.79
721.325012,12439044,274.899994,475.450012,1130.199951,7377.649902,64.8
721.275024,6213034,281.0,473.5,1131.72998,7474.049805,64.725
745.575012,16387270,280.100006,467.700012,1136.27002,7432.799805,64.625
746.424988,1602158,285.549988,478.524994,1154.77002,7430.450195,64.475
747.174988,9598458,283.549988,487.674988,1160.72998,7457.0,64.565
755.549988,7819594,287.649994,486.174988,1159.699951,7476.649902,64.475
761.049988,10519518,288.75,488.524994,1175.099976,7567.549805,64.46
766.875,9386022,291.600006,486.024994,1171.199951,7557.25,64.424
775.875,8571618,293.0,492.024994,1171.25,7522.299805,64.345
759.950012,8978824,291.0,492.799988,1177.900024,7549.350098,64.316
766.474976,5390082,293.299988,489.924988,1181.300049,7561.5,64.27
764.450012,6229372,290.950012,484.725006,1185.650024,7490.950195,64.375
792.5,44410224,290.649994,490.049988,1179.25,7543.0,64.385
807.625,19854458,294.549988,495.274994,1178.0,7554.549805,64.395
801.075012,9172158,296.100006,496.924988,1170.849976,7504.850098,64.385
811.375,10036778,295.799988,497.024994,1180.25,7565.25,64.355
797.400024,8416142,298.350006,485.524994,1182.050049,7599.600098,64.125
797.224976,6552046,299.100006,498.674988,1161.400024,7630.450195,64.115
807.599976,7574068,312.5,505.600006,1193.949951,7750.049805,64.2
801.799988,5628596,309.0,502.774994,1190.050049,7856.100098,64.095
814.599976,9502770,307.700012,496.674988,1176.800049,7795.5,63.635
825.049988,9009552,300.549988,492.0,1174.75,7737.399902,63.705
811.075012,8494090,305.25,491.875,1175.849976,7770.299805,63.675
808.174988,4360036,311.200012,484.125,1179.949951,7838.649902,63.84
801.275024,5011136,303.649994,481.924988,1171.199951,7755.899902,63.692
799.400024,4771286,302.299988,484.674988,1153.900024,7661.600098,63.86
792.174988,4657686,296.700012,490.625,1157.699951,7578.75,64.095
773.125,7770128,280.149994,493.850006,1131.949951,7457.399902,64.14
786.525024,6144598,278.200012,490.725006,1146.900024,7608.450195,64.09
783.049988,6206788,283.100006,487.600006,1142.25,7701.149902,64.17
783.549988,7236358,280.850006,510.424988,1134.0,7582.450195,64.17
787.700012,3628022,278.700012,461.625,1130.599976,7598.799805,64.095
782.200012,3462376,274.649994,436.700012,1127.099976,7501.899902,64.11
780.025024,4358460,273.899994,437.700012,1117.699951,7496.100098,64.073
791.025024,3803648,279.0,446.399994,1124.150024,7573.049805,64.045
784.025024,5785142,280.299988,456.075012,1131.699951,7612.850098,64.045
783.275024,5630656,279.350006,470.5,1138.900024,7579.0,63.905
766.075012,6932842,277.0,463.725006,1130.050049,7521.5,64.015
782.049988,4724774,276.600006,463.325012,1139.650024,7557.450195,63.99
797.25,11476990,277.75,457.475006,1136.300049,7700.299805,63.935
805.049988,7054954,277.850006,459.975006,1139.199951,7812.299805,64.025
806.674988,9856750,277.75,450.100006,1130.650024,7821.5,64.04
816.299988,11528262,276.549988,450.950012,1126.650024,7817.200195,64.105
822.700012,22285024,274.25,447.799988,1117.599976,7846.649902,64.06
818.099976,7408536,274.200012,447.875,1129.099976,7919.200195,64.015
816.900024,6056729,271.799988,442.149994,1172.400024,7970.75,63.785
817.900024,5801712,270.950012,439.350006,1217.849976,8142.399902,63.935
823.75,2971669,273.450012,442.024994,1230.25,8154.5,64.031
849.0,13430225,273.399994,441.875,1223.349976,8122.600098,64.01
843.849976,5425486,274.200012,446.200012,1214.199951,8070.25,64.123
841.799988,13072853,271.5,454.125,1212.400024,8099.75,64.11
845.549988,2314174,270.399994,454.549988,1237.949951,8157.850098,64.158
838.599976,3528729,267.799988,456.125,1225.900024,8131.700195,64.3
847.150024,11402965,270.049988,456.350006,1235.949951,8120.149902,64.293
841.349976,5920552,268.5,454.774994,1228.050049,8144.950195,64.81
817.400024,5620443,261.850006,449.149994,1184.800049,8068.200195,64.795
821.549988,6505309,258.75,447.674988,1165.199951,7964.950195,65.127
820.099976,4829571,258.25,452.950012,1162.900024,7889.899902,65.46
799.150024,8434196,250.399994,449.899994,1137.199951,7739.950195,65.715
786.450012,13508179,252.550003,448.0,1133.349976,7897.350098,65.47
780.900024,7619230,253.850006,449.950012,1142.050049,7978.200195,65.31
798.349976,8387059,251.300003,451.774994,1134.900024,7888.299805,65.485
818.849976,8643924,253.199997,449.799988,1138.300049,7847.200195,65.03
824.150024,4860479,251.600006,451.524994,1132.050049,7831.049805,65.145
837.049988,5942106,256.75,460.075012,1141.800049,7903.200195,65.4
830.650024,4046109,256.850006,461.950012,1140.949951,7896.700195,65.355
843.200012,6734986,256.950012,467.725006,1142.699951,7893.700195,65.25
840.150024,7049800,251.75,465.350006,1133.849976,7825.149902,65.16
872.75,8522926,251.199997,463.649994,1143.650024,7904.25,65.06
876.450012,9833512,252.100006,465.049988,1138.650024,7874.149902,64.7
876.799988,14633539,252.050003,469.5,1144.699951,7842.0,64.7
874.349976,6354084,251.149994,465.25,1148.75,7838.899902,65.03
914.5,16765178,243.75,462.174988,1141.400024,7784.049805,65.055
909.900024,3664082,242.75,463.475006,1139.75,7731.100098,64.995
939.75,12551649,245.949997,469.75,1135.75,7818.5,65.022
934.25,6335308,254.449997,463.25,1142.550049,7875.0,65.09
939.900024,4577050,324.899994,467.649994,1204.199951,7870.200195,64.925
947.400024,7698704,320.5,473.674988,1223.5,8068.049805,64.84
929.849976,5256749,311.049988,473.174988,1224.650024,8114.450195,65.04
942.5,3576533,312.0,472.049988,1236.949951,8195.25,64.86
940.849976,4345360,305.799988,460.924988,1222.300049,8211.25,64.75
952.549988,8033040,319.850006,463.524994,1215.300049,8238.400391,64.565
946.599976,4698609,314.350006,461.450012,1210.949951,8225.799805,64.575
945.299988,2193730,325.0,463.325012,1235.0,8219.400391,64.56
932.5,4460799,329.0,464.350006,1224.699951,8310.200195,64.625
906.700012,9347943,317.200012,477.75,1211.050049,8220.299805,65.06
887.799988,8115980,309.549988,476.149994,1218.199951,8232.0,64.92
900.5,6860798,313.700012,477.25,1215.900024,8204.799805,64.975
883.849976,6365174,333.549988,481.024994,1264.949951,8183.5,65.19
875.25,4155011,331.049988,475.975006,1240.550049,8109.200195,65.44
886.700012,5706105,329.100006,474.549988,1210.199951,8122.950195,65.41
883.700012,6981872,324.950012,475.899994,1209.5,8127.25,65.27
903.849976,6931038,333.399994,494.200012,1219.300049,8163.700195,65.295
911.900024,5586242,337.5,485.475006,1222.800049,8348.349609,65.015
920.849976,4220192,333.0,480.274994,1229.800049,8425.650391,65.1
932.549988,5980763,330.649994,483.125,1222.650024,8424.799805,64.88
930.75,5055490,335.299988,483.149994,1222.699951,8513.150391,64.88
947.0,7329126,334.950012,495.625,1215.949951,8463.400391,64.57
951.099976,6394443,332.399994,504.774994,1218.5,8487.950195,64.68
951.349976,4680074,335.649994,499.375,1224.75,8508.599609,64.478
943.349976,4641893,332.0,492.350006,1211.699951,8624.150391,64.41
946.0,3674864,328.899994,491.350006,1217.849976,8671.349609,64.36
921.549988,9434893,320.350006,488.049988,1216.550049,8599.099609,64.49
910.099976,5081389,312.75,479.399994,1211.650024,8609.0,64.52
901.599976,4618847,313.600006,492.674988,1217.5,8500.799805,64.38
913.700012,8369174,319.100006,492.174988,1209.900024,8500.400391,64.36
926.650024,11007689,312.399994,495.149994,1191.25,8612.400391,64.53
931.549988,5529565,316.399994,499.899994,1218.400024,8882.400391,64.57
921.0,5588486,313.100006,500.924988,1220.349976,9042.25,64.48
916.150024,4933853,318.399994,502.649994,1221.849976,9133.799805,64.355
915.599976,7215014,318.450012,505.25,1202.900024,9131.349609,64.41
914.650024,4182097,313.299988,501.875,1189.25,9120.650391,64.46
921.5,5021130,314.0,506.549988,1188.800049,9112.75,64.34
919.75,11158706,312.25,511.450012,1203.550049,9165.900391,64.08
921.0,8494801,318.899994,508.299988,1217.900024,9309.099609,64.21
925.950012,4064982,319.799988,501.975006,1219.900024,9801.5,64.06
918.150024,4774414,317.5,507.924988,1232.5,9733.900391,64.115
912.950012,4147162,316.75,511.024994,1258.800049,9631.049805,64.02
920.400024,4872675,319.850006,519.674988,1266.150024,9700.0,64.02
929.799988,5301456,317.149994,517.799988,1269.699951,9679.0,64.05
923.75,4352384,314.850006,517.125,1257.849976,9644.099609,64.12
924.200012,7091515,308.399994,516.625,1252.75,9629.200195,64.08
921.049988,5069838,309.899994,521.025024,1258.25,9729.549805,63.84
909.75,4321686,307.100006,516.775024,1260.699951,9651.900391,63.68
911.150024,4342815,303.25,514.849976,1249.75,9554.049805,63.46
914.799988,6175312,302.850006,510.649994,1275.300049,9416.599609,63.505
920.299988,4118581,308.5,507.700012,1315.699951,9386.25,63.4
923.25,3401905,306.350006,506.0,1314.900024,9433.849609,63.34
928.549988,4035417,305.799988,518.025024,1338.25,9448.950195,63.475
940.950012,6534997,304.299988,520.674988,1332.75,9383.549805,63.67
942.349976,5361502,301.100006,526.125,1323.75,9375.849609,63.63
937.75,3588377,302.200012,537.900024,1323.550049,9339.799805,63.69
949.0,6890028,302.25,539.224976,1329.150024,9459.150391,63.61
949.150024,5084113,302.600006,540.575012,1325.949951,9358.450195,63.515
922.950012,4948895,296.149994,561.424988,1326.199951,9322.049805,64.02
924.5,6036432,307.100006,576.049988,1353.349976,9313.900391,63.885
919.700012,4289053,303.25,576.349976,1360.800049,9368.700195,63.87
931.299988,4559564,309.25,571.724976,1371.449951,9323.950195,63.83
971.5,20892838,306.5,575.0,1398.849976,9310.099609,63.89
983.25,10298500,318.100006,588.549988,1410.699951,9393.400391,63.76
966.349976,6532672,329.899994,592.900024,1401.199951,9434.950195,63.66
965.900024,6249419,313.149994,587.700012,1416.5,9278.200195,63.515
964.5,4524605,312.100006,591.450012,1431.949951,9630.700195,63.6
950.400024,4198139,313.549988,585.325012,1429.900024,9571.549805,63.69
961.299988,5738209,313.25,575.125,1416.5,9509.700195,63.55
943.849976,7554587,306.049988,572.299988,1455.599976,9401.849609,63.98
904.349976,13242095,297.350006,571.625,1415.449951,8990.599609,64.13
902.150024,8773525,298.049988,569.099976,1363.650024,9080.599609,64.14
892.099976,11000567,291.75,553.875,1353.050049,8984.599609,64.23
894.400024,7100838,292.799988,554.525024,1333.75,8921.799805,64.28
904.549988,6320734,301.399994,567.125,1347.400024,9030.700195,64.3
897.849976,5294279,296.399994,554.575012,1329.25,8936.099609,64.375
915.5,5429792,288.75,551.400024,1350.5,9117.849609,64.28
933.650024,10170959,276.200012,548.875,1361.199951,9001.599609,64.1
935.650024,6109454,278.700012,557.224976,1350.349976,9020.25,63.9
921.299988,4401672,271.649994,564.025024,1328.400024,8836.950195,64.215
927.0,4087936,268.5,565.875,1295.5,8724.849609,64.25
921.099976,3866919,269.649994,568.474976,1290.599976,8722.650391,64.86
929.349976,5448230,273.299988,573.700012,1282.800049,8782.75,64.805
924.349976,5118850,272.600006,580.375,1292.0,8634.049805,64.975
934.25,4850839,276.049988,577.825012,1301.699951,8698.799805,64.71
938.700012,3856478,274.450012,569.299988,1344.25,9005.349609,64.77
950.5,6410097,267.600006,575.099976,1338.099976,8891.200195,64.92
954.549988,25898694,268.0,586.299988,1318.150024,8850.950195,65.21
948.400024,4094652,262.149994,580.375,1315.199951,8873.450195,65.23
924.099976,5634893,263.5,577.950012,1300.699951,8795.099609,65.025
910.849976,7323680,256.549988,575.674988,1283.400024,8616.5,64.905
889.75,7247708,246.649994,572.049988,1263.300049,8679.099609,64.88
911.450012,6072983,256.799988,578.325012,1283.800049,8729.349609,65.105
913.099976,4863577,253.25,581.700012,1290.5,8660.599609,65.125
930.299988,3801407,252.850006,592.875,1310.050049,8810.299805,64.985
931.849976,5096825,254.699997,591.900024,1302.75,8756.049805,64.855
929.049988,6731530,257.049988,590.400024,1303.25,8846.299805,64.84
911.799988,5811424,253.699997,591.25,1295.099976,8837.549805,64.99
900.049988,14087564,252.300003,585.950012,1269.300049,8676.549805,64.99
895.5,5774392,247.949997,573.375,1279.550049,8773.5,65.22
889.799988,6945721,249.100006,582.275024,1293.5,8802.400391,65.21
896.900024,6727261,248.0,583.75,1309.349976,8874.650391,65.18
908.150024,10116965,241.550003,580.650024,1296.25,8696.549805,65.105
893.900024,10729694,234.800003,583.799988,1267.900024,8607.25,64.99
901.099976,6047262,246.5,577.625,1297.400024,8765.299805,64.825
899.799988,6939577,254.350006,577.0,1307.550049,8852.299805,64.945
882.700012,8759586,249.899994,565.900024,1310.900024,8861.099609,65.16
892.950012,5712065,246.149994,568.575012,1335.949951,9008.200195,65.13
899.549988,6364728,250.5,570.224976,1330.400024,9026.450195,65.0
894.900024,6498407,247.300003,562.099976,1296.150024,9013.5,65.045
908.200012,3898676,259.299988,573.775024,1328.800049,9132.599609,64.89
911.0,4418462,259.700012,563.5,1316.550049,9206.200195,64.93
916.0,3572251,260.649994,555.625,1327.900024,9292.650391,64.955
917.049988,3865402,263.299988,556.700012,1349.900024,9273.450195,64.95
930.849976,6007539,257.049988,562.125,1352.75,9302.5,65.26
928.700012,4947725,253.800003,581.299988,1357.449951,9204.450195,65.29
938.849976,5767984,250.949997,585.724976,1354.849976,9123.950195,65.255
937.049988,4084450,249.0,566.599976,1368.099976,9232.0,65.47
944.25,4388713,248.149994,562.599976,1359.550049,9160.349609,65.68
938.0,3365196,246.449997,562.974976,1360.099976,9121.5,65.72
942.299988,4481413,246.149994,566.424988,1385.0,9077.650391,65.87
927.900024,3349519,241.199997,589.224976,1365.050049,9025.0,66.21
936.0,3508515,242.449997,593.849976,1360.0,9064.849609,66.53
970.049988,9107264,240.600006,577.25,1378.0,9064.650391,66.41
970.5,6436620,237.199997,580.174988,1362.900024,8934.599609,66.92
975.349976,15588001,233.199997,588.224976,1347.199951,8946.450195,66.805
996.299988,11666267,242.600006,592.599976,1377.75,8783.349609,66.62
963.299988,8871802,246.399994,599.75,1400.900024,8814.950195,66.46
972.700012,6117761,241.0,598.525024,1403.150024,8744.5,66.69
961.599976,3947546,241.899994,591.275024,1377.75,8755.950195,66.67
953.950012,3795692,241.949997,586.549988,1368.699951,8678.200195,66.82
971.0,3512532,246.5,591.5,1389.150024,8743.700195,67.14
967.099976,4934036,250.050003,582.775024,1364.900024,8775.200195,67.13
976.700012,4494423,248.0,585.349976,1375.650024,8718.349609,67.35
981.150024,4014645,247.949997,584.0,1362.199951,8704.950195,67.245
989.25,4011516,250.350006,590.375,1387.400024,8750.299805,67.36
986.599976,2579561,253.600006,594.650024,1381.75,8707.0,67.56
978.950012,4800923,248.0,597.275024,1374.199951,8726.599609,68.08
956.150024,8613363,243.100006,594.974976,1362.349976,8695.599609,67.775
945.349976,4733477,242.699997,591.450012,1355.949951,8697.5,67.765
933.849976,5230037,238.850006,591.599976,1315.550049,8510.950195,67.99
931.349976,6624893,244.449997,589.75,1313.25,8428.5,68.115
926.75,5170585,253.899994,596.924988,1320.150024,8560.650391,68.02
912.25,4567562,263.200012,592.450012,1326.900024,8497.400391,68.37
915.849976,5317983,268.5,610.5,1338.050049,8410.75,68.34
920.799988,8129520,266.950012,614.150024,1342.0,8548.150391,67.73
920.400024,5197835,272.049988,607.200012,1376.449951,8709.299805,67.4
917.450012,8173396,264.299988,608.349976,1380.599976,8714.900391,67.84
916.099976,5991222,267.149994,605.849976,1365.650024,8588.200195,67.44
921.349976,16951801,269.549988,615.900024,1370.400024,8537.200195,67.43
930.549988,8765835,266.700012,610.400024,1372.400024,8808.849609,66.995
940.849976,5600357,263.0,619.700012,1357.849976,8749.849609,67.07
947.650024,7971524,263.549988,610.424988,1333.75,8810.400391,67.1
954.400024,4189483,270.149994,618.724976,1350.550049,8842.349609,66.84
971.349976,6857300,269.649994,626.224976,1355.150024,8911.25,67.42
984.349976,6532599,273.0,630.025024,1343.949951,8932.450195,67.53
982.650024,6866053,274.0,631.200012,1343.25,9022.650391,67.47
997.150024,7445221,282.850006,629.25,1366.400024,9016.75,67.48
1002.5,5926020,287.700012,637.400024,1358.75,8967.349609,67.645
1007.950012,5484867,282.600006,619.849976,1343.0,8958.0,67.69
1014.200012,11294702,277.450012,640.625,1329.900024,8951.599609,68.06
1015.549988,5652374,276.850006,633.700012,1323.199951,8973.450195,68.04
996.049988,6346101,272.600006,620.799988,1310.400024,8862.599609,68.31
1019.25,7193824,273.299988,621.575012,1306.75,8948.299805,68.06
1031.949951,10509756,268.649994,623.275024,1289.800049,8863.049805,67.945
1012.5,16169978,273.049988,623.924988,1299.849976,8874.900391,67.87
1004.450012,5197694,268.450012,636.224976,1268.150024,8793.0,68.115
978.950012,8068585,267.399994,638.924988,1270.050049,8931.349609,68.37
965.849976,8958555,261.700012,635.0,1232.75,8898.299805,68.64
944.950012,8581234,257.0,644.799988,1234.949951,8771.299805,68.84
972.450012,7966401,259.350006,653.599976,1275.099976,8825.599609,68.46
960.599976,6660916,258.850006,667.349976,1255.949951,8821.049805,68.72
971.299988,5067261,257.5,676.875,1251.5,8975.150391,68.55
990.099976,5000724,257.450012,672.599976,1259.5,9220.799805,68.69
964.5,18719353,256.450012,642.0,1254.449951,9347.049805,68.88
977.549988,9161266,257.200012,642.125,1266.300049,9317.5,68.805
997.099976,5170189,261.549988,649.424988,1288.0,9374.900391,68.66
1025.699951,10444513,263.75,650.700012,1284.599976,9531.0,68.755
1038.800049,8665072,259.100006,660.224976,1274.75,9384.700195,68.73
1082.349976,24109297,262.75,647.174988,1299.75,9347.0,68.52
1099.800049,17967282,257.75,658.700012,1298.400024,9431.049805,68.5
1076.199951,6595781,251.600006,666.424988,1283.099976,9385.299805,68.55
1092.349976,6469256,259.049988,663.950012,1286.849976,9445.400391,68.43
1092.550049,4682099,259.549988,661.275024,1292.150024,9366.799805,68.625
1104.849976,5433617,260.200012,658.349976,1258.099976,9389.099609,69.02
1128.650024,8018150,261.5,674.049988,1270.349976,9398.950195,68.74
1120.300049,5842496,266.350006,677.974976,1279.150024,9701.0,68.845
1110.949951,4469144,266.850006,688.575012,1324.0,9832.450195,68.948
1115.150024,5949680,271.850006,691.875,1320.699951,9758.950195,68.73
1110.650024,6424867,287.700012,686.625,1305.949951,9396.25,68.66
1129.849976,6679468,286.75,686.724976,1311.449951,9310.400391,68.605
1151.400024,13872467,297.399994,675.5,1295.349976,9381.900391,68.605
1186.0,13875377,293.5,682.549988,1302.300049,9520.549805,68.46
1192.349976,9704295,295.100006,677.025024,1298.0,9341.599609,68.35
1168.349976,6248975,293.899994,676.825012,1282.400024,9142.400391,68.625
1176.949951,6645397,299.25,682.049988,1290.0,9187.0,68.545
1192.599976,4016418,308.5,680.325012,1290.449951,9286.400391,68.83
1184.199951,4059460,304.049988,683.974976,1295.300049,9411.5,68.63
1217.699951,7912437,308.700012,681.375,1298.25,9207.400391,68.66
1217.949951,6846928,317.399994,689.974976,1284.699951,9146.049805,68.76
1204.199951,3581210,304.450012,692.724976,1264.650024,9148.25,68.89
1187.699951,4668159,294.149994,704.375,1269.050049,9080.849609,70.02
1210.599976,5299536,294.899994,704.150024,1253.25,9132.599609,69.96
1200.800049,5982490,292.700012,714.775024,1231.650024,9200.549805,70.09
1203.75,3830992,302.100006,715.174988,1240.150024,9152.099609,70.1
1234.900024,7607036,307.649994,692.125,1323.699951,9074.349609,69.82
1247.199951,7279641,307.0,691.974976,1322.550049,9113.299805,69.86
1269.449951,7968123,302.450012,698.700012,1352.050049,9223.299805,70.105
1277.5,6652005,300.450012,689.150024,1342.900024,9163.799805,69.97
1291.5,5572177,308.0,707.700012,1356.099976,9245.25,70.165
1319.0,8694751,305.350006,712.349976,1355.599976,9427.950195,70.1
1294.199951,11077203,309.700012,705.049988,1351.550049,9368.099609,70.535
1274.449951,9850042,308.600006,708.099976,1346.550049,9205.799805,70.745
1241.650024,15305857,309.600006,720.549988,1369.550049,9096.400391,71.005
1229.150024,12200022,306.350006,717.125,1363.0,8902.150391,71.215
1241.949951,8838770,296.399994,737.150024,1359.300049,8868.5,71.585
1227.0,10324923,296.549988,729.900024,1348.0,8896.099609,71.755
1261.400024,11195043,296.450012,727.150024,1347.099976,8759.849609,71.95
1278.599976,10692787,291.649994,732.799988,1347.5,8719.200195,71.79
1255.849976,7059008,284.850006,730.849976,1336.800049,8639.400391,72.455
1237.699951,10874768,282.600006,734.299988,1329.650024,8517.049805,72.64
1252.5,8065553,285.299988,742.900024,1352.25,8493.950195,72.16
1253.150024,7878583,290.649994,733.700012,1358.849976,8626.700195,71.88
1225.900024,6754086,285.299988,725.950012,1344.75,8537.799805,72.54
1217.150024,7616412,273.799988,719.099976,1327.900024,8399.150391,72.71
1210.75,11265786,271.5,719.75,1332.900024,8210.349609,72.36
1217.5,19070172,270.600006,705.299988,1329.699951,8040.149902,72.24
1232.050049,10102589,264.350006,718.25,1318.349976,7793.049805,72.67
1230.599976,9715020,270.899994,726.200012,1319.050049,7999.450195,72.685
1251.400024,6396828,263.850006,717.849976,1332.650024,7842.549805,72.6
1253.75,10808749,265.350006,724.799988,1309.900024,7553.049805,72.57
1257.949951,11073023,265.5,730.049988,1272.099976,7347.950195,72.51
1231.699951,7332693,273.850006,746.650024,1248.099976,7463.950195,72.925
1205.099976,7376575,271.700012,728.5,1245.449951,7246.0,73.345
1122.25,23212443,271.350006,707.200012,1257.900024,7198.75,73.63
1048.849976,21943190,258.350006,724.599976,1227.400024,6904.350098,73.77
1109.400024,24679428,265.75,714.450012,1215.349976,6889.75,74.065
1090.050049,10991196,262.950012,717.75,1221.050049,6699.450195,74.34
1102.099976,9502176,278.649994,700.450012,1250.650024,6985.850098,74.25
1087.800049,13224172,262.149994,673.349976,1225.849976,6875.5,74.05
1126.550049,9058536,263.75,678.799988,1235.25,7287.200195,73.61
1139.75,8871776,263.200012,698.799988,1216.400024,7182.0,73.77
1163.800049,7478601,270.299988,695.25,1224.650024,7150.899902,73.465
1151.300049,12785646,261.149994,705.349976,1211.900024,6885.600098,73.6
1101.300049,25421229,261.100006,683.549988,1206.050049,6756.450195,73.375
1062.650024,13165542,260.350006,679.950012,1206.599976,6812.200195,73.56
1054.699951,10573730,255.649994,657.599976,1200.699951,6771.299805,73.55
1045.75,13655337,255.699997,649.799988,1218.900024,6768.299805,73.23
1030.800049,14096237,249.550003,648.75,1201.550049,6723.200195,73.23
1044.900024,9182613,248.100006,633.599976,1197.449951,6717.299805,73.46
1087.800049,7671807,267.899994,644.75,1261.300049,6798.700195,73.4
1057.0,8806701,273.149994,659.599976,1271.25,6697.0,73.68
1061.25,16457691,281.399994,686.400024,1297.5,6616.399902,73.96
1056.25,9396027,285.899994,666.700012,1326.75,6711.75,73.455
1074.900024,16796200,285.350006,662.25,1358.199951,7135.450195,72.44
1090.300049,7582518,294.950012,666.0,1350.150024,7177.25,73.08
1104.099976,8634266,286.450012,666.450012,1363.849976,7075.0,72.955
1110.699951,1283997,286.549988,675.5,1365.949951,7127.899902,72.45
1093.449951,10840462,283.25,659.5,1368.599976,7283.5,72.48
1080.0,5801720,277.950012,664.200012,1367.199951,7087.799805,72.86
1099.449951,6811587,278.049988,665.700012,1391.099976,7150.450195,72.615
1097.949951,7787530,283.600006,653.200012,1384.699951,7369.049805,72.31
1096.849976,6831740,285.399994,656.400024,1398.5,7478.299805,71.915
1127.400024,11031889,290.899994,650.849976,1399.050049,7341.200195,71.98
1150.0,7308981,288.149994,651.700012,1417.199951,7411.649902,71.61
1137.400024,5719901,283.450012,641.400024,1413.099976,7333.950195,71.43
1112.900024,7507812,287.049988,619.099976,1402.099976,7424.5,71.305
1102.849976,5792568,282.700012,620.75,1410.150024,7411.100098,70.69
1109.75,6386556,286.399994,621.450012,1422.0,7554.700195,70.82
1128.199951,6810228,289.399994,638.900024,1431.599976,7647.600098,70.785
1152.650024,8003964,284.549988,666.400024,1403.400024,7574.200195,70.64
1168.5,12636169,286.399994,661.049988,1422.449951,7546.75,69.78
1167.550049,10717448,284.649994,667.450012,1432.5,7661.600098,69.65
1156.449951,5569578,286.799988,670.349976,1427.5,7779.950195,70.44
1152.300049,5192825,282.549988,685.25,1419.900024,7721.649902,70.53
1155.150024,5819618,280.149994,681.400024,1394.800049,7554.049805,70.56
1123.650024,5866108,275.649994,668.5,1379.5,7209.700195,70.85
1133.800049,7214078,275.399994,682.799988,1399.900024,7313.950195,70.86
1090.25,9381544,274.200012,669.200012,1367.75,7350.5,72.52
1097.550049,13494665,281.25,674.5,1361.400024,7305.350098,72.29
1110.5,12605431,285.25,678.5,1400.300049,7471.850098,71.84
1107.050049,9297518,289.0,697.75,1426.449951,7670.5,71.53
1112.199951,7221324,289.200012,706.049988,1411.400024,7662.149902,71.92
1129.900024,5064357,289.5,694.400024,1408.0,7734.049805,71.61
1136.400024,5870928,292.75,676.599976,1428.5,7772.350098,70.62
1136.800049,7368799,300.700012,664.849976,1434.75,7936.0,70.278
1128.449951,5764731,294.049988,667.049988,1450.800049,7807.049805,69.98
1100.199951,8281941,291.899994,646.200012,1420.0,7536.299805,70.14
1089.150024,4144535,293.049988,649.0,1404.800049,7529.149902,70.105
1098.349976,7210059,294.149994,644.049988,1422.650024,7569.100098,70.07
1120.199951,12478000,292.149994,656.799988,1425.050049,7499.950195,70.361
1125.550049,7666016,294.799988,656.950012,1439.400024,7505.549805,69.933
1121.25,7222817,295.899994,658.950012,1437.550049,7465.5,69.57
1121.0,4455850,299.600006,665.049988,1441.900024,7476.799805,69.453
1106.400024,7144970,293.899994,669.049988,1425.5,7267.850098,70.0
1092.75,7446457,291.100006,669.150024,1395.0,7203.950195,70.11
1098.650024,8465141,297.649994,661.049988,1388.050049,7234.5,69.55
1104.75,5513559,296.299988,671.700012,1383.800049,7362.049805,69.803
1104.650024,5625153,305.299988,670.049988,1382.199951,7439.5,70.14
1110.75,5766805,305.299988,676.099976,1386.050049,7492.899902,70.56
1107.5,4080283,305.549988,679.700012,1392.599976,7391.600098,70.42
1098.050049,6463903,302.75,683.5,1369.599976,7320.5,70.398
1096.800049,4111782,300.399994,701.900024,1333.900024,7408.700195,70.76
1129.650024,10062875,301.649994,726.599976,1340.900024,7355.149902,71.1
1135.900024,6382777,303.149994,736.799988,1342.150024,7310.25,70.98
1134.449951,7487963,297.399994,733.349976,1346.050049,7336.25,71.05
1184.349976,25684142,294.950012,730.950012,1317.900024,7357.950195,71.21
1237.699951,22038534,292.450012,745.0,1314.550049,7208.399902,71.188
1235.150024,16552819,290.25,745.349976,1301.150024,7068.850098,71.26
1226.300049,8829502,286.649994,731.650024,1301.449951,7045.399902,71.19
1247.449951,13155185,288.049988,732.0,1295.349976,7040.600098,71.0
1246.0,8550836,285.399994,730.349976,1285.449951,6513.399902,70.9
1229.550049,8569265,281.600006,727.950012,1300.449951,6511.049805,71.07
1210.650024,9328866,280.600006,727.900024,1278.050049,6526.950195,71.39
1195.699951,7846940,287.450012,725.900024,1294.449951,6548.25,71.235
1227.150024,10185347,293.649994,749.549988,1314.300049,6641.149902,70.96
1249.949951,9228965,284.399994,757.049988,1324.599976,6962.299805,71.435
1290.900024,11670570,283.950012,755.900024,1307.400024,6988.200195,71.71
1291.550049,9362253,284.649994,754.849976,1304.599976,7093.600098,71.53
1310.25,9411585,289.049988,763.299988,1314.400024,7183.399902,71.55
1290.400024,9212227,287.399994,764.0,1296.050049,7302.549805,71.3
1277.699951,6505502,286.0,760.900024,1261.75,7134.25,71.175
1253.25,7523999,280.5,762.799988,1246.5,7177.899902,71.14
1256.400024,6399485,275.399994,750.450012,1246.849976,7162.5,70.535
1224.199951,6627360,267.100006,740.049988,1227.599976,7017.5,71.02
1244.449951,9597961,262.950012,741.950012,1243.099976,6930.049805,71.33
1220.099976,9649017,259.950012,741.049988,1244.5,6842.700195,71.386
1216.099976,6244189,262.899994,724.299988,1258.300049,6804.549805,71.3
1234.349976,6298179,267.700012,740.700012,1276.550049,6849.899902,71.01
1246.900024,10580178,268.0,733.450012,1284.099976,6801.549805,71.165
1232.349976,8755865,270.950012,734.950012,1280.349976,6912.399902,71.035
1232.300049,7852528,270.149994,754.900024,1275.849976,6924.899902,70.835
1220.25,10131050,266.350006,742.5,1265.849976,6904.299805,70.96
1223.5,11113182,267.649994,735.25,1284.699951,6968.5,71.2
1231.050049,11286916,269.049988,734.299988,1292.949951,6829.700195,70.84
1226.050049,7922513,272.950012,741.900024,1308.550049,6935.149902,71.0
1237.650024,7121509,276.450012,732.5,1305.800049,7117.75,70.49
1264.800049,12038231,278.100006,732.5,1317.0,7056.899902,70.08
1270.25,8109259,281.75,722.950012,1352.400024,7029.049805,70.116
1267.099976,6040052,281.200012,712.349976,1339.400024,6967.700195,70.011
1304.099976,9718840,287.350006,711.25,1346.550049,7081.899902,69.85
1331.349976,11228736,286.899994,706.950012,1388.900024,7157.200195,69.625
1347.300049,11236048,293.149994,708.450012,1378.599976,7091.049805,69.529
1341.550049,10402048,291.899994,708.349976,1379.75,7086.299805,69.365
1321.650024,15893093,298.399994,718.549988,1396.5,7084.0,68.963
1350.050049,10105234,298.950012,710.200012,1378.900024,6909.100098,68.625
1376.550049,9805318,303.049988,722.25,1357.949951,6825.200195,69.015
1375.449951,9892823,303.799988,738.950012,1370.900024,6673.549805,68.79
1341.75,11465112,298.049988,743.099976,1394.699951,6552.700195,69.17
1324.449951,7951992,294.0,734.799988,1376.75,6522.600098,68.89
1367.25,9479288,303.5,734.799988,1372.800049,6585.700195,68.996
1349.25,10094174,308.799988,737.799988,1366.449951,6518.0,69.1
1360.0,10482938,319.0,737.799988,1386.699951,6596.25,69.19
1391.849976,10098281,322.75,755.099976,1412.199951,6840.700195,69.205
1389.699951,8012636,329.0,759.400024,1409.75,6889.700195,68.92
1375.199951,7849461,320.5,753.299988,1378.050049,7072.899902,68.45
1353.050049,8375674,321.799988,747.900024,1368.699951,7113.100098,68.98
1353.900024,6728239,317.049988,759.299988,1373.800049,7107.700195,69.17
1329.25,8723577,312.799988,767.25,1373.650024,7129.450195,69.555
1334.449951,9497621,314.75,760.599976,1375.199951,7216.549805,69.28
1331.400024,7612711,310.899994,752.700012,1371.550049,7186.350098,69.15
1336.050049,3958982,313.950012,742.150024,1379.199951,7190.0,69.02
