Close,Volume,SBIN,INFY,LT,RELIANCE,USD
3340.75,299232,314.0,493.600006,1001.969971,443.950012,63.355
3359.600098,233924,315.25,503.299988,1023.099976,442.774994,63.285
3447.800049,536747,312.75,498.975006,1037.329956,437.924988,63.345
3395.25,422743,299.899994,488.549988,1002.72998,418.049988,63.575
3437.75,369241,300.149994,490.888,1000.330017,427.149994,63.28
3475.5,422022,304.850006,493.362,1006.700012,421.024994,62.675
3468.199951,194054,303.200012,518.612,1000.169983,430.149994,62.355
3462.899902,152803,307.100006,528.987,1022.799988,425.149994,62.075
3468.25,237771,305.100006,522.224976,1013.0,421.575012,61.98
3516.0,429069,304.700012,532.161987,1012.0,417.475006,62.095
3625.800049,670686,320.299988,533.562012,1049.130005,432.125,62.065
3616.600098,379075,315.450012,529.575012,1061.170044,434.850006,61.87
3626.25,192537,313.149994,525.625,1076.569946,439.825012,61.645
3605.550049,333315,318.149994,531.049988,1086.369995,451.524994,61.655
3634.699951,402419,326.200012,542.474976,1103.030029,453.375,61.56
3597.25,318883,324.649994,549.112,1108.869995,441.875,61.605
3606.699951,337571,327.450012,553.763,1140.869995,443.450012,61.44
3687.899902,1278436,330.049988,534.125,1161.329956,444.524994,61.41
3725.800049,672705,334.600006,536.138,1132.22998,453.424988,61.358
3688.800049,603103,327.0,536.375,1149.27002,464.700012,61.801
3647.350098,284786,308.950012,535.474976,1133.699951,457.625,62.02
3669.449951,319679,307.5,534.213013,1156.72998,454.024994,61.719
3607.850098,220676,300.299988,530.224976,1148.329956,468.799988,61.596
3557.550049,203545,293.049988,535.713013,1125.599976,464.399994,61.842
3522.699951,379633,290.799988,548.450012,1121.599976,461.850006,61.709
3502.600098,198214,290.299988,557.625,1122.369995,454.950012,61.97
3411.300049,286868,279.5,562.224976,1048.300049,448.350006,62.149
3393.850098,547537,287.299988,569.575012,1047.800049,441.0,62.327
3454.75,341769,285.950012,571.213013,1075.130005,450.350006,62.382
3551.899902,436882,284.299988,577.799988,1100.030029,454.575012,62.15
3616.949951,321186,306.950012,574.025024,1108.099976,458.75,62.076
3572.100098,260901,306.700012,569.687988,1098.969971,451.399994,62.105
3564.949951,161803,305.700012,574.125,1108.900024,450.825012,62.057
3595.149902,214789,302.350006,581.174988,1132.369995,451.024994,62.138
3547.350098,240749,302.299988,570.775024,1118.400024,436.549988,62.109
3545.899902,163132,296.549988,566.400024,1124.670044,425.725006,62.163
3588.300049,143983,296.25,568.200012,1147.400024,420.725006,62.17
3579.899902,173339,295.549988,579.400024,1131.930054,421.575012,61.862
3496.850098,429598,289.399994,564.525024,1118.699951,421.0,61.731
3604.399902,378654,299.899994,566.437988,1172.630005,427.774994,61.659
3604.399902,378654,299.899994,566.437988,1172.630005,427.774994,
3711.449951,386182,302.0,572.924988,1230.72998,432.125,61.862
3708.649902,206296,302.600006,574.463013,1234.430054,450.399994,61.819
3678.399902,340907,293.850006,568.661987,1225.27002,443.924988,62.309
3678.75,152837,293.799988,561.900024,1217.369995,442.475006,62.381
3671.300049,218786,290.649994,547.513,1174.869995,434.825012,62.634
3646.75,182667,287.600006,549.5,1168.300049,429.575012,62.72
3656.449951,198508,285.149994,545.549988,1159.800049,427.975006,62.781
3685.199951,308505,286.850006,554.575012,1164.930054,431.899994,62.542
3650.699951,363024,280.75,555.099976,1128.099976,425.049988,63.083
3647.050049,182829,281.649994,566.661987,1119.869995,421.049988,62.78
3661.550049,185250,283.100006,560.125,1143.77002,428.424988,62.623
3664.899902,177261,287.299988,557.375,1132.699951,434.325012,62.701
3655.0,252139,281.600006,557.612,1121.599976,428.075012,62.49
3623.850098,206403,278.25,564.362,1113.569946,427.049988,62.41
3594.399902,192986,274.75,558.362,1115.22998,420.975006,62.23
3587.300049,227226,270.549988,552.862,1114.77002,423.975006,62.348
3614.75,201854,265.399994,554.775024,1088.5,422.450012,62.412
3561.449951,489101,256.649994,536.588013,1089.630005,414.649994,62.836
3610.050049,204071,263.600006,550.536987,1118.5,405.850006,62.523
3660.949951,152167,267.899994,557.0,1152.5,405.375,62.51
3697.350098,294635,267.049988,554.588013,1146.430054,413.0,62.291
3644.699951,694487,273.450012,543.487,1156.170044,418.024994,62.142
3628.949951,262771,274.649994,544.549988,1171.930054,412.325012,62.207
3599.899902,306684,272.049988,539.875,1179.800049,416.424988,62.296
3628.699951,256031,273.899994,550.138,1186.300049,432.950012,62.192
3659.199951,238584,280.850006,553.75,1180.530029,447.549988,62.306
3666.600098,201302,285.75,558.487,1176.0,452.174988,62.276
3665.199951,218690,286.299988,559.700012,1202.329956,461.25,62.407
3680.25,232802,290.0,553.424988,1191.77002,461.825012,62.36
3677.899902,206305,292.399994,548.661987,1169.530029,464.174988,62.317
3646.800049,99056,291.75,544.812012,1159.829956,463.424988,62.55
3608.050049,175033,287.649994,533.036987,1132.300049,442.825012,63.137
3490.149902,482786,289.200012,535.650024,1125.829956,438.225006,62.854
3462.949951,422446,283.850006,534.424988,1163.72998,439.875,62.98
3494.449951,234616,277.649994,530.5,1149.400024,438.524994,63.277
3541.399902,332449,275.549988,498.799988,1119.069946,439.450012,63.662
3648.399902,1804129,267.049988,496.162994,1111.800049,437.649994,63.346
3822.600098,1129937,272.5,490.225006,1110.300049,432.600006,63.053
3766.199951,703698,271.899994,490.287994,1103.5,425.0,63.46
3725.850098,592304,269.75,485.562012,1087.530029,431.174988,63.529
3757.75,478823,277.149994,498.274994,1086.199951,445.475006,63.516
3793.050049,458196,272.049988,490.687988,1094.930054,446.075012,63.369
3634.550049,430929,265.399994,480.513,1043.099976,440.125,63.621
3543.600098,469950,260.950012,486.0,1045.930054,435.375,64.073
3610.550049,495595,261.950012,489.487,1067.5,444.850006,63.711
3651.699951,288810,276.049988,498.412994,1076.869995,447.975006,64.007
3577.449951,332314,267.399994,486.774994,1039.599976,434.350006,64.147
3604.100098,337505,274.299988,489.174988,1059.800049,442.549988,64.013
3646.5,287801,280.950012,483.700012,1051.22998,439.100006,63.383
3671.199951,208258,287.450012,490.437988,1061.300049,436.975006,63.44
3697.600098,183483,289.75,498.263,1074.900024,445.774994,63.708
3706.75,175567,288.450012,505.587006,1080.469971,447.774994,63.763
3711.899902,218115,292.600006,511.825012,1075.030029,454.424988,63.598
3698.100098,198709,290.25,512.112,1092.199951,448.375,63.58
3702.550049,135158,282.450012,511.612,1102.300049,451.924988,63.49
3692.75,81113,277.649994,504.200012,1086.829956,447.25,63.496
3726.449951,252919,277.149994,501.825012,1078.930054,442.299988,63.972
3721.899902,283565,280.75,492.125,1090.27002,442.649994,63.826
3708.899902,317937,277.600006,504.149994,1084.5,437.899994,63.763
3785.699951,432656,278.149994,505.787994,1102.969971,438.5,63.743
3882.850098,571376,278.200012,511.950012,1137.030029,451.125,63.594
3831.399902,329350,266.25,502.162994,1115.699951,449.325012,63.689
3777.199951,277700,257.399994,505.225006,1102.430054,448.174988,63.997
3772.050049,193996,257.600006,507.013,1108.300049,456.350006,63.964
3759.449951,253728,257.799988,502.912994,1122.400024,453.875,63.77
3723.5,303682,254.949997,500.013,1119.170044,442.725006,63.947
3692.300049,209963,257.600006,498.024994,1111.27002,441.850006,64.01
3742.550049,239272,260.600006,506.625,1137.369995,452.899994,63.766
3701.399902,226654,254.0,499.412994,1117.430054,438.575012,63.959
3736.800049,173412,253.949997,493.763,1104.969971,444.924988,64.1
3767.399902,175936,250.25,495.225006,1112.27002,450.875,64.085
3789.600098,228783,254.600006,499.674988,1118.27002,451.975006,64.166
3808.75,291820,255.100006,497.850006,1140.569946,465.600006,64.011
3861.100098,232645,258.100006,500.975006,1144.77002,489.475006,63.577
3937.350098,309290,260.149994,497.674988,1144.069946,498.325012,63.5
3980.649902,230791,266.0,511.924988,1155.0,495.850006,63.523
4017.149902,330957,267.75,500.200012,1177.699951,497.5,63.607
4009.300049,306048,262.350006,497.549988,1168.829956,495.450012,63.526
4031.5,240888,264.799988,495.225006,1206.5,502.274994,63.518
4069.949951,291925,265.200012,502.625,1187.130005,500.350006,63.452
3993.300049,344044,259.649994,495.075012,1193.699951,495.424988,63.707
4023.350098,340789,262.75,492.174988,1188.530029,500.049988,63.604
4031.699951,380963,267.75,498.700012,1207.800049,502.825012,63.55
3993.399902,322025,267.850006,494.0,1200.22998,505.424988,63.299
3998.899902,279389,269.399994,495.149994,1204.869995,503.600006,63.411
3987.949951,332811,270.799988,491.649994,1210.699951,507.774994,63.264
3972.149902,287981,272.899994,490.25,1207.569946,501.625,63.476
3949.0,252360,267.350006,478.75,1204.300049,498.299988,63.459
3935.649902,128065,267.75,469.0,1232.599976,493.700012,63.318
3934.399902,184572,270.549988,468.75,1250.930054,500.899994,63.358
4035.25,335198,273.700012,475.075012,1238.469971,503.5,63.45
4050.649902,251002,268.200012,485.625,1238.369995,498.899994,63.281
4152.149902,551469,268.049988,492.0,1246.27002,505.575012,63.507
4178.149902,321651,272.200012,494.524994,1245.369995,511.850006,63.463
4193.0,241023,271.100006,500.924988,1247.72998,510.850006,63.492
4176.049805,207897,267.450012,500.625,1244.869995,512.375,63.6
4152.850098,146004,264.299988,556.325012,1229.969971,503.899994,63.583
4191.149902,305466,268.549988,551.575012,1236.300049,525.200012,63.571
4234.049805,229845,270.049988,549.0,1220.699951,522.650024,63.921
4234.200195,226189,263.25,543.799988,1201.569946,512.525024,64.106
4178.100098,220316,258.450012,532.650024,1162.22998,502.674988,64.202
4196.950195,940179,259.200012,531.424988,1172.630005,505.125,63.799
4273.700195,819323,253.600006,542.700012,1193.530029,498.0,63.821
4296.450195,294361,256.799988,535.0,1182.5,500.075012,64.138
4331.450195,297226,270.049988,538.525024,1194.170044,500.924988,63.988
4427.049805,341893,281.049988,539.474976,1186.27002,501.225006,64.177
4438.799805,313075,288.600006,528.625,1183.170044,494.0,63.798
4471.649902,198485,285.399994,543.174988,1186.400024,493.875,63.692
4452.100098,184121,289.049988,543.474976,1220.5,489.475006,63.722
4452.950195,144268,281.299988,547.799988,1222.300049,492.174988,63.739
4497.149902,241899,282.75,543.0,1213.829956,484.450012,63.773
4504.299805,216773,268.799988,554.575012,1200.77002,483.0,64.332
4504.299805,0,256.350006,572.200012,1175.0,471.450012,64.855
4492.850098,261773,259.299988,579.0,1173.430054,466.674988,65.203
4572.5,181419,268.5,574.625,1199.670044,483.475006,65.129
4549.799805,157066,279.75,571.075012,1186.900024,475.350006,65.436
4634.0,172443,284.799988,582.174988,1200.099976,472.049988,65.454
4671.850098,255128,278.0,587.775024,1209.800049,477.299988,65.109
4634.149902,279387,270.549988,567.275024,1187.900024,458.149994,65.433
4567.350098,310480,267.5,574.950012,1160.0,453.975006,66.034
4241.799805,930804,245.399994,546.025024,1087.699951,414.774994,66.814
4199.0,915511,253.350006,542.825012,1083.099976,424.075012,66.28
4207.049805,612412,245.699997,532.299988,1061.469971,426.700012,66.004
4203.75,795947,249.449997,541.400024,1080.030029,434.575012,65.968
4205.850098,372560,248.949997,555.525024,1077.630005,436.200012,66.15
4167.200195,298281,247.350006,547.200012,1068.599976,427.950012,66.412
4061.449951,605386,239.100006,544.5,1038.599976,419.924988,66.383
4030.0,392078,230.550003,549.724976,1018.429993,424.774994,66.202
4143.25,514445,232.25,549.674988,1045.869995,426.924988,66.1
4063.300049,316141,225.149994,536.974976,1022.570007,417.950012,66.685
4069.600098,300049,221.100006,529.375,1006.330017,416.600006,66.886
4139.299805,292997,228.350006,529.400024,1043.0,424.299988,66.294
4305.149902,589734,231.649994,544.349976,1061.670044,437.024994,66.619
4301.450195,321362,227.449997,540.224976,1076.900024,433.5,66.299
4317.75,281728,230.100006,545.375,1068.630005,430.475006,66.241
4319.5,207396,235.25,549.875,1070.630005,431.924988,66.261
4325.0,734807,232.899994,549.599976,1038.77002,433.5,66.447
4355.600098,418079,236.800003,550.825012,1032.469971,436.274994,66.219
4400.850098,621252,242.0,552.224976,1027.069946,447.700012,65.868
4490.25,642858,245.25,552.325012,1033.5,439.049988,65.691
4473.049805,924289,237.949997,553.724976,989.96698,423.950012,65.91
4497.649902,880695,239.850006,558.125,996.867004,425.174988,66.184
4566.649902,1098076,239.050003,570.275024,974.96698,418.674988,66.11
4536.25,684352,239.449997,552.775024,953.367004,417.125,66.267
4682.299805,1222175,241.899994,560.924988,964.166992,420.375,65.837
4685.600098,835777,237.149994,580.974976,977.5,431.149994,65.517
4580.350098,1087189,235.149994,586.525024,993.400024,432.350006,65.631
4414.049805,1949365,240.0,590.875,1033.77002,444.0,65.134
4354.0,1159174,240.100006,577.299988,1036.569946,449.024994,65.129
4364.5,801302,243.550003,566.599976,1029.829956,456.899994,64.907
4353.75,726218,243.300003,566.075012,1022.469971,444.549988,64.819
4276.350098,816648,243.449997,583.700012,1030.930054,443.674988,64.78
4231.850098,837794,244.550003,561.450012,1036.0,445.875,64.795
4273.850098,605082,243.800003,549.700012,1030.530029,446.799988,65.098
4249.75,656029,244.25,548.799988,1026.900024,451.475006,64.736
4377.399902,982419,248.949997,548.674988,1040.329956,451.850006,64.779
4447.0,929525,256.799988,547.450012,1069.969971,457.399994,64.703
4458.950195,594941,254.5,555.974976,1053.869995,481.75,64.919
4508.75,675597,254.850006,562.974976,1049.030029,478.350006,65.024
4474.700195,316565,249.800003,569.200012,1033.630005,477.5,65.146
4380.899902,621558,253.399994,574.950012,1006.869995,477.825012,64.892
4385.149902,535165,251.25,576.075012,1005.630005,471.424988,64.921
4497.0,1290318,248.800003,574.700012,996.5,469.774994,65.112
4495.200195,989227,242.050003,576.599976,995.166992,468.475006,64.954
4439.549805,907407,236.949997,572.525024,980.5,470.5,65.449
4449.0,738321,237.050003,567.724976,940.5,473.850006,65.423
4495.75,603730,236.899994,565.599976,925.767029,479.899994,65.561
4482.549805,320901,235.949997,572.75,915.53302,483.600006,65.569
4520.549805,660804,239.0,568.400024,912.067017,475.649994,65.609
4526.600098,406256,233.899994,561.450012,912.632996,468.299988,65.86
4522.799805,361975,243.0,569.150024,918.166992,476.200012,66.14
4628.200195,729714,246.100006,567.299988,906.03302,480.625,66.475
4712.700195,909977,241.199997,551.924988,898.932983,461.375,66.2
4619.799805,983107,240.25,550.400024,887.46698,466.524994,66.059
4646.899902,644299,248.300003,540.099976,904.767029,467.149994,65.886
4632.25,638262,247.850006,530.75,901.166992,463.875,65.981
4533.25,725994,241.0,510.0,896.299988,456.0,66.033
4650.350098,1030684,243.899994,523.900024,905.96698,467.375,66.09
4737.899902,917455,242.949997,526.200012,911.232971,473.424988,66.058
4736.25,1034126,242.699997,526.849976,912.599976,476.875,66.395
4639.899902,1287988,241.399994,520.575012,894.367004,483.850006,66.262
4606.549805,1436728,242.5,526.200012,888.432983,494.325012,66.565
4580.049805,1231876,249.699997,533.174988,910.0,489.524994,66.907
4555.0,10567769,248.649994,543.950012,916.400024,483.549988,66.462
4556.200195,1506622,250.199997,539.5,909.900024,482.950012,66.434
4618.799805,1123497,244.600006,530.349976,902.666992,488.975006,66.591
4627.049805,567288,241.100006,528.875,898.567017,488.600006,66.79
4600.350098,581041,241.100006,524.525024,893.232971,482.725006,66.643
4564.200195,493623,238.649994,523.125,894.099976,476.024994,66.773
4542.549805,577670,235.949997,522.200012,881.400024,470.450012,66.857
4479.100098,607147,234.399994,514.099976,867.132996,457.950012,66.855
4498.100098,506406,231.949997,523.674988,873.96698,475.174988,66.756
4480.75,532721,227.300003,526.400024,857.166992,476.475006,67.148
4576.799805,484617,225.949997,534.75,849.599976,477.549988,67.093
4620.0,581111,226.399994,538.775024,855.46698,487.950012,66.863
4619.399902,357572,227.300003,547.924988,853.932983,489.325012,66.476
4666.75,443534,230.899994,553.549988,864.132996,504.850006,66.421
4620.450195,682206,226.5,541.575012,858.267029,495.950012,66.255
4639.100098,274072,230.449997,551.724976,860.200012,496.049988,66.251
4617.200195,207127,228.350006,541.875,853.46698,493.649994,66.244
4634.950195,227939,229.649994,550.424988,860.666992,501.899994,66.037
4598.399902,162732,228.300003,548.174988,863.0,500.274994,65.947
4640.0,272134,228.899994,552.375,863.432983,505.200012,66.137
4636.899902,253128,228.199997,552.349976,859.700012,507.700012,66.235
4587.200195,265170,225.800003,543.150024,855.666992,502.25,66.475
4621.950195,422019,224.449997,552.700012,850.299988,507.299988,66.208
4638.5,243597,227.800003,552.625,859.46698,507.674988,66.235
4580.649902,405501,220.699997,539.450012,837.299988,497.649994,66.579
4566.950195,509285,217.75,537.025024,837.932983,502.575012,66.481
4480.799805,593742,216.850006,534.674988,824.567017,516.099976,66.698
4267.899902,1200069,209.550003,525.400024,804.267029,506.625,66.891
4214.75,994652,208.949997,531.650024,786.067017,512.875,66.847
4272.399902,865799,204.300003,527.849976,782.232971,525.799988,66.76
4269.0,481142,199.399994,524.974976,786.099976,522.724976,66.946
4291.25,431206,200.899994,541.700012,771.166992,538.424988,66.917
4248.25,402026,196.050003,566.5,756.432983,530.825012,67.316
4273.350098,592183,184.300003,569.950012,738.599976,536.650024,67.775
4236.200195,396124,181.0,565.950012,722.367004,508.424988,67.661
4198.149902,499001,182.949997,569.825012,748.632996,521.799988,67.734
4058.949951,679992,173.649994,560.625,744.067017,502.274994,67.958
3891.699951,1212801,175.600006,568.525024,735.132996,492.100006,67.799
4104.950195,1063413,184.600006,568.125,761.46698,502.075012,67.549
4081.350098,608634,182.949997,568.825012,742.767029,501.975006,67.755
4111.950195,886550,184.399994,569.25,738.53302,499.674988,68.144
4103.299805,1677354,185.25,564.799988,716.333008,508.450012,68.053
4095.850098,2147231,179.899994,582.450012,734.432983,517.700012,67.878
3948.25,1904034,172.75,586.674988,748.03302,515.150024,67.835
3874.949951,902619,169.399994,587.775024,747.932983,500.575012,67.975
3828.350098,1101308,166.050003,578.849976,739.200012,490.700012,67.934
3794.649902,597800,162.850006,589.875,757.132996,486.524994,67.544
3723.399902,1245857,168.199997,587.349976,759.932983,485.450012,67.81
3732.550049,559505,172.149994,575.400024,753.53302,480.524994,68.034
3657.100098,657011,167.050003,553.825012,742.799988,478.75,67.901
3678.550049,795377,159.0,554.275024,747.067017,481.325012,67.861
3541.449951,1066224,154.25,539.325012,728.267029,462.274994,68.471
3549.649902,1211696,154.800003,542.325012,702.432983,453.274994,68.118
3711.25,1182286,167.850006,545.875,766.267029,473.375,68.131
3705.199951,753873,156.399994,539.575012,736.0,465.274994,68.474
3749.149902,652019,158.949997,548.924988,748.299988,476.299988,68.329
3653.25,1243826,159.800003,561.700012,766.432983,470.049988,68.542
3579.149902,718677,164.699997,563.625,767.0,472.174988,68.545
3520.800049,1291463,164.949997,563.325012,766.5,481.149994,68.533
3487.399902,796836,158.5,561.950012,753.432983,474.825012,68.561
3489.699951,605914,156.300003,562.674988,741.932983,476.325012,68.431
3414.149902,840542,151.800003,555.150024,724.299988,472.049988,68.768
3409.199951,831491,155.899994,560.575012,740.432983,475.174988,68.737
3236.5,2218323,158.75,542.025024,717.333008,483.325012,68.208
3494.399902,1924803,162.050003,562.724976,749.299988,490.649994,67.753
3612.649902,1236996,181.149994,578.0,758.599976,500.75,67.395
3608.649902,742263,182.75,584.650024,804.732971,506.424988,67.122
3555.100098,610234,188.399994,585.325012,795.46698,503.200012,66.938
3462.649902,1100041,183.350006,581.724976,791.632996,513.5,67.313
3576.399902,752948,183.399994,589.25,808.567017,520.849976,67.128
3627.199951,1016572,180.5,571.25,790.767029,505.875,67.302
3641.199951,1002559,180.100006,571.5,790.432983,507.25,66.921
3648.149902,483295,181.75,570.599976,789.46698,509.875,67.138
3654.550049,688839,185.300003,567.200012,787.166992,510.25,67.372
3667.350098,459188,185.199997,576.224976,788.799988,510.875,67.173
3635.449951,710449,186.350006,580.875,795.5,508.0,66.619
3621.399902,1073782,191.25,596.700012,799.53302,513.599976,66.384
3669.550049,474712,196.800003,597.450012,818.767029,518.650024,66.5
3699.550049,713115,197.5,594.974976,824.867004,523.924988,66.755
3736.0,586282,196.600006,603.900024,828.367004,514.599976,66.93
3638.949951,743468,188.300003,602.450012,804.232971,510.200012,66.608
3729.949951,686482,189.5,598.625,795.96698,518.125,66.375
3727.449951,872340,197.550003,602.974976,818.700012,523.525024,66.375
3716.300049,1223191,194.25,609.150024,811.132996,522.599976,66.255
3723.199951,769731,195.649994,602.724976,825.267029,517.224976,66.365
3683.25,299849,194.699997,621.849976,823.900024,517.525024,66.106
3554.850098,826024,184.350006,609.900024,796.767029,513.474976,66.422
3573.050049,664480,183.850006,600.349976,807.900024,516.875,66.517
3471.0,1221608,181.949997,590.75,788.599976,518.625,66.757
3430.649902,1631533,183.100006,582.875,794.833008,518.174988,66.551
3478.649902,970375,188.25,591.950012,808.900024,520.150024,66.287
3573.699951,1404427,187.800003,591.099976,814.932983,523.700012,66.283
3731.600098,1107727,191.899994,586.349976,823.267029,533.025024,66.496
3718.949951,999621,186.75,619.349976,835.333008,532.375,66.416
3670.050049,1830988,187.300003,621.799988,843.96698,518.650024,66.166
3705.300049,1928958,194.350006,613.150024,834.632996,520.575012,66.489
3816.050049,1165761,200.149994,605.625,843.400024,519.474976,66.66
3727.949951,838216,197.050003,607.924988,843.666992,508.450012,66.685
3871.550049,2782566,200.949997,616.075012,854.0,508.475006,66.404
3859.399902,1388262,196.149994,620.075012,850.96698,509.700012,66.362
3747.949951,1821236,192.050003,604.575012,839.700012,498.350006,66.401
3794.649902,962848,189.0,604.049988,836.400024,491.350006,66.425
3830.850098,762337,186.0,600.525024,833.833008,493.475006,66.346
3819.949951,795697,184.050003,588.900024,834.267029,487.899994,66.558
3811.550049,557609,179.949997,594.424988,831.200012,489.049988,66.627
3836.850098,485772,180.350006,596.224976,849.232971,487.625,66.558
3818.949951,411877,184.350006,590.75,840.299988,484.475006,66.6
3846.5,771389,188.699997,599.525024,863.03302,491.549988,66.752
3844.800049,1094666,189.5,606.400024,880.03302,491.274994,66.631
3890.050049,679706,185.0,600.924988,885.166992,487.700012,66.561
3854.199951,857976,188.5,605.0,877.400024,496.399994,66.757
3846.25,435056,184.850006,603.625,857.666992,489.075012,66.855
3881.600098,878812,176.800003,607.5,855.5,487.975006,66.844
3950.699951,865028,176.850006,607.125,860.732971,484.575012,66.825
3914.899902,1921044,179.949997,604.924988,873.232971,485.274994,67.14
3926.600098,679821,172.699997,602.875,844.067017,475.600006,67.436
3944.949951,485214,171.350006,600.799988,836.732971,467.100006,67.408
3913.850098,348354,168.399994,594.0,827.46698,465.0,67.409
3924.199951,283533,169.5,593.875,828.099976,470.225006,67.63
4060.949951,842663,175.100006,604.325012,861.067017,475.600006,67.273
4118.0,1074664,184.149994,617.075012,982.767029,473.424988,66.927
4146.600098,880888,195.899994,623.75,983.267029,487.350006,67.031
4071.75,555311,198.850006,633.799988,991.400024,484.350006,67.171
4161.600098,775477,204.949997,624.325012,982.367004,478.924988,67.209
4165.350098,647041,198.25,629.099976,976.700012,476.799988,67.434
4186.649902,411143,200.550003,630.775024,984.833008,478.125,67.268
4217.950195,591630,196.600006,633.450012,973.732971,479.825012,67.0
4142.0,443085,198.899994,633.375,978.799988,477.399994,66.79
4135.649902,471388,210.149994,628.700012,991.932983,477.524994,66.658
4160.100098,417715,210.699997,619.049988,1007.469971,477.049988,66.5
4169.149902,305434,209.949997,592.75,994.299988,485.575012,66.753
4111.5,464892,205.949997,590.299988,991.799988,488.350006,66.952
4134.75,385639,201.800003,590.450012,977.432983,490.549988,67.187
4104.5,403193,207.699997,587.5,973.700012,488.125,67.292
4209.600098,510807,216.050003,594.974976,1009.200012,492.299988,67.079
4084.100098,1118517,216.0,593.0,996.132996,488.149994,67.315
4114.5,951658,213.449997,589.75,986.833008,487.450012,67.074
4133.200195,667114,215.899994,604.375,1004.700012,495.100006,67.551
4157.399902,512383,214.0,603.049988,996.53302,493.549988,67.624
4151.350098,417540,212.899994,599.75,994.367004,490.25,67.449
4168.600098,341093,217.550003,605.799988,999.067017,490.225006,67.279
4070.050049,1559787,211.25,597.275024,953.732971,475.725006,67.885
4025.100098,836629,217.149994,583.099976,977.833008,477.825012,67.914
4078.699951,626447,215.899994,579.575012,982.700012,478.899994,67.715
4131.25,646945,217.199997,588.424988,988.799988,483.450012,67.422
4187.200195,770542,218.800003,585.400024,997.666992,484.575012,67.504
4165.399902,804652,219.600006,586.200012,1028.430054,486.725006,67.19
4173.799805,343648,223.0,591.974976,1045.400024,493.350006,67.265
4173.350098,282439,223.5,587.724976,1050.72998,496.549988,67.434
4141.100098,325843,220.050003,578.625,1036.329956,493.950012,67.495
4161.799805,261295,218.300003,579.099976,1021.77002,489.200012,67.139
4272.049805,518428,224.699997,587.525024,1039.869995,496.25,67.138
4370.399902,688921,226.699997,588.275024,1045.329956,501.700012,66.975
4321.399902,416940,227.699997,596.900024,1034.27002,504.375,67.016
4428.299805,637580,232.0,588.125,1042.969971,502.450012,66.843
4472.049805,654076,231.5,536.275024,1057.22998,506.100006,67.141
4454.75,684924,228.75,540.974976,1049.599976,503.125,67.137
4485.700195,378788,229.600006,543.474976,1048.530029,508.899994,67.204
4469.149902,357560,231.149994,541.549988,1047.22998,511.5,67.163
4413.700195,252227,225.649994,539.950012,1038.369995,503.174988,67.153
4414.700195,339886,223.5,536.224976,1049.329956,507.424988,67.154
4550.549805,499616,229.899994,540.424988,1057.27002,511.375,67.412
4471.299805,1828186,226.699997,544.349976,1061.800049,512.025024,67.321
4558.149902,1212744,229.25,542.674988,1068.099976,506.549988,67.072
4763.5,1879461,231.0,538.75,1051.5,513.174988,67.014
4757.600098,799265,229.399994,536.924988,1039.22998,507.450012,66.655
4866.25,1206974,227.300003,542.625,995.799988,504.75,66.764
4986.049805,1611134,228.050003,541.900024,1002.22998,506.399994,66.682
4873.850098,1019631,226.649994,542.450012,985.732971,496.975006,66.767
4889.649902,727097,225.649994,535.900024,979.432983,496.5,66.84
4941.649902,598288,232.75,534.0,1008.130005,508.125,66.842
4991.75,474502,233.25,539.349976,1004.77002,514.625,66.81
4960.850098,508711,235.149994,541.700012,1000.630005,515.349976,66.774
4861.600098,512317,231.5,541.174988,988.799988,501.825012,66.765
4878.649902,623156,227.149994,538.674988,983.132996,507.049988,66.75
4898.600098,686072,243.300003,531.275024,994.599976,517.900024,66.908
4864.200195,793106,246.75,525.900024,1004.22998,512.450012,66.87
4889.850098,498247,246.25,516.650024,1001.669983,506.649994,66.893
4915.850098,479572,248.399994,511.700012,988.067017,509.024994,66.83
4900.100098,426426,258.5,510.649994,996.232971,507.450012,67.137
4837.75,292890,254.800003,507.725006,995.099976,505.924988,67.202
4833.799805,270869,254.75,519.825012,984.767029,505.225006,67.122
4948.549805,952400,254.399994,528.700012,982.333008,510.25,67.167
4933.700195,914319,250.149994,518.075012,969.767029,506.350006,67.016
4920.899902,337715,246.600006,510.125,951.46698,513.950012,67.136
4927.399902,299611,249.050003,511.399994,973.0,528.724976,67.113
5067.649902,996156,252.25,520.200012,983.767029,533.200012,67.144
5053.649902,804288,252.5,517.924988,1008.630005,530.0,66.973
5060.75,870402,252.0,518.775024,1004.72998,514.599976,66.801
5160.450195,956049,254.600006,515.924988,1003.369995,506.674988,66.795
5319.700195,970024,260.100006,522.5,1010.929993,509.950012,66.28
5336.049805,734051,266.799988,527.174988,1012.169983,508.825012,66.478
5489.399902,942300,268.350006,518.825012,1026.329956,516.700012,66.631
5403.0,547599,264.100006,517.75,1011.799988,522.275024,66.895
5329.0,795632,252.75,527.0,975.46698,523.25,66.738
5363.899902,539702,257.549988,522.799988,983.53302,522.375,66.798
5452.399902,704384,256.0,521.099976,980.166992,532.5,66.86
5573.299805,1669960,254.300003,530.075012,982.132996,537.775024,67.075
5491.899902,632835,255.649994,530.599976,986.53302,541.200012,66.98
5514.850098,423083,254.449997,525.075012,983.96698,537.099976,66.985
5501.25,549370,251.149994,527.875,981.400024,536.125,66.744
5597.100098,526494,257.899994,529.400024,999.96698,544.474976,66.633
5601.799805,559592,254.550003,521.275024,998.0,551.400024,66.707
5568.899902,418297,251.649994,517.950012,977.132996,553.599976,66.613
5511.399902,427991,249.0,519.875,957.599976,555.25,66.425
5521.799805,449876,253.75,519.474976,970.599976,545.325012,66.349
5438.600098,693217,247.25,514.599976,958.400024,536.224976,66.812
5477.299805,646631,251.25,518.025024,955.432983,541.849976,66.556
5681.0,840940,255.300003,519.049988,980.46698,545.349976,66.546
5680.0,464913,259.75,524.599976,966.099976,548.174988,66.609
5689.200195,644731,260.850006,520.75,969.299988,544.700012,66.572
5710.450195,416860,256.799988,513.700012,969.666992,555.400024,66.697
5683.799805,309473,258.700012,506.274994,971.299988,554.5,66.602
5712.350098,205840,256.600006,514.974976,966.666992,548.174988,66.492
5718.549805,441169,249.649994,526.174988,958.932983,528.575012,66.794
5690.450195,352350,252.100006,513.575012,983.232971,538.825012,66.717
5599.100098,400595,253.199997,511.200012,965.299988,530.325012,66.789
5626.700195,487798,256.899994,519.525024,992.166992,540.549988,66.733
5604.600098,384608,255.399994,520.900024,994.03302,543.674988,66.645
5644.5,311728,260.200012,518.325012,1002.429993,543.775024,66.83
5650.200195,224567,258.5,519.150024,1007.22998,532.099976,66.926
5713.899902,412403,262.950012,513.549988,995.099976,531.650024,66.845
5781.450195,339506,261.450012,508.600006,989.400024,530.424988,66.806
5869.100098,590811,258.75,507.100006,988.200012,527.025024,66.863
5860.149902,1864862,255.399994,501.75,983.53302,524.349976,66.881
5876.149902,935542,258.0,498.75,987.132996,527.474976,66.778
5878.100098,1163831,258.950012,494.725006,975.432983,525.5,66.696
5794.600098,522312,251.050003,490.524994,965.767029,511.875,66.762
5805.549805,585730,245.649994,483.424988,962.799988,511.975006,66.668
5704.850098,679821,242.850006,485.5,946.53302,502.774994,66.796
5715.950195,532212,252.699997,488.975006,932.0,500.575012,66.745
5669.0,684050,252.649994,491.299988,931.46698,501.75,66.246
5392.950195,1299603,260.0,479.149994,926.96698,502.299988,66.515
5328.5,942971,281.299988,469.700012,941.400024,505.200012,66.865
5134.25,1058491,273.0,460.774994,925.867004,500.875,67.565
4846.600098,2793900,278.200012,461.774994,913.53302,492.700012,67.786
4990.799805,1952224,277.200012,470.450012,917.03302,493.274994,67.999
4925.549805,668715,277.450012,464.899994,914.0,488.875,68.023
4950.899902,699355,275.799988,460.0,913.632996,493.75,68.191
4787.450195,864696,257.350006,455.549988,898.599976,495.75,68.228
4934.549805,845997,257.350006,457.100006,886.367004,500.725006,68.396
4880.850098,757744,258.649994,460.125,904.833008,504.5,68.784
4830.149902,550368,261.75,465.149994,899.767029,493.674988,68.761
4873.600098,669501,260.950012,488.75,913.799988,496.850006,68.519
4893.75,1387068,253.550003,489.875,904.632996,493.325012,68.579
5088.149902,874897,252.699997,486.299988,901.632996,498.850006,68.615
5266.0,1270618,258.350006,487.774994,921.833008,495.024994,68.598
5252.100098,1221883,255.649994,487.799988,925.567017,498.875,68.236
5068.100098,772281,254.100006,482.25,907.900024,497.375,68.031
5202.950195,578935,256.899994,480.825012,904.099976,496.924988,68.025
5135.200195,646660,259.100006,483.25,908.099976,502.600006,67.742
5116.649902,590462,255.600006,483.200012,902.53302,499.575012,67.438
5234.600098,845955,259.899994,492.325012,911.299988,510.024994,67.546
5235.0,562518,266.649994,494.674988,908.132996,514.474976,67.47
5144.399902,357439,263.649994,488.674988,909.96698,513.599976,67.431
5163.149902,484291,266.149994,495.100006,917.132996,519.900024,67.411
5141.049805,371699,262.899994,499.875,906.632996,529.75,67.475
5152.049805,457317,265.399994,496.174988,904.567017,526.474976,67.857
5188.649902,1170505,264.75,502.575012,907.067017,528.575012,67.855
5115.049805,369118,261.350006,502.325012,896.632996,531.275024,67.844
5108.0,377676,254.550003,506.075012,903.666992,528.950012,67.917
5137.850098,413072,255.350006,500.774994,894.666992,531.625,67.837
5084.399902,399573,249.800003,492.350006,876.432983,526.674988,67.848
5197.149902,589006,249.149994,494.225006,891.632996,528.650024,67.837
5167.350098,510998,244.199997,491.375,891.732971,523.724976,67.76
5224.0,486703,248.75,499.475006,903.732971,532.349976,67.978
5231.25,595514,247.75,499.25,899.96698,524.849976,68.233
5314.799805,655325,247.649994,496.174988,892.799988,532.724976,67.936
5319.549805,559886,250.199997,505.299988,899.400024,541.200012,67.955
5466.0,651321,243.600006,500.549988,906.400024,542.549988,68.145
5508.399902,631753,244.899994,496.924988,911.46698,544.700012,68.26
5502.149902,679443,242.899994,498.875,917.732971,533.575012,67.886
5634.950195,744210,245.350006,498.075012,928.200012,538.700012,67.743
5615.549805,544695,245.899994,486.125,927.299988,537.474976,68.115
5658.5,345094,247.050003,485.174988,920.432983,538.849976,68.1
5674.850098,410444,248.300003,485.274994,925.0,544.924988,68.327
5762.350098,539326,252.149994,484.549988,941.567017,543.025024,68.312
5777.350098,421634,251.25,500.024994,966.232971,541.650024,68.141
5699.5,1086873,250.899994,487.899994,959.166992,545.200012,68.18
5676.899902,290142,255.75,477.825012,961.867004,538.125,68.103
5669.399902,343048,256.0,477.700012,963.833008,520.625,67.862
5684.450195,308483,258.350006,475.399994,968.299988,516.275024,68.22
5718.350098,239027,258.399994,479.049988,966.299988,516.849976,68.1
5668.950195,444280,251.050003,474.350006,943.166992,512.900024,68.075
5700.0,297515,254.149994,476.350006,929.03302,507.950012,68.051
5737.200195,301613,254.899994,472.774994,946.53302,513.650024,68.138
5802.549805,1148793,259.200012,468.299988,966.5,508.649994,67.988
5915.899902,576906,266.450012,471.075012,959.932983,512.549988,68.105
5894.950195,323448,263.950012,474.674988,961.867004,522.400024,67.829
5894.25,374637,260.350006,464.299988,964.166992,522.599976,67.515
6179.200195,1212008,270.700012,458.375,993.5,524.825012,67.415
6144.350098,745214,273.299988,467.950012,984.333008,521.75,67.21
6115.450195,304078,277.549988,468.049988,987.132996,516.825012,67.184
6149.700195,322223,277.049988,467.625,989.200012,520.825012,67.195
6213.200195,456427,277.899994,471.125,1000.200012,515.450012,67.35
6194.649902,410369,277.200012,468.25,1004.570007,512.575012,67.05
6157.100098,511610,275.850006,473.0,993.799988,516.375,66.765
6112.25,284471,276.350006,484.149994,1001.299988,515.075012,66.854
6022.0,404675,271.649994,492.174988,1000.099976,514.924988,66.975
5939.850098,439745,270.200012,493.850006,995.067017,524.900024,66.835
5862.700195,609791,268.950012,490.899994,986.666992,525.650024,66.875
6024.549805,576390,270.5,506.049988,980.166992,533.75,67.08
5989.75,326378,269.350006,500.049988,985.333008,537.75,67.08
6093.149902,504439,269.649994,505.125,988.432983,537.700012,66.905
6063.149902,287864,270.700012,506.799988,988.867004,544.099976,66.985
6079.649902,431264,272.299988,495.075012,984.632996,603.75,66.95
6031.0,461009,270.450012,504.424988,991.067017,591.375,66.69
5951.5,394395,268.25,506.200012,977.232971,619.450012,66.7
5922.5,558820,269.200012,506.200012,979.46698,619.025024,66.725
5919.600098,559896,271.75,512.575012,984.099976,617.25,66.865
5918.75,473769,267.299988,511.649994,982.632996,618.375,66.785
5887.75,362057,265.049988,515.599976,980.232971,629.275024,66.78
5934.850098,361209,269.850006,516.950012,990.400024,652.674988,66.675
5888.5,373103,267.799988,509.899994,990.932983,652.474976,66.625
5864.149902,639968,269.899994,503.899994,984.200012,645.599976,66.765
5964.399902,598391,273.25,505.774994,984.599976,643.375,66.69
5955.600098,443986,272.049988,510.924988,994.400024,640.825012,66.555
6132.399902,875005,274.649994,517.400024,1038.72998,644.75,65.775
6137.350098,384040,277.350006,505.975006,1032.599976,652.474976,65.63
6155.450195,252721,279.299988,514.424988,1047.369995,648.825012,65.385
6192.600098,1048024,274.149994,520.150024,1035.030029,650.349976,65.475
6158.899902,207710,273.899994,510.75,1025.099976,640.400024,65.345
6076.299805,532134,272.350006,516.424988,1032.699951,631.900024,65.344
6005.799805,462793,267.5,513.849976,1019.900024,629.849976,65.455
6034.799805,447530,268.5,520.224976,1029.27002,636.650024,65.455
6004.649902,573292,276.5,515.700012,1034.130005,643.375,65.425
5985.799805,340512,279.450012,514.424988,1029.27002,625.549988,64.995
5974.25,505962,282.100006,517.575012,1029.5,622.875,65.045
5944.149902,494597,288.450012,515.924988,1037.699951,628.325012,64.875
5956.600098,898999,291.049988,512.75,1038.300049,635.325012,64.86
6015.700195,501939,293.399994,511.125,1049.930054,660.450012,64.86
6072.0,378716,293.149994,504.399994,1107.329956,687.325012,64.985
6342.399902,1076674,297.350006,497.975006,1130.969971,707.5,64.875
6291.649902,505863,292.850006,499.799988,1122.130005,719.25,64.606
6259.350098,467235,289.450012,490.774994,1123.670044,703.299988,64.27
6268.850098,318486,289.350006,476.700012,1116.030029,690.674988,64.605
6247.799805,373105,294.5,483.575012,1136.599976,686.174988,64.555
6154.5,415372,290.149994,484.424988,1135.199951,677.0,64.69
6077.950195,386820,291.549988,465.700012,1119.030029,682.400024,64.445
6115.549805,342286,289.899994,462.450012,1120.900024,695.924988,64.48
6137.149902,453391,290.299988,461.325012,1113.0,685.099976,64.605
6196.950195,366504,284.049988,459.600006,1113.699951,684.400024,64.665
6273.5,466934,284.799988,463.649994,1120.800049,684.775024,64.62
6185.799805,294827,282.200012,461.850006,1125.0,701.25,64.65
6318.350098,426893,286.049988,463.274994,1155.130005,708.700012,64.49
6337.200195,384281,286.049988,464.674988,1164.069946,716.400024,64.33
6406.299805,540500,286.450012,457.125,1167.530029,708.224976,64.13
6374.049805,1087684,282.049988,462.625,1177.829956,704.75,64.115
6524.850098,949573,289.75,459.475006,1166.530029,697.599976,64.29
6705.5,888539,288.299988,461.299988,1154.699951,685.275024,64.165
6644.0,370021,289.799988,467.149994,1146.800049,685.049988,64.165
6639.799805,372533,299.049988,468.825012,1154.430054,678.974976,64.215
6654.149902,337498,296.0,465.75,1149.599976,664.125,64.315
6630.549805,208481,299.399994,472.75,1139.72998,660.700012,64.36
6629.299805,215203,296.5,473.325012,1163.099976,665.174988,64.68
6737.75,295859,294.450012,471.825012,1159.5,679.549988,64.615
6762.5,259056,298.100006,472.049988,1157.900024,679.775024,64.405
6730.200195,256491,297.899994,482.125,1160.400024,675.224976,64.243
6823.899902,336356,301.399994,475.774994,1161.599976,672.049988,64.065
6953.950195,707624,307.5,477.5,1160.469971,678.150024,64.045
6958.200195,445461,307.649994,476.399994,1170.300049,676.549988,64.13
6831.049805,406814,302.950012,480.875,1148.400024,663.674988,64.88
6790.549805,552223,308.0,478.975006,1149.699951,659.424988,64.565
6701.700195,327493,294.299988,480.725006,1167.969971,662.075012,64.51
6878.850098,956457,288.850006,478.649994,1160.5,652.775024,64.895
6869.649902,433647,283.149994,477.399994,1122.969971,648.849976,64.77
6985.700195,435721,290.100006,491.649994,1179.22998,651.224976,64.555
7064.799805,373937,288.450012,497.850006,1191.72998,668.650024,64.51
7134.450195,427378,284.0,492.575012,1188.27002,678.450012,64.54
7147.5,403698,288.850006,498.100006,1178.369995,679.674988,64.635
7211.0,650259,288.299988,488.524994,1173.800049,670.349976,64.51
7146.600098,649217,287.450012,485.700012,1195.199951,664.125,64.478
7114.700195,310268,287.049988,484.725006,1189.329956,662.375,64.415
7125.700195,296147,287.25,479.375,1203.27002,664.674988,64.35
7112.100098,324579,287.299988,489.674988,1183.430054,656.400024,64.43
7205.700195,518152,290.549988,480.649994,1192.400024,669.5,64.435
7249.5,426525,288.600006,478.225006,1182.829956,665.849976,64.25
7464.850098,1122640,288.549988,474.299988,1185.469971,667.849976,64.245
7373.649902,454342,284.950012,481.924988,1157.72998,659.724976,64.48
7348.950195,607567,283.850006,478.899994,1159.329956,657.174988,64.345
7351.049805,277472,284.200012,479.299988,1176.300049,678.75,64.235
7312.299805,388150,284.0,476.049988,1156.900024,691.974976,64.565
7263.899902,547028,285.950012,470.125,1151.130005,694.400024,64.465
7249.25,372747,288.850006,464.924988,1170.530029,704.625,64.495
7207.25,757716,290.100006,471.774994,1167.0,706.174988,64.54
7268.200195,460423,290.899994,471.674988,1169.469971,711.0,64.53
7316.100098,436033,294.5,470.075012,1157.599976,716.325012,64.605
7219.149902,355854,288.950012,471.625,1148.469971,717.924988,64.505
7183.350098,365667,279.649994,463.524994,1134.469971,718.575012,64.475
7225.049805,637214,276.399994,462.350006,1135.5,699.25,64.525
7224.350098,543979,272.450012,465.100006,1135.77002,696.349976,64.66
7217.600098,367886,273.649994,467.774994,1125.069946,690.0,64.62
7354.0,556846,274.850006,475.950012,1124.829956,690.525024,64.845
7376.149902,428293,273.0,481.075012,1122.22998,710.974976,64.79
7377.649902,273869,274.899994,475.450012,1130.199951,721.325012,64.8
7474.049805,416512,281.0,473.5,1131.72998,721.275024,64.725
7432.799805,339803,280.100006,467.700012,1136.27002,745.575012,64.625
7430.450195,47033,285.549988,478.524994,1154.77002,746.424988,64.475
7457.0,423681,283.549988,487.674988,1160.72998,747.174988,64.565
7476.649902,233096,287.649994,486.174988,1159.699951,755.549988,64.475
7567.549805,472029,288.75,488.524994,1175.099976,761.049988,64.46
7557.25,267450,291.600006,486.024994,1171.199951,766.875,64.424
7522.299805,289180,293.0,492.024994,1171.25,775.875,64.345
7549.350098,387214,291.0,492.799988,1177.900024,759.950012,64.316
7561.5,223986,293.299988,489.924988,1181.300049,766.474976,64.27
7490.950195,290547,290.950012,484.725006,1185.650024,764.450012,64.375
7543.0,434483,290.649994,490.049988,1179.25,792.5,64.385
7554.549805,357195,294.549988,495.274994,1178.0,807.625,64.395
7504.850098,323585,296.100006,496.924988,1170.849976,801.075012,64.385
7565.25,377790,295.799988,497.024994,1180.25,811.375,64.355
7599.600098,1148259,298.350006,485.524994,1182.050049,797.400024,64.125
7630.450195,459181,299.100006,498.674988,1161.400024,797.224976,64.115
7750.049805,505371,312.5,505.600006,1193.949951,807.599976,64.2
7856.100098,1096934,309.0,502.774994,1190.050049,801.799988,64.095
7795.5,414448,307.700012,496.674988,1176.800049,814.599976,63.635
7737.399902,287116,300.549988,492.0,1174.75,825.049988,63.705
7770.299805,325021,305.25,491.875,1175.849976,811.075012,63.675
7838.649902,327318,311.200012,484.125,1179.949951,808.174988,63.84
7755.899902,319951,303.649994,481.924988,1171.199951,801.275024,63.692
7661.600098,285089,302.299988,484.674988,1153.900024,799.400024,63.86
7578.75,385730,296.700012,490.625,1157.699951,792.174988,64.095
7457.399902,676390,280.149994,493.850006,1131.949951,773.125,64.14
7608.450195,328598,278.200012,490.725006,1146.900024,786.525024,64.09
7701.149902,488766,283.100006,487.600006,1142.25,783.049988,64.17
7582.450195,321296,280.850006,510.424988,1134.0,783.549988,64.17
7598.799805,332924,278.700012,461.625,1130.599976,787.700012,64.095
7501.899902,277519,274.649994,436.700012,1127.099976,782.200012,64.11
7496.100098,278131,273.899994,437.700012,1117.699951,780.025024,64.073
7573.049805,258051,279.0,446.399994,1124.150024,791.025024,64.045
7612.850098,436912,280.299988,456.075012,1131.699951,784.025024,64.045
7579.0,391028,279.350006,470.5,1138.900024,783.275024,63.905
7521.5,368309,277.0,463.725006,1130.050049,766.075012,64.015
7557.450195,471048,276.600006,463.325012,1139.650024,782.049988,63.99
7700.299805,586954,277.75,457.475006,1136.300049,797.25,63.935
7812.299805,627407,277.850006,459.975006,1139.199951,805.049988,64.025
7821.5,362724,277.75,450.100006,1130.650024,806.674988,64.04
7817.200195,182518,276.549988,450.950012,1126.650024,816.299988,64.105
7846.649902,340420,274.25,447.799988,1117.599976,822.700012,64.06
7919.200195,389478,274.200012,447.875,1129.099976,818.099976,64.015
7970.75,341309,271.799988,442.149994,1172.400024,816.900024,63.785
8142.399902,547463,270.950012,439.350006,1217.849976,817.900024,63.935
8154.5,387447,273.450012,442.024994,1230.25,823.75,64.031
8122.600098,371832,273.399994,441.875,1223.349976,849.0,64.01
8070.25,293890,274.200012,446.200012,1214.199951,843.849976,64.123
8099.75,400099,271.5,454.125,1212.400024,841.799988,64.11
8157.850098,219992,270.399994,454.549988,1237.949951,845.549988,64.158
8131.700195,245577,267.799988,456.125,1225.900024,838.599976,64.3
8120.149902,185837,270.049988,456.350006,1235.949951,847.150024,64.293
8144.950195,258168,268.5,454.774994,1228.050049,841.349976,64.81
8068.200195,366359,261.850006,449.149994,1184.800049,817.400024,64.795
7964.950195,626129,258.75,447.674988,1165.199951,821.549988,65.127
7889.899902,440508,258.25,452.950012,1162.900024,820.099976,65.46
7739.950195,564788,250.399994,449.899994,1137.199951,799.150024,65.715
7897.350098,768225,252.550003,448.0,1133.349976,786.450012,65.47
7978.200195,486217,253.850006,449.950012,1142.050049,780.900024,65.31
7888.299805,516298,251.300003,451.774994,1134.900024,798.349976,65.485
7847.200195,301347,253.199997,449.799988,1138.300049,818.849976,65.03
7831.049805,272177,251.600006,451.524994,1132.050049,824.150024,65.145
7903.200195,440453,256.75,460.075012,1141.800049,837.049988,65.4
7896.700195,261839,256.850006,461.950012,1140.949951,830.650024,65.355
7893.700195,224485,256.950012,467.725006,1142.699951,843.200012,65.25
7825.149902,644166,251.75,465.350006,1133.849976,840.150024,65.16
7904.25,396436,251.199997,463.649994,1143.650024,872.75,65.06
7874.149902,328108,252.100006,465.049988,1138.650024,876.450012,64.7
7842.0,502632,252.050003,469.5,1144.699951,876.799988,64.7
7838.899902,304861,251.149994,465.25,1148.75,874.349976,65.03
7784.049805,489207,243.75,462.174988,1141.400024,914.5,65.055
7731.100098,115449,242.75,463.475006,1139.75,909.900024,64.995
7818.5,471496,245.949997,469.75,1135.75,939.75,65.022
7875.0,354257,254.449997,463.25,1142.550049,934.25,65.09
7870.200195,254379,324.899994,467.649994,1204.199951,939.900024,64.925
8068.049805,684763,320.5,473.674988,1223.5,947.400024,64.84
8114.450195,1201080,311.049988,473.174988,1224.650024,929.849976,65.04
8195.25,726605,312.0,472.049988,1236.949951,942.5,64.86
8211.25,318652,305.799988,460.924988,1222.300049,940.849976,64.75
8238.400391,631375,319.850006,463.524994,1215.300049,952.549988,64.565
8225.799805,247753,314.350006,461.450012,1210.949951,946.599976,64.575
8219.400391,288916,325.0,463.325012,1235.0,945.299988,64.56
8310.200195,392588,329.0,464.350006,1224.699951,932.5,64.625
8220.299805,348296,317.200012,477.75,1211.050049,906.700012,65.06
8232.0,199176,309.549988,476.149994,1218.199951,887.799988,64.92
8204.799805,442672,313.700012,477.25,1215.900024,900.5,64.975
8183.5,351694,333.549988,481.024994,1264.949951,883.849976,65.19
8109.200195,181361,331.049988,475.975006,1240.550049,875.25,65.44
8122.950195,237427,329.100006,474.549988,1210.199951,886.700012,65.41
8127.25,275441,324.950012,475.899994,1209.5,883.700012,65.27
8163.700195,321844,333.399994,494.200012,1219.300049,903.849976,65.295
8348.349609,419255,337.5,485.475006,1222.800049,911.900024,65.015
8425.650391,372037,333.0,480.274994,1229.800049,920.849976,65.1
8424.799805,255180,330.649994,483.125,1222.650024,932.549988,64.88
8513.150391,383442,335.299988,483.149994,1222.699951,930.75,64.88
8463.400391,289808,334.950012,495.625,1215.949951,947.0,64.57
8487.950195,343432,332.399994,504.774994,1218.5,951.099976,64.68
8508.599609,172254,335.649994,499.375,1224.75,951.349976,64.478
8624.150391,456041,332.0,492.350006,1211.699951,943.349976,64.41
8671.349609,382984,328.899994,491.350006,1217.849976,946.0,64.36
8599.099609,582023,320.350006,488.049988,1216.550049,921.549988,64.49
8609.0,436589,312.75,479.399994,1211.650024,910.099976,64.52
8500.799805,242191,313.600006,492.674988,1217.5,901.599976,64.38
8500.400391,213998,319.100006,492.174988,1209.900024,913.700012,64.36
8612.400391,420876,312.399994,495.149994,1191.25,926.650024,64.53
8882.400391,834850,316.399994,499.899994,1218.400024,931.549988,64.57
9042.25,1006694,313.100006,500.924988,1220.349976,921.0,64.48
9133.799805,564023,318.399994,502.649994,1221.849976,916.150024,64.355
9131.349609,491488,318.450012,505.25,1202.900024,915.599976,64.41
9120.650391,446829,313.299988,501.875,1189.25,914.650024,64.46
9112.75,655484,314.0,506.549988,1188.800049,921.5,64.34
9165.900391,620495,312.25,511.450012,1203.550049,919.75,64.08
9309.099609,658668,318.899994,508.299988,1217.900024,921.0,64.21
9801.5,1275759,319.799988,501.975006,1219.900024,925.950012,64.06
9733.900391,1216280,317.5,507.924988,1232.5,918.150024,64.115
9631.049805,849633,316.75,511.024994,1258.800049,912.950012,64.02
9700.0,814330,319.850006,519.674988,1266.150024,920.400024,64.02
9679.0,542587,317.149994,517.799988,1269.699951,929.799988,64.05
9644.099609,402886,314.850006,517.125,1257.849976,923.75,64.12
9629.200195,659995,308.399994,516.625,1252.75,924.200012,64.08
9729.549805,471554,309.899994,521.025024,1258.25,921.049988,63.84
9651.900391,426354,307.100006,516.775024,1260.699951,909.75,63.68
9554.049805,451227,303.25,514.849976,1249.75,911.150024,63.46
9416.599609,658281,302.850006,510.649994,1275.300049,914.799988,63.505
9386.25,562919,308.5,507.700012,1315.699951,920.299988,63.4
9433.849609,732512,306.350006,506.0,1314.900024,923.25,63.34
9448.950195,294549,305.799988,518.025024,1338.25,928.549988,63.475
9383.549805,427590,304.299988,520.674988,1332.75,940.950012,63.67
9375.849609,394826,301.100006,526.125,1323.75,942.349976,63.63
9339.799805,368996,302.200012,537.900024,1323.550049,937.75,63.69
9459.150391,685141,302.25,539.224976,1329.150024,949.0,63.61
9358.450195,385462,302.600006,540.575012,1325.949951,949.150024,63.515
9322.049805,364816,296.149994,561.424988,1326.199951,922.950012,64.02
9313.900391,390461,307.100006,576.049988,1353.349976,924.5,63.885
9368.700195,686971,303.25,576.349976,1360.800049,919.700012,63.87
9323.950195,542339,309.25,571.724976,1371.449951,931.299988,63.83
9310.099609,454188,306.5,575.0,1398.849976,971.5,63.89
9393.400391,561948,318.100006,588.549988,1410.699951,983.25,63.76
9434.950195,568489,329.899994,592.900024,1401.199951,966.349976,63.66
9278.200195,705224,313.149994,587.700012,1416.5,965.900024,63.515
9630.700195,1546624,312.100006,591.450012,1431.949951,964.5,63.6
9571.549805,573988,313.549988,585.325012,1429.900024,950.400024,63.69
9509.700195,462650,313.25,575.125,1416.5,961.299988,63.55
9401.849609,550971,306.049988,572.299988,1455.599976,943.849976,63.98
8990.599609,984189,297.350006,571.625,1415.449951,904.349976,64.13
9080.599609,651062,298.049988,569.099976,1363.650024,902.150024,64.14
8984.599609,840339,291.75,553.875,1353.050049,892.099976,64.23
8921.799805,509440,292.799988,554.525024,1333.75,894.400024,64.28
9030.700195,465683,301.399994,567.125,1347.400024,904.549988,64.3
8936.099609,364892,296.399994,554.575012,1329.25,897.849976,64.375
9117.849609,408523,288.75,551.400024,1350.5,915.5,64.28
9001.599609,357737,276.200012,548.875,1361.199951,933.650024,64.1
9020.25,250781,278.700012,557.224976,1350.349976,935.650024,63.9
8836.950195,632659,271.649994,564.025024,1328.400024,921.299988,64.215
8724.849609,436138,268.5,565.875,1295.5,927.0,64.25
8722.650391,517802,269.649994,568.474976,1290.599976,921.099976,64.86
8782.75,471756,273.299988,573.700012,1282.800049,929.349976,64.805
8634.049805,638857,272.600006,580.375,1292.0,924.349976,64.975
8698.799805,567960,276.049988,577.825012,1301.699951,934.25,64.71
9005.349609,869374,274.450012,569.299988,1344.25,938.700012,64.77
8891.200195,684609,267.600006,575.099976,1338.099976,950.5,64.92
8850.950195,680125,268.0,586.299988,1318.150024,954.549988,65.21
8873.450195,609369,262.149994,580.375,1315.199951,948.400024,65.23
8795.099609,388180,263.5,577.950012,1300.699951,924.099976,65.025
8616.5,543686,256.549988,575.674988,1283.400024,910.849976,64.905
8679.099609,598715,246.649994,572.049988,1263.300049,889.75,64.88
8729.349609,533856,256.799988,578.325012,1283.800049,911.450012,65.105
8660.599609,323450,253.25,581.700012,1290.5,913.099976,65.125
8810.299805,438339,252.850006,592.875,1310.050049,930.299988,64.985
8756.049805,521943,254.699997,591.900024,1302.75,931.849976,64.855
8846.299805,411769,257.049988,590.400024,1303.25,929.049988,64.84
8837.549805,313431,253.699997,591.25,1295.099976,911.799988,64.99
8676.549805,622932,252.300003,585.950012,1269.300049,900.049988,64.99
8773.5,571830,247.949997,573.375,1279.550049,895.5,65.22
8802.400391,408924,249.100006,582.275024,1293.5,889.799988,65.21
8874.650391,516020,248.0,583.75,1309.349976,896.900024,65.18
8696.549805,471749,241.550003,580.650024,1296.25,908.150024,65.105
8607.25,644482,234.800003,583.799988,1267.900024,893.900024,64.99
8765.299805,447858,246.5,577.625,1297.400024,901.099976,64.825
8852.299805,423455,254.350006,577.0,1307.550049,899.799988,64.945
8861.099609,1194227,249.899994,565.900024,1310.900024,882.700012,65.16
9008.200195,552649,246.149994,568.575012,1335.949951,892.950012,65.13
9026.450195,339709,250.5,570.224976,1330.400024,899.549988,65.0
9013.5,488280,247.300003,562.099976,1296.150024,894.900024,65.045
9132.599609,236956,259.299988,573.775024,1328.800049,908.200012,64.89
9206.200195,429514,259.700012,563.5,1316.550049,911.0,64.93
9292.650391,426170,260.649994,555.625,1327.900024,916.0,64.955
9273.450195,299119,263.299988,556.700012,1349.900024,917.049988,64.95
9302.5,318010,257.049988,562.125,1352.75,930.849976,65.26
9204.450195,300797,253.800003,581.299988,1357.449951,928.700012,65.29
9123.950195,366224,250.949997,585.724976,1354.849976,938.849976,65.255
9232.0,271057,249.0,566.599976,1368.099976,937.049988,65.47
9160.349609,342578,248.149994,562.599976,1359.550049,944.25,65.68
9121.5,452854,246.449997,562.974976,1360.099976,938.0,65.72
9077.650391,256088,246.149994,566.424988,1385.0,942.299988,65.87
9025.0,303913,241.199997,589.224976,1365.050049,927.900024,66.21
9064.849609,302205,242.449997,593.849976,1360.0,936.0,66.53
9064.650391,312103,240.600006,577.25,1378.0,970.049988,66.41
8934.599609,488641,237.199997,580.174988,1362.900024,970.5,66.92
8946.450195,614321,233.199997,588.224976,1347.199951,975.349976,66.805
8783.349609,1873816,242.600006,592.599976,1377.75,996.299988,66.62
8814.950195,497504,246.399994,599.75,1400.900024,963.299988,66.46
8744.5,806846,241.0,598.525024,1403.150024,972.700012,66.69
8755.950195,406825,241.899994,591.275024,1377.75,961.599976,66.67
8678.200195,490244,241.949997,586.549988,1368.699951,953.950012,66.82
8743.700195,342702,246.5,591.5,1389.150024,971.0,67.14
8775.200195,404969,250.050003,582.775024,1364.900024,967.099976,67.13
8718.349609,314057,248.0,585.349976,1375.650024,976.700012,67.35
8704.950195,298598,247.949997,584.0,1362.199951,981.150024,67.245
8750.299805,264405,250.350006,590.375,1387.400024,989.25,67.36
8707.0,276620,253.600006,594.650024,1381.75,986.599976,67.56
8726.599609,506107,248.0,597.275024,1374.199951,978.950012,68.08
8695.599609,288597,243.100006,594.974976,1362.349976,956.150024,67.775
8697.5,379606,242.699997,591.450012,1355.949951,945.349976,67.765
8510.950195,603507,238.850006,591.599976,1315.550049,933.849976,67.99
8428.5,872463,244.449997,589.75,1313.25,931.349976,68.115
8560.650391,410467,253.899994,596.924988,1320.150024,926.75,68.02
8497.400391,399631,263.200012,592.450012,1326.900024,912.25,68.37
8410.75,292331,268.5,610.5,1338.050049,915.849976,68.34
8548.150391,519151,266.950012,614.150024,1342.0,920.799988,67.73
8709.299805,446264,272.049988,607.200012,1376.449951,920.400024,67.4
8714.900391,665121,264.299988,608.349976,1380.599976,917.450012,67.84
8588.200195,508262,267.149994,605.849976,1365.650024,916.099976,67.44
8537.200195,679959,269.549988,615.900024,1370.400024,921.349976,67.43
8808.849609,1002010,266.700012,610.400024,1372.400024,930.549988,66.995
8749.849609,380690,263.0,619.700012,1357.849976,940.849976,67.07
8810.400391,400886,263.549988,610.424988,1333.75,947.650024,67.1
8842.349609,328784,270.149994,618.724976,1350.550049,954.400024,66.84
8911.25,267961,269.649994,626.224976,1355.150024,971.349976,67.42
8932.450195,287823,273.0,630.025024,1343.949951,984.349976,67.53
9022.650391,337828,274.0,631.200012,1343.25,982.650024,67.47
9016.75,343452,282.850006,629.25,1366.400024,997.150024,67.48
8967.349609,369407,287.700012,637.400024,1358.75,1002.5,67.645
8958.0,269078,282.600006,619.849976,1343.0,1007.950012,67.69
8951.599609,496572,277.450012,640.625,1329.900024,1014.200012,68.06
8973.450195,305144,276.850006,633.700012,1323.199951,1015.549988,68.04
8862.599609,350407,272.600006,620.799988,1310.400024,996.049988,68.31
8948.299805,325981,273.299988,621.575012,1306.75,1019.25,68.06
8863.049805,313349,268.649994,623.275024,1289.800049,1031.949951,67.945
8874.900391,319027,273.049988,623.924988,1299.849976,1012.5,67.87
8793.0,254954,268.450012,636.224976,1268.150024,1004.450012,68.115
8931.349609,387769,267.399994,638.924988,1270.050049,978.950012,68.37
8898.299805,501622,261.700012,635.0,1232.75,965.849976,68.64
8771.299805,376404,257.0,644.799988,1234.949951,944.950012,68.84
8825.599609,458807,259.350006,653.599976,1275.099976,972.450012,68.46
8821.049805,298529,258.850006,667.349976,1255.949951,960.599976,68.72
8975.150391,375718,257.5,676.875,1251.5,971.299988,68.55
9220.799805,656141,257.450012,672.599976,1259.5,990.099976,68.69
9347.049805,887919,256.450012,642.0,1254.449951,964.5,68.88
9317.5,508241,257.200012,642.125,1266.300049,977.549988,68.805
9374.900391,331872,261.549988,649.424988,1288.0,997.099976,68.66
9531.0,485745,263.75,650.700012,1284.599976,1025.699951,68.755
9384.700195,328446,259.100006,660.224976,1274.75,1038.800049,68.73
9347.0,336960,262.75,647.174988,1299.75,1082.349976,68.52
9431.049805,511150,257.75,658.700012,1298.400024,1099.800049,68.5
9385.299805,216426,251.600006,666.424988,1283.099976,1076.199951,68.55
9445.400391,457123,259.049988,663.950012,1286.849976,1092.349976,68.43
9366.799805,430624,259.549988,661.275024,1292.150024,1092.550049,68.625
9389.099609,199983,260.200012,658.349976,1258.099976,1104.849976,69.02
9398.950195,272916,261.5,674.049988,1270.349976,1128.650024,68.74
9701.0,607813,266.350006,677.974976,1279.150024,1120.300049,68.845
9832.450195,749626,266.850006,688.575012,1324.0,1110.949951,68.948
9758.950195,384750,271.850006,691.875,1320.699951,1115.150024,68.73
9396.25,1261317,287.700012,686.625,1305.949951,1110.650024,68.66
9310.400391,672141,286.75,686.724976,1311.449951,1129.849976,68.605
9381.900391,539464,297.399994,675.5,1295.349976,1151.400024,68.605
9520.549805,426388,293.5,682.549988,1302.300049,1186.0,68.46
9341.599609,700719,295.100006,677.025024,1298.0,1192.349976,68.35
9142.400391,875157,293.899994,676.825012,1282.400024,1168.349976,68.625
9187.0,470958,299.25,682.049988,1290.0,1176.949951,68.545
9286.400391,237693,308.5,680.325012,1290.449951,1192.599976,68.83
9411.5,381993,304.049988,683.974976,1295.300049,1184.199951,68.63
9207.400391,638498,308.700012,681.375,1298.25,1217.699951,68.66
9146.049805,651728,317.399994,689.974976,1284.699951,1217.949951,68.76
9148.25,427827,304.450012,692.724976,1264.650024,1204.199951,68.89
9080.849609,348201,294.149994,704.375,1269.050049,1187.699951,70.02
9132.599609,344056,294.899994,704.150024,1253.25,1210.599976,69.96
9200.549805,465479,292.700012,714.775024,1231.650024,1200.800049,70.09
9152.099609,477538,302.100006,715.174988,1240.150024,1203.75,70.1
9074.349609,449317,307.649994,692.125,1323.699951,1234.900024,69.82
9113.299805,380824,307.0,691.974976,1322.550049,1247.199951,69.86
9223.299805,751705,302.450012,698.700012,1352.050049,1269.449951,70.105
9163.799805,401110,300.450012,689.150024,1342.900024,1277.5,69.97
9245.25,326945,308.0,707.700012,1356.099976,1291.5,70.165
9427.950195,684054,305.350006,712.349976,1355.599976,1319.0,70.1
9368.099609,433440,309.700012,705.049988,1351.550049,1294.199951,70.535
9205.799805,674292,308.600006,708.099976,1346.550049,1274.449951,70.745
9096.400391,634522,309.600006,720.549988,1369.550049,1241.650024,71.005
8902.150391,992161,306.350006,717.125,1363.0,1229.150024,71.215
8868.5,530967,296.399994,737.150024,1359.300049,1241.949951,71.585
8896.099609,491163,296.549988,729.900024,1348.0,1227.0,71.755
8759.849609,687535,296.450012,727.150024,1347.099976,1261.400024,71.95
8719.200195,636918,291.649994,732.799988,1347.5,1278.599976,71.79
8639.400391,577299,284.850006,730.849976,1336.800049,1255.849976,72.455
8517.049805,552622,282.600006,734.299988,1329.650024,1237.699951,72.64
8493.950195,634678,285.299988,742.900024,1352.25,1252.5,72.16
8626.700195,754169,290.649994,733.700012,1358.849976,1253.150024,71.88
8537.799805,422191,285.299988,725.950012,1344.75,1225.900024,72.54
8399.150391,507455,273.799988,719.099976,1327.900024,1217.150024,72.71
8210.349609,959340,271.5,719.75,1332.900024,1210.75,72.36
8040.149902,1646047,270.600006,705.299988,1329.699951,1217.5,72.24
7793.049805,1801469,264.350006,718.25,1318.349976,1232.050049,72.67
7999.450195,1159438,270.899994,726.200012,1319.050049,1230.599976,72.685
7842.549805,754963,263.850006,717.849976,1332.650024,1251.400024,72.6
7553.049805,1594739,265.350006,724.799988,1309.900024,1253.75,72.57
7347.950195,1413254,265.5,730.049988,1272.099976,1257.949951,72.51
7463.950195,1034603,273.850006,746.650024,1248.099976,1231.699951,72.925
7246.0,1148091,271.700012,728.5,1245.449951,1205.099976,73.345
7198.75,1104174,271.350006,707.200012,1257.900024,1122.25,73.63
6904.350098,1481376,258.350006,724.599976,1227.400024,1048.849976,73.77
6889.75,1393849,265.75,714.450012,1215.349976,1109.400024,74.065
6699.450195,1079041,262.950012,717.75,1221.050049,1090.050049,74.34
6985.850098,1162309,278.649994,700.450012,1250.650024,1102.099976,74.25
6875.5,869569,262.149994,673.349976,1225.849976,1087.800049,74.05
7287.200195,1053651,263.75,678.799988,1235.25,1126.550049,73.61
7182.0,682234,263.200012,698.799988,1216.400024,1139.75,73.77
7150.899902,637012,270.299988,695.25,1224.650024,1163.800049,73.465
6885.600098,1021019,261.149994,705.349976,1211.900024,1151.300049,73.6
6756.450195,903940,261.100006,683.549988,1206.050049,1101.300049,73.375
6812.200195,774016,260.350006,679.950012,1206.599976,1062.650024,73.56
6771.299805,734440,255.649994,657.599976,1200.699951,1054.699951,73.55
6768.299805,681526,255.699997,649.799988,1218.900024,1045.75,73.23
6723.200195,2101936,249.550003,648.75,1201.550049,1030.800049,73.23
6717.299805,874526,248.100006,633.599976,1197.449951,1044.900024,73.46
6798.700195,505428,267.899994,644.75,1261.300049,1087.800049,73.4
6697.0,771389,273.149994,659.599976,1271.25,1057.0,73.68
6616.399902,1315746,281.399994,686.400024,1297.5,1061.25,73.96
6711.75,842039,285.899994,666.700012,1326.75,1056.25,73.455
7135.450195,1834118,285.350006,662.25,1358.199951,1074.900024,72.44
7177.25,1040315,294.950012,666.0,1350.150024,1090.300049,73.08
7075.0,667413,286.450012,666.450012,1363.849976,1104.099976,72.955
7127.899902,127507,286.549988,675.5,1365.949951,1110.699951,72.45
7283.5,986090,283.25,659.5,1368.599976,1093.449951,72.48
7087.799805,687443,277.950012,664.200012,1367.199951,1080.0,72.86
7150.450195,572258,278.049988,665.700012,1391.099976,1099.449951,72.615
7369.049805,1112945,283.600006,653.200012,1384.699951,1097.949951,72.31
7478.299805,1048278,285.399994,656.400024,1398.5,1096.849976,71.915
7341.200195,806420,290.899994,650.849976,1399.050049,1127.400024,71.98
7411.649902,577408,288.149994,651.700012,1417.199951,1150.0,71.61
7333.950195,637243,283.450012,641.400024,1413.099976,1137.400024,71.43
7424.5,701156,287.049988,619.099976,1402.099976,1112.900024,71.305
7411.100098,668352,282.700012,620.75,1410.150024,1102.849976,70.69
7554.700195,899481,286.399994,621.450012,1422.0,1109.75,70.82
7647.600098,783389,289.399994,638.900024,1431.599976,1128.199951,70.785
7574.200195,686734,284.549988,666.400024,1403.400024,1152.650024,70.64
7546.75,725583,286.399994,661.049988,1422.449951,1168.5,69.78
7661.600098,869715,284.649994,667.450012,1432.5,1167.550049,69.65
7779.950195,772869,286.799988,670.349976,1427.5,1156.449951,70.44
7721.649902,551195,282.549988,685.25,1419.900024,1152.300049,70.53
7554.049805,704296,280.149994,681.400024,1394.800049,1155.150024,70.56
7209.700195,1339030,275.649994,668.5,1379.5,1123.650024,70.85
7313.950195,688881,275.399994,682.799988,1399.900024,1133.800049,70.86
7350.5,785024,274.200012,669.200012,1367.75,1090.25,72.52
7305.350098,843166,281.25,674.5,1361.400024,1097.550049,72.29
7471.850098,643037,285.25,678.5,1400.300049,1110.5,71.84
7670.5,881204,289.0,697.75,1426.449951,1107.050049,71.53
7662.149902,676653,289.200012,706.049988,1411.400024,1112.199951,71.92
7734.049805,712296,289.5,694.400024,1408.0,1129.900024,71.61
7772.350098,658919,292.75,676.599976,1428.5,1136.400024,70.62
7936.0,856358,300.700012,664.849976,1434.75,1136.800049,70.278
7807.049805,824303,294.049988,667.049988,1450.800049,1128.449951,69.98
7536.299805,1257227,291.899994,646.200012,1420.0,1100.199951,70.14
7529.149902,611297,293.049988,649.0,1404.800049,1089.150024,70.105
7569.100098,594156,294.149994,644.049988,1422.650024,1098.349976,70.07
7499.950195,704523,292.149994,656.799988,1425.050049,1120.199951,70.361
7505.549805,616845,294.799988,656.950012,1439.400024,1125.550049,69.933
7465.5,547975,295.899994,658.950012,1437.550049,1121.25,69.57
7476.799805,625360,299.600006,665.049988,1441.900024,1121.0,69.453
7267.850098,891844,293.899994,669.049988,1425.5,1106.400024,70.0
7203.950195,715168,291.100006,669.150024,1395.0,1092.75,70.11
7234.5,774445,297.649994,661.049988,1388.050049,1098.650024,69.55
7362.049805,687845,296.299988,671.700012,1383.800049,1104.75,69.803
7439.5,516841,305.299988,670.049988,1382.199951,1104.650024,70.14
7492.899902,740580,305.299988,676.099976,1386.050049,1110.75,70.56
7391.600098,452699,305.549988,679.700012,1392.599976,1107.5,70.42
7320.5,488399,302.75,683.5,1369.599976,1098.050049,70.398
7408.700195,424152,300.399994,701.900024,1333.900024,1096.800049,70.76
7355.149902,491196,301.649994,726.599976,1340.900024,1129.650024,71.1
7310.25,424769,303.149994,736.799988,1342.150024,1135.900024,70.98
7336.25,462725,297.399994,733.349976,1346.050049,1134.449951,71.05
7357.950195,334555,294.950012,730.950012,1317.900024,1184.349976,71.21
7208.399902,654537,292.450012,745.0,1314.550049,1237.699951,71.188
7068.850098,896521,290.25,745.349976,1301.150024,1235.150024,71.26
7045.399902,702474,286.649994,731.650024,1301.449951,1226.300049,71.19
7040.600098,520703,288.049988,732.0,1295.349976,1247.449951,71.0
6513.399902,3062762,285.399994,730.349976,1285.449951,1246.0,70.9
6511.049805,2398091,281.600006,727.950012,1300.449951,1229.550049,71.07
6526.950195,1101399,280.600006,727.900024,1278.050049,1210.650024,71.39
6548.25,583773,287.450012,725.900024,1294.449951,1195.699951,71.235
6641.149902,926270,293.649994,749.549988,1314.300049,1227.150024,70.96
6962.299805,2545419,284.399994,757.049988,1324.599976,1249.949951,71.435
6988.200195,658776,283.950012,755.900024,1307.400024,1290.900024,71.71
7093.600098,681478,284.649994,754.849976,1304.599976,1291.550049,71.53
7183.399902,567827,289.049988,763.299988,1314.400024,1310.25,71.55
7302.549805,690174,287.399994,764.0,1296.050049,1290.400024,71.3
7134.25,576159,286.0,760.900024,1261.75,1277.699951,71.175
7177.899902,502244,280.5,762.799988,1246.5,1253.25,71.14
7162.5,494592,275.399994,750.450012,1246.849976,1256.400024,70.535
7017.5,622311,267.100006,740.049988,1227.599976,1224.199951,71.02
6930.049805,768798,262.950012,741.950012,1243.099976,1244.449951,71.33
6842.700195,509963,259.950012,741.049988,1244.5,1220.099976,71.386
6804.549805,493861,262.899994,724.299988,1258.300049,1216.099976,71.3
6849.899902,534284,267.700012,740.700012,1276.550049,1234.349976,71.01
6801.549805,722938,268.0,733.450012,1284.099976,1246.900024,71.165
6912.399902,764535,270.950012,734.950012,1280.349976,1232.349976,71.035
6924.899902,495728,270.149994,754.900024,1275.849976,1232.300049,70.835
6904.299805,673415,266.350006,742.5,1265.849976,1220.25,70.96
6968.5,961829,267.649994,735.25,1284.699951,1223.5,71.2
6829.700195,1031563,269.049988,734.299988,1292.949951,1231.050049,70.84
6935.149902,768822,272.950012,741.900024,1308.550049,1226.050049,71.0
7117.75,838538,276.450012,732.5,1305.800049,1237.650024,70.49
7056.899902,557197,278.100006,732.5,1317.0,1264.800049,70.08
7029.049805,396771,281.75,722.950012,1352.400024,1270.25,70.116
6967.700195,486432,281.200012,712.349976,1339.400024,1267.099976,70.011
7081.899902,720905,287.350006,711.25,1346.550049,1304.099976,69.85
7157.200195,828847,286.899994,706.950012,1388.900024,1331.349976,69.625
7091.049805,534982,293.149994,708.450012,1378.599976,1347.300049,69.529
7086.299805,584482,291.899994,708.349976,1379.75,1341.550049,69.365
7084.0,861945,298.399994,718.549988,1396.5,1321.650024,68.963
6909.100098,1525653,298.950012,710.200012,1378.900024,1350.050049,68.625
6825.200195,816763,303.049988,722.25,1357.949951,1376.550049,69.015
6673.549805,1017560,303.799988,738.950012,1370.900024,1375.449951,68.79
6552.700195,1715983,298.049988,743.099976,1394.699951,1341.75,69.17
6522.600098,1093184,294.0,734.799988,1376.75,1324.449951,68.89
6585.700195,909087,303.5,734.799988,1372.800049,1367.25,68.996
6518.0,887601,308.799988,737.799988,1366.449951,1349.25,69.1
6596.25,949713,319.0,737.799988,1386.699951,1360.0,69.19
6840.700195,1142386,322.75,755.099976,1412.199951,1391.849976,69.205
6889.700195,866805,329.0,759.400024,1409.75,1389.699951,68.92
7072.899902,1491021,320.5,753.299988,1378.050049,1375.199951,68.45
7113.100098,1388375,321.799988,747.900024,1368.699951,1353.050049,68.98
7107.700195,729603,317.049988,759.299988,1373.800049,1353.900024,69.17
7129.450195,498374,312.799988,767.25,1373.650024,1329.25,69.555
7216.549805,741669,314.75,760.599976,1375.199951,1334.449951,69.28
7186.350098,590107,310.899994,752.700012,1371.550049,1331.400024,69.15
7190.0,481151,313.950012,742.150024,1379.199951,1336.050049,69.02
