Close,Volume,INFY,LT,RELIANCE,MARUTI,USD
314.0,6138488,493.600006,1001.969971,443.950012,3340.75,63.355
315.25,9935094,503.299988,1023.099976,442.774994,3359.600098,63.285
312.75,9136716,498.975006,1037.329956,437.924988,3447.800049,63.345
299.899994,15329257,488.549988,1002.72998,418.049988,3395.25,63.575
300.149994,15046745,490.888,1000.330017,427.149994,3437.75,63.28
304.850006,8939749,493.362,1006.700012,421.024994,3475.5,62.675
303.200012,11953948,518.612,1000.169983,430.149994,3468.199951,62.355
307.100006,8536142,528.987,1022.799988,425.149994,3462.899902,62.075
305.100006,9484804,522.224976,1013.0,421.575012,3468.25,61.98
304.700012,8855660,532.161987,1012.0,417.475006,3516.0,62.095
320.299988,30729523,533.562012,1049.130005,432.125,3625.800049,62.065
315.450012,21598514,529.575012,1061.170044,434.850006,3616.600098,61.87
313.149994,9975658,525.625,1076.569946,439.825012,3626.25,61.645
318.149994,13104643,531.049988,1086.369995,451.524994,3605.550049,61.655
326.200012,22617660,542.474976,1103.030029,453.375,3634.699951,61.56
324.649994,12232626,549.112,1108.869995,441.875,3597.25,61.605
327.450012,17127278,553.763,1140.869995,443.450012,3606.699951,61.44
330.049988,13734088,534.125,1161.329956,444.524994,3687.899902,61.41
334.600006,19428852,536.138,1132.22998,453.424988,3725.800049,61.358
327.0,14911660,536.375,1149.27002,464.700012,3688.800049,61.801
308.950012,30252827,535.474976,1133.699951,457.625,3647.350098,62.02
307.5,17639807,534.213013,1156.72998,454.024994,3669.449951,61.719
300.299988,23743882,530.224976,1148.329956,468.799988,3607.850098,61.596
293.049988,21477507,535.713013,1125.599976,464.399994,3557.550049,61.842
290.799988,15722348,548.450012,1121.599976,461.850006,3522.699951,61.709
290.299988,15985714,557.625,1122.369995,454.950012,3502.600098,61.97
279.5,17088719,562.224976,1048.300049,448.350006,3411.300049,62.149
287.299988,22589681,569.575012,1047.800049,441.0,3393.850098,62.327
285.950012,17366588,571.213013,1075.130005,450.350006,3454.75,62.382
284.299988,20957180,577.799988,1100.030029,454.575012,3551.899902,62.15
306.950012,70540056,574.025024,1108.099976,458.75,3616.949951,62.076
306.700012,21372131,569.687988,1098.969971,451.399994,3572.100098,62.105
305.700012,13472484,574.125,1108.900024,450.825012,3564.949951,62.057
302.350006,17762135,581.174988,1132.369995,451.024994,3595.149902,62.138
302.299988,15792502,570.775024,1118.400024,436.549988,3547.350098,62.109
296.549988,12440505,566.400024,1124.670044,425.725006,3545.899902,62.163
296.25,15046698,568.200012,1147.400024,420.725006,3588.300049,62.17
295.549988,12845169,579.400024,1131.930054,421.575012,3579.899902,61.862
289.399994,18707345,564.525024,1118.699951,421.0,3496.850098,61.731
299.899994,18316053,566.437988,1172.630005,427.774994,3604.399902,61.659
299.899994,18316053,566.437988,1172.630005,427.774994,3604.399902,
302.0,15085595,572.924988,1230.72998,432.125,3711.449951,61.862
302.600006,14387971,574.463013,1234.430054,450.399994,3708.649902,61.819
293.850006,38674148,568.661987,1225.27002,443.924988,3678.399902,62.309
293.799988,16803823,561.900024,1217.369995,442.475006,3678.75,62.381
290.649994,13199803,547.513,1174.869995,434.825012,3671.300049,62.634
287.600006,14064427,549.5,1168.300049,429.575012,3646.75,62.72
285.149994,16329314,545.549988,1159.800049,427.975006,3656.449951,62.781
286.850006,9969794,554.575012,1164.930054,431.899994,3685.199951,62.542
280.75,13414248,555.099976,1128.099976,425.049988,3650.699951,63.083
281.649994,15132928,566.661987,1119.869995,421.049988,3647.050049,62.78
283.100006,11350496,560.125,1143.77002,428.424988,3661.550049,62.623
287.299988,12394230,557.375,1132.699951,434.325012,3664.899902,62.701
281.600006,11046649,557.612,1121.599976,428.075012,3655.0,62.49
278.25,11482652,564.362,1113.569946,427.049988,3623.850098,62.41
274.75,13058026,558.362,1115.22998,420.975006,3594.399902,62.23
270.549988,17585259,552.862,1114.77002,423.975006,3587.300049,62.348
265.399994,15824629,554.775024,1088.5,422.450012,3614.75,62.412
256.649994,22253318,536.588013,1089.630005,414.649994,3561.449951,62.836
263.600006,19423101,550.536987,1118.5,405.850006,3610.050049,62.523
267.899994,12303870,557.0,1152.5,405.375,3660.949951,62.51
267.049988,19482636,554.588013,1146.430054,413.0,3697.350098,62.291
273.450012,12383589,543.487,1156.170044,418.024994,3644.699951,62.142
274.649994,12925445,544.549988,1171.930054,412.325012,3628.949951,62.207
272.049988,12933524,539.875,1179.800049,416.424988,3599.899902,62.296
273.899994,9913899,550.138,1186.300049,432.950012,3628.699951,62.192
280.850006,13471276,553.75,1180.530029,447.549988,3659.199951,62.306
285.75,16880558,558.487,1176.0,452.174988,3666.600098,62.276
286.299988,11985436,559.700012,1202.329956,461.25,3665.199951,62.407
290.0,17289500,553.424988,1191.77002,461.825012,3680.25,62.36
292.399994,15043998,548.661987,1169.530029,464.174988,3677.899902,62.317
291.75,16819018,544.812012,1159.829956,463.424988,3646.800049,62.55
287.649994,13788536,533.036987,1132.300049,442.825012,3608.050049,63.137
289.200012,15487948,535.650024,1125.829956,438.225006,3490.149902,62.854
283.850006,17741741,534.424988,1163.72998,439.875,3462.949951,62.98
277.649994,13874710,530.5,1149.400024,438.524994,3494.449951,63.277
275.549988,10049508,498.799988,1119.069946,439.450012,3541.399902,63.662
267.049988,12394191,496.162994,1111.800049,437.649994,3648.399902,63.346
272.5,12693457,490.225006,1110.300049,432.600006,3822.600098,63.053
271.899994,8217676,490.287994,1103.5,425.0,3766.199951,63.46
269.75,21635216,485.562012,1087.530029,431.174988,3725.850098,63.529
277.149994,8012690,498.274994,1086.199951,445.475006,3757.75,63.516
272.049988,7102772,490.687988,1094.930054,446.075012,3793.050049,63.369
265.399994,16335660,480.513,1043.099976,440.125,3634.550049,63.621
260.950012,15962706,486.0,1045.930054,435.375,3543.600098,64.073
261.950012,14044596,489.487,1067.5,444.850006,3610.550049,63.711
276.049988,17198308,498.412994,1076.869995,447.975006,3651.699951,64.007
267.399994,12792368,486.774994,1039.599976,434.350006,3577.449951,64.147
274.299988,9245732,489.174988,1059.800049,442.549988,3604.100098,64.013
280.950012,13101418,483.700012,1051.22998,439.100006,3646.5,63.383
287.450012,18247889,490.437988,1061.300049,436.975006,3671.199951,63.44
289.75,13266119,498.263,1074.900024,445.774994,3697.600098,63.708
288.450012,14541041,505.587006,1080.469971,447.774994,3706.75,63.763
292.600006,11807544,511.825012,1075.030029,454.424988,3711.899902,63.598
290.25,12118415,512.112,1092.199951,448.375,3698.100098,63.58
282.450012,69490117,511.612,1102.300049,451.924988,3702.550049,63.49
277.649994,20356833,504.200012,1086.829956,447.25,3692.75,63.496
277.149994,9675703,501.825012,1078.930054,442.299988,3726.449951,63.972
280.75,12176680,492.125,1090.27002,442.649994,3721.899902,63.826
277.600006,13024987,504.149994,1084.5,437.899994,3708.899902,63.763
278.149994,14809918,505.787994,1102.969971,438.5,3785.699951,63.743
278.200012,11567692,511.950012,1137.030029,451.125,3882.850098,63.594
266.25,21653784,502.162994,1115.699951,449.325012,3831.399902,63.689
257.399994,25967877,505.225006,1102.430054,448.174988,3777.199951,63.997
257.600006,20210546,507.013,1108.300049,456.350006,3772.050049,63.964
257.799988,13539638,502.912994,1122.400024,453.875,3759.449951,63.77
254.949997,17384700,500.013,1119.170044,442.725006,3723.5,63.947
257.600006,15275972,498.024994,1111.27002,441.850006,3692.300049,64.01
260.600006,10910978,506.625,1137.369995,452.899994,3742.550049,63.766
254.0,20857622,499.412994,1117.430054,438.575012,3701.399902,63.959
253.949997,11440479,493.763,1104.969971,444.924988,3736.800049,64.1
250.25,13545280,495.225006,1112.27002,450.875,3767.399902,64.085
254.600006,9896598,499.674988,1118.27002,451.975006,3789.600098,64.166
255.100006,11241061,497.850006,1140.569946,465.600006,3808.75,64.011
258.100006,11598549,500.975006,1144.77002,489.475006,3861.100098,63.577
260.149994,12216399,497.674988,1144.069946,498.325012,3937.350098,63.5
266.0,11051382,511.924988,1155.0,495.850006,3980.649902,63.523
267.75,16180083,500.200012,1177.699951,497.5,4017.149902,63.607
262.350006,8361760,497.549988,1168.829956,495.450012,4009.300049,63.526
264.799988,16506503,495.225006,1206.5,502.274994,4031.5,63.518
265.200012,14588452,502.625,1187.130005,500.350006,4069.949951,63.452
259.649994,15040805,495.075012,1193.699951,495.424988,3993.300049,63.707
262.75,14181965,492.174988,1188.530029,500.049988,4023.350098,63.604
267.75,12072024,498.700012,1207.800049,502.825012,4031.699951,63.55
267.850006,8741783,494.0,1200.22998,505.424988,3993.399902,63.299
269.399994,7238541,495.149994,1204.869995,503.600006,3998.899902,63.411
270.799988,9458200,491.649994,1210.699951,507.774994,3987.949951,63.264
272.899994,12523410,490.25,1207.569946,501.625,3972.149902,63.476
267.350006,12669850,478.75,1204.300049,498.299988,3949.0,63.459
267.75,6469504,469.0,1232.599976,493.700012,3935.649902,63.318
270.549988,8788162,468.75,1250.930054,500.899994,3934.399902,63.358
273.700012,8423083,475.075012,1238.469971,503.5,4035.25,63.45
268.200012,10337307,485.625,1238.369995,498.899994,4050.649902,63.281
268.049988,7483918,492.0,1246.27002,505.575012,4152.149902,63.507
272.200012,8354120,494.524994,1245.369995,511.850006,4178.149902,63.463
271.100006,5571891,500.924988,1247.72998,510.850006,4193.0,63.492
267.450012,6418930,500.625,1244.869995,512.375,4176.049805,63.6
264.299988,5638653,556.325012,1229.969971,503.899994,4152.850098,63.583
268.549988,11322177,551.575012,1236.300049,525.200012,4191.149902,63.571
270.049988,6376216,549.0,1220.699951,522.650024,4234.049805,63.921
263.25,7796401,543.799988,1201.569946,512.525024,4234.200195,64.106
258.450012,6788558,532.650024,1162.22998,502.674988,4178.100098,64.202
259.200012,10788886,531.424988,1172.630005,505.125,4196.950195,63.799
253.600006,9997136,542.700012,1193.530029,498.0,4273.700195,63.821
256.799988,10536937,535.0,1182.5,500.075012,4296.450195,64.138
270.049988,20534806,538.525024,1194.170044,500.924988,4331.450195,63.988
281.049988,21901780,539.474976,1186.27002,501.225006,4427.049805,64.177
288.600006,28858887,528.625,1183.170044,494.0,4438.799805,63.798
285.399994,10169558,543.174988,1186.400024,493.875,4471.649902,63.692
289.049988,15372143,543.474976,1220.5,489.475006,4452.100098,63.722
281.299988,13845614,547.799988,1222.300049,492.174988,4452.950195,63.739
282.75,14694901,543.0,1213.829956,484.450012,4497.149902,63.773
268.799988,39233644,554.575012,1200.77002,483.0,4504.299805,64.332
256.350006,29724325,572.200012,1175.0,471.450012,4504.299805,64.855
259.299988,16360033,579.0,1173.430054,466.674988,4492.850098,65.203
268.5,14852873,574.625,1199.670044,483.475006,4572.5,65.129
279.75,27500063,571.075012,1186.900024,475.350006,4549.799805,65.436
284.799988,27728824,582.174988,1200.099976,472.049988,4634.0,65.454
278.0,15452575,587.775024,1209.800049,477.299988,4671.850098,65.109
270.549988,14577599,567.275024,1187.900024,458.149994,4634.149902,65.433
267.5,19030056,574.950012,1160.0,453.975006,4567.350098,66.034
245.399994,29561705,546.025024,1087.699951,414.774994,4241.799805,66.814
253.350006,23492839,542.825012,1083.099976,424.075012,4199.0,66.28
245.699997,16325529,532.299988,1061.469971,426.700012,4207.049805,66.004
249.449997,21076926,541.400024,1080.030029,434.575012,4203.75,65.968
248.949997,16644381,555.525024,1077.630005,436.200012,4205.850098,66.15
247.350006,21645114,547.200012,1068.599976,427.950012,4167.200195,66.412
239.100006,19689080,544.5,1038.599976,419.924988,4061.449951,66.383
230.550003,23655457,549.724976,1018.429993,424.774994,4030.0,66.202
232.25,14680299,549.674988,1045.869995,426.924988,4143.25,66.1
225.149994,20466346,536.974976,1022.570007,417.950012,4063.300049,66.685
221.100006,15424783,529.375,1006.330017,416.600006,4069.600098,66.886
228.350006,16189253,529.400024,1043.0,424.299988,4139.299805,66.294
231.649994,18237115,544.349976,1061.670044,437.024994,4305.149902,66.619
227.449997,14195882,540.224976,1076.900024,433.5,4301.450195,66.299
230.100006,13650937,545.375,1068.630005,430.475006,4317.75,66.241
235.25,10671222,549.875,1070.630005,431.924988,4319.5,66.261
232.899994,13193410,549.599976,1038.77002,433.5,4325.0,66.447
236.800003,11272509,550.825012,1032.469971,436.274994,4355.600098,66.219
242.0,16049395,552.224976,1027.069946,447.700012,4400.850098,65.868
245.25,9602436,552.325012,1033.5,439.049988,4490.25,65.691
237.949997,13667322,553.724976,989.96698,423.950012,4473.049805,65.91
239.850006,13614082,558.125,996.867004,425.174988,4497.649902,66.184
239.050003,9299508,570.275024,974.96698,418.674988,4566.649902,66.11
239.449997,8588230,552.775024,953.367004,417.125,4536.25,66.267
241.899994,24488685,560.924988,964.166992,420.375,4682.299805,65.837
237.149994,17011911,580.974976,977.5,431.149994,4685.600098,65.517
235.149994,11590498,586.525024,993.400024,432.350006,4580.350098,65.631
240.0,18307463,590.875,1033.77002,444.0,4414.049805,65.134
240.100006,10087077,577.299988,1036.569946,449.024994,4354.0,65.129
243.550003,10608795,566.599976,1029.829956,456.899994,4364.5,64.907
243.300003,9230511,566.075012,1022.469971,444.549988,4353.75,64.819
243.449997,12171416,583.700012,1030.930054,443.674988,4276.350098,64.78
244.550003,7566962,561.450012,1036.0,445.875,4231.850098,64.795
243.800003,10200698,549.700012,1030.530029,446.799988,4273.850098,65.098
244.25,7895820,548.799988,1026.900024,451.475006,4249.75,64.736
248.949997,11582401,548.674988,1040.329956,451.850006,4377.399902,64.779
256.799988,11738832,547.450012,1069.969971,457.399994,4447.0,64.703
254.5,8969153,555.974976,1053.869995,481.75,4458.950195,64.919
254.850006,8811740,562.974976,1049.030029,478.350006,4508.75,65.024
249.800003,8606466,569.200012,1033.630005,477.5,4474.700195,65.146
253.399994,7544810,574.950012,1006.869995,477.825012,4380.899902,64.892
251.25,13085058,576.075012,1005.630005,471.424988,4385.149902,64.921
248.800003,6565348,574.700012,996.5,469.774994,4497.0,65.112
242.050003,12310403,576.599976,995.166992,468.475006,4495.200195,64.954
236.949997,16114932,572.525024,980.5,470.5,4439.549805,65.449
237.050003,8669606,567.724976,940.5,473.850006,4449.0,65.423
236.899994,7611610,565.599976,925.767029,479.899994,4495.75,65.561
235.949997,8323201,572.75,915.53302,483.600006,4482.549805,65.569
239.0,8418352,568.400024,912.067017,475.649994,4520.549805,65.609
233.899994,8906564,561.450012,912.632996,468.299988,4526.600098,65.86
243.0,30821077,569.150024,918.166992,476.200012,4522.799805,66.14
246.100006,22806485,567.299988,906.03302,480.625,4628.200195,66.475
241.199997,11767845,551.924988,898.932983,461.375,4712.700195,66.2
240.25,9082062,550.400024,887.46698,466.524994,4619.799805,66.059
248.300003,14051479,540.099976,904.767029,467.149994,4646.899902,65.886
247.850006,11273394,530.75,901.166992,463.875,4632.25,65.981
241.0,10397889,510.0,896.299988,456.0,4533.25,66.033
243.899994,7325199,523.900024,905.96698,467.375,4650.350098,66.09
242.949997,13718619,526.200012,911.232971,473.424988,4737.899902,66.058
242.699997,10552151,526.849976,912.599976,476.875,4736.25,66.395
241.399994,6651669,520.575012,894.367004,483.850006,4639.899902,66.262
242.5,13629888,526.200012,888.432983,494.325012,4606.549805,66.565
249.699997,15149912,533.174988,910.0,489.524994,4580.049805,66.907
248.649994,12865469,543.950012,916.400024,483.549988,4555.0,66.462
250.199997,9501537,539.5,909.900024,482.950012,4556.200195,66.434
244.600006,10881754,530.349976,902.666992,488.975006,4618.799805,66.591
241.100006,7155630,528.875,898.567017,488.600006,4627.049805,66.79
241.100006,11115170,524.525024,893.232971,482.725006,4600.350098,66.643
238.649994,7531729,523.125,894.099976,476.024994,4564.200195,66.773
235.949997,8254434,522.200012,881.400024,470.450012,4542.549805,66.857
234.399994,7408777,514.099976,867.132996,457.950012,4479.100098,66.855
231.949997,11713559,523.674988,873.96698,475.174988,4498.100098,66.756
227.300003,12872949,526.400024,857.166992,476.475006,4480.75,67.148
225.949997,12464883,534.75,849.599976,477.549988,4576.799805,67.093
226.399994,10404430,538.775024,855.46698,487.950012,4620.0,66.863
227.300003,13030720,547.924988,853.932983,489.325012,4619.399902,66.476
230.899994,14539096,553.549988,864.132996,504.850006,4666.75,66.421
226.5,18871084,541.575012,858.267029,495.950012,4620.450195,66.255
230.449997,9557098,551.724976,860.200012,496.049988,4639.100098,66.251
228.350006,9155574,541.875,853.46698,493.649994,4617.200195,66.244
229.649994,7914311,550.424988,860.666992,501.899994,4634.950195,66.037
228.300003,7257958,548.174988,863.0,500.274994,4598.399902,65.947
228.899994,8756879,552.375,863.432983,505.200012,4640.0,66.137
228.199997,7263286,552.349976,859.700012,507.700012,4636.899902,66.235
225.800003,11702877,543.150024,855.666992,502.25,4587.200195,66.475
224.449997,11558305,552.700012,850.299988,507.299988,4621.950195,66.208
227.800003,6449426,552.625,859.46698,507.674988,4638.5,66.235
220.699997,14092071,539.450012,837.299988,497.649994,4580.649902,66.579
217.75,15074848,537.025024,837.932983,502.575012,4566.950195,66.481
216.850006,11921123,534.674988,824.567017,516.099976,4480.799805,66.698
209.550003,14342279,525.400024,804.267029,506.625,4267.899902,66.891
208.949997,11745840,531.650024,786.067017,512.875,4214.75,66.847
204.300003,19287860,527.849976,782.232971,525.799988,4272.399902,66.76
199.399994,20318816,524.974976,786.099976,522.724976,4269.0,66.946
200.899994,23788247,541.700012,771.166992,538.424988,4291.25,66.917
196.050003,20256636,566.5,756.432983,530.825012,4248.25,67.316
184.300003,29090426,569.950012,738.599976,536.650024,4273.350098,67.775
181.0,35653244,565.950012,722.367004,508.424988,4236.200195,67.661
182.949997,24501774,569.825012,748.632996,521.799988,4198.149902,67.734
173.649994,28655794,560.625,744.067017,502.274994,4058.949951,67.958
175.600006,28697205,568.525024,735.132996,492.100006,3891.699951,67.799
184.600006,21432409,568.125,761.46698,502.075012,4104.950195,67.549
182.949997,17534650,568.825012,742.767029,501.975006,4081.350098,67.755
184.399994,16569813,569.25,738.53302,499.674988,4111.950195,68.144
185.25,20241030,564.799988,716.333008,508.450012,4103.299805,68.053
179.899994,24259147,582.450012,734.432983,517.700012,4095.850098,67.878
172.75,22915269,586.674988,748.03302,515.150024,3948.25,67.835
169.399994,35957332,587.775024,747.932983,500.575012,3874.949951,67.975
166.050003,24132003,578.849976,739.200012,490.700012,3828.350098,67.934
162.850006,23811109,589.875,757.132996,486.524994,3794.649902,67.544
168.199997,22732245,587.349976,759.932983,485.450012,3723.399902,67.81
172.149994,22289005,575.400024,753.53302,480.524994,3732.550049,68.034
167.050003,19008384,553.825012,742.799988,478.75,3657.100098,67.901
159.0,32294785,554.275024,747.067017,481.325012,3678.550049,67.861
154.25,72749830,539.325012,728.267029,462.274994,3541.449951,68.471
154.800003,41187889,542.325012,702.432983,453.274994,3549.649902,68.118
167.850006,35956266,545.875,766.267029,473.375,3711.25,68.131
156.399994,33816243,539.575012,736.0,465.274994,3705.199951,68.474
158.949997,32447698,548.924988,748.299988,476.299988,3749.149902,68.329
159.800003,21024178,561.700012,766.432983,470.049988,3653.25,68.542
164.699997,24592575,563.625,767.0,472.174988,3579.149902,68.545
164.949997,15815058,563.325012,766.5,481.149994,3520.800049,68.533
158.5,20200068,561.950012,753.432983,474.825012,3487.399902,68.561
156.300003,19440950,562.674988,741.932983,476.325012,3489.699951,68.431
151.800003,22713124,555.150024,724.299988,472.049988,3414.149902,68.768
155.899994,30051402,560.575012,740.432983,475.174988,3409.199951,68.737
158.75,66981910,542.025024,717.333008,483.325012,3236.5,68.208
162.050003,23588231,562.724976,749.299988,490.649994,3494.399902,67.753
181.149994,53333757,578.0,758.599976,500.75,3612.649902,67.395
182.75,33507048,584.650024,804.732971,506.424988,3608.649902,67.122
188.399994,38860711,585.325012,795.46698,503.200012,3555.100098,66.938
183.350006,27928279,581.724976,791.632996,513.5,3462.649902,67.313
183.399994,29453018,589.25,808.567017,520.849976,3576.399902,67.128
180.5,20472928,571.25,790.767029,505.875,3627.199951,67.302
180.100006,21869157,571.5,790.432983,507.25,3641.199951,66.921
181.75,14369755,570.599976,789.46698,509.875,3648.149902,67.138
185.300003,22369600,567.200012,787.166992,510.25,3654.550049,67.372
185.199997,19237834,576.224976,788.799988,510.875,3667.350098,67.173
186.350006,21560986,580.875,795.5,508.0,3635.449951,66.619
191.25,21144216,596.700012,799.53302,513.599976,3621.399902,66.384
196.800003,20678069,597.450012,818.767029,518.650024,3669.550049,66.5
197.5,16728809,594.974976,824.867004,523.924988,3699.550049,66.755
196.600006,13362780,603.900024,828.367004,514.599976,3736.0,66.93
188.300003,19760603,602.450012,804.232971,510.200012,3638.949951,66.608
189.5,16804848,598.625,795.96698,518.125,3729.949951,66.375
197.550003,20709407,602.974976,818.700012,523.525024,3727.449951,66.375
194.25,30132473,609.150024,811.132996,522.599976,3716.300049,66.255
195.649994,21752206,602.724976,825.267029,517.224976,3723.199951,66.365
194.699997,15732565,621.849976,823.900024,517.525024,3683.25,66.106
184.350006,36635637,609.900024,796.767029,513.474976,3554.850098,66.422
183.850006,16350631,600.349976,807.900024,516.875,3573.050049,66.517
181.949997,19430601,590.75,788.599976,518.625,3471.0,66.757
183.100006,15805231,582.875,794.833008,518.174988,3430.649902,66.551
188.25,18990364,591.950012,808.900024,520.150024,3478.649902,66.287
187.800003,14563344,591.099976,814.932983,523.700012,3573.699951,66.283
191.899994,17573045,586.349976,823.267029,533.025024,3731.600098,66.496
186.75,13985439,619.349976,835.333008,532.375,3718.949951,66.416
187.300003,20163005,621.799988,843.96698,518.650024,3670.050049,66.166
194.350006,31008152,613.150024,834.632996,520.575012,3705.300049,66.489
200.149994,34049763,605.625,843.400024,519.474976,3816.050049,66.66
197.050003,23835613,607.924988,843.666992,508.450012,3727.949951,66.685
200.949997,21809451,616.075012,854.0,508.475006,3871.550049,66.404
196.149994,22801603,620.075012,850.96698,509.700012,3859.399902,66.362
192.050003,24555479,604.575012,839.700012,498.350006,3747.949951,66.401
189.0,21021661,604.049988,836.400024,491.350006,3794.649902,66.425
186.0,14469844,600.525024,833.833008,493.475006,3830.850098,66.346
184.050003,16247931,588.900024,834.267029,487.899994,3819.949951,66.558
179.949997,17826594,594.424988,831.200012,489.049988,3811.550049,66.627
180.350006,17742028,596.224976,849.232971,487.625,3836.850098,66.558
184.350006,18336962,590.75,840.299988,484.475006,3818.949951,66.6
188.699997,13863696,599.525024,863.03302,491.549988,3846.5,66.752
189.5,13845979,606.400024,880.03302,491.274994,3844.800049,66.631
185.0,18128414,600.924988,885.166992,487.700012,3890.050049,66.561
188.5,17398341,605.0,877.400024,496.399994,3854.199951,66.757
184.850006,15546644,603.625,857.666992,489.075012,3846.25,66.855
176.800003,30937008,607.5,855.5,487.975006,3881.600098,66.844
176.850006,22183140,607.125,860.732971,484.575012,3950.699951,66.825
179.949997,25345278,604.924988,873.232971,485.274994,3914.899902,67.14
172.699997,25480517,602.875,844.067017,475.600006,3926.600098,67.436
171.350006,16720624,600.799988,836.732971,467.100006,3944.949951,67.408
168.399994,16193112,594.0,827.46698,465.0,3913.850098,67.409
169.5,14816798,593.875,828.099976,470.225006,3924.199951,67.63
175.100006,18900887,604.325012,861.067017,475.600006,4060.949951,67.273
184.149994,30700988,617.075012,982.767029,473.424988,4118.0,66.927
195.899994,85585820,623.75,983.267029,487.350006,4146.600098,67.031
198.850006,46075949,633.799988,991.400024,484.350006,4071.75,67.171
204.949997,39457647,624.325012,982.367004,478.924988,4161.600098,67.209
198.25,41868032,629.099976,976.700012,476.799988,4165.350098,67.434
200.550003,23499884,630.775024,984.833008,478.125,4186.649902,67.268
196.600006,24568749,633.450012,973.732971,479.825012,4217.950195,67.0
198.899994,23623536,633.375,978.799988,477.399994,4142.0,66.79
210.149994,66063192,628.700012,991.932983,477.524994,4135.649902,66.658
210.699997,35163093,619.049988,1007.469971,477.049988,4160.100098,66.5
209.949997,27858182,592.75,994.299988,485.575012,4169.149902,66.753
205.949997,25598224,590.299988,991.799988,488.350006,4111.5,66.952
201.800003,21192525,590.450012,977.432983,490.549988,4134.75,67.187
207.699997,23918910,587.5,973.700012,488.125,4104.5,67.292
216.050003,48362742,594.974976,1009.200012,492.299988,4209.600098,67.079
216.0,48122379,593.0,996.132996,488.149994,4084.100098,67.315
213.449997,26486677,589.75,986.833008,487.450012,4114.5,67.074
215.899994,32633757,604.375,1004.700012,495.100006,4133.200195,67.551
214.0,18960306,603.049988,996.53302,493.549988,4157.399902,67.624
212.899994,16395548,599.75,994.367004,490.25,4151.350098,67.449
217.550003,20666649,605.799988,999.067017,490.225006,4168.600098,67.279
211.25,47224652,597.275024,953.732971,475.725006,4070.050049,67.885
217.149994,29021651,583.099976,977.833008,477.825012,4025.100098,67.914
215.899994,21784062,579.575012,982.700012,478.899994,4078.699951,67.715
217.199997,18019568,588.424988,988.799988,483.450012,4131.25,67.422
218.800003,30600995,585.400024,997.666992,484.575012,4187.200195,67.504
219.600006,15346865,586.200012,1028.430054,486.725006,4165.399902,67.19
223.0,16534518,591.974976,1045.400024,493.350006,4173.799805,67.265
223.5,15357018,587.724976,1050.72998,496.549988,4173.350098,67.434
220.050003,12917872,578.625,1036.329956,493.950012,4141.100098,67.495
218.300003,16017389,579.099976,1021.77002,489.200012,4161.799805,67.139
224.699997,15831791,587.525024,1039.869995,496.25,4272.049805,67.138
226.699997,19374179,588.275024,1045.329956,501.700012,4370.399902,66.975
227.699997,18377333,596.900024,1034.27002,504.375,4321.399902,67.016
232.0,21208021,588.125,1042.969971,502.450012,4428.299805,66.843
231.5,15068302,536.275024,1057.22998,506.100006,4472.049805,67.141
228.75,11816985,540.974976,1049.599976,503.125,4454.75,67.137
229.600006,19767339,543.474976,1048.530029,508.899994,4485.700195,67.204
231.149994,18051608,541.549988,1047.22998,511.5,4469.149902,67.163
225.649994,13306837,539.950012,1038.369995,503.174988,4413.700195,67.153
223.5,12341622,536.224976,1049.329956,507.424988,4414.700195,67.154
229.899994,18427070,540.424988,1057.27002,511.375,4550.549805,67.412
226.699997,14162638,544.349976,1061.800049,512.025024,4471.299805,67.321
229.25,17626617,542.674988,1068.099976,506.549988,4558.149902,67.072
231.0,26838284,538.75,1051.5,513.174988,4763.5,67.014
229.399994,15577230,536.924988,1039.22998,507.450012,4757.600098,66.655
227.300003,16071228,542.625,995.799988,504.75,4866.25,66.764
228.050003,16145066,541.900024,1002.22998,506.399994,4986.049805,66.682
226.649994,14838944,542.450012,985.732971,496.975006,4873.850098,66.767
225.649994,17810908,535.900024,979.432983,496.5,4889.649902,66.84
232.75,21264296,534.0,1008.130005,508.125,4941.649902,66.842
233.25,16972827,539.349976,1004.77002,514.625,4991.75,66.81
235.149994,19854185,541.700012,1000.630005,515.349976,4960.850098,66.774
231.5,16279843,541.174988,988.799988,501.825012,4861.600098,66.765
227.149994,16673286,538.674988,983.132996,507.049988,4878.649902,66.75
243.300003,86616475,531.275024,994.599976,517.900024,4898.600098,66.908
246.75,27709873,525.900024,1004.22998,512.450012,4864.200195,66.87
246.25,18294050,516.650024,1001.669983,506.649994,4889.850098,66.893
248.399994,14314950,511.700012,988.067017,509.024994,4915.850098,66.83
258.5,39822529,510.649994,996.232971,507.450012,4900.100098,67.137
254.800003,19769886,507.725006,995.099976,505.924988,4837.75,67.202
254.75,17583721,519.825012,984.767029,505.225006,4833.799805,67.122
254.399994,11560293,528.700012,982.333008,510.25,4948.549805,67.167
250.149994,21230706,518.075012,969.767029,506.350006,4933.700195,67.016
246.600006,16531983,510.125,951.46698,513.950012,4920.899902,67.136
249.050003,11786129,511.399994,973.0,528.724976,4927.399902,67.113
252.25,15323228,520.200012,983.767029,533.200012,5067.649902,67.144
252.5,15601566,517.924988,1008.630005,530.0,5053.649902,66.973
252.0,12175873,518.775024,1004.72998,514.599976,5060.75,66.801
254.600006,11380257,515.924988,1003.369995,506.674988,5160.450195,66.795
260.100006,16620963,522.5,1010.929993,509.950012,5319.700195,66.28
266.799988,30862337,527.174988,1012.169983,508.825012,5336.049805,66.478
268.350006,14339143,518.825012,1026.329956,516.700012,5489.399902,66.631
264.100006,11455826,517.75,1011.799988,522.275024,5403.0,66.895
252.75,18989750,527.0,975.46698,523.25,5329.0,66.738
257.549988,12754966,522.799988,983.53302,522.375,5363.899902,66.798
256.0,7783662,521.099976,980.166992,532.5,5452.399902,66.86
254.300003,18013477,530.075012,982.132996,537.775024,5573.299805,67.075
255.649994,11433295,530.599976,986.53302,541.200012,5491.899902,66.98
254.449997,9914599,525.075012,983.96698,537.099976,5514.850098,66.985
251.149994,12817180,527.875,981.400024,536.125,5501.25,66.744
257.899994,20797370,529.400024,999.96698,544.474976,5597.100098,66.633
254.550003,12730223,521.275024,998.0,551.400024,5601.799805,66.707
251.649994,8800173,517.950012,977.132996,553.599976,5568.899902,66.613
249.0,11345387,519.875,957.599976,555.25,5511.399902,66.425
253.75,17277539,519.474976,970.599976,545.325012,5521.799805,66.349
247.25,27870695,514.599976,958.400024,536.224976,5438.600098,66.812
251.25,14826293,518.025024,955.432983,541.849976,5477.299805,66.556
255.300003,9314647,519.049988,980.46698,545.349976,5681.0,66.546
259.75,21532806,524.599976,966.099976,548.174988,5680.0,66.609
260.850006,20868556,520.75,969.299988,544.700012,5689.200195,66.572
256.799988,11081154,513.700012,969.666992,555.400024,5710.450195,66.697
258.700012,11934100,506.274994,971.299988,554.5,5683.799805,66.602
256.600006,9399844,514.974976,966.666992,548.174988,5712.350098,66.492
249.649994,18050638,526.174988,958.932983,528.575012,5718.549805,66.794
252.100006,12133951,513.575012,983.232971,538.825012,5690.450195,66.717
253.199997,16865537,511.200012,965.299988,530.325012,5599.100098,66.789
256.899994,20218355,519.525024,992.166992,540.549988,5626.700195,66.733
255.399994,9546481,520.900024,994.03302,543.674988,5604.600098,66.645
260.200012,14179531,518.325012,1002.429993,543.775024,5644.5,66.83
258.5,8833390,519.150024,1007.22998,532.099976,5650.200195,66.926
262.950012,14483254,513.549988,995.099976,531.650024,5713.899902,66.845
261.450012,9079178,508.600006,989.400024,530.424988,5781.450195,66.806
258.75,15020687,507.100006,988.200012,527.025024,5869.100098,66.863
255.399994,10938008,501.75,983.53302,524.349976,5860.149902,66.881
258.0,11430184,498.75,987.132996,527.474976,5876.149902,66.778
258.950012,10000632,494.725006,975.432983,525.5,5878.100098,66.696
251.050003,13716294,490.524994,965.767029,511.875,5794.600098,66.762
245.649994,12902390,483.424988,962.799988,511.975006,5805.549805,66.668
242.850006,12657669,485.5,946.53302,502.774994,5704.850098,66.796
252.699997,11224419,488.975006,932.0,500.575012,5715.950195,66.745
252.649994,9367228,491.299988,931.46698,501.75,5669.0,66.246
260.0,31761606,479.149994,926.96698,502.299988,5392.950195,66.515
281.299988,50227559,469.700012,941.400024,505.200012,5328.5,66.865
273.0,57937113,460.774994,925.867004,500.875,5134.25,67.565
278.200012,48658808,461.774994,913.53302,492.700012,4846.600098,67.786
277.200012,27532708,470.450012,917.03302,493.274994,4990.799805,67.999
277.450012,19500760,464.899994,914.0,488.875,4925.549805,68.023
275.799988,13389671,460.0,913.632996,493.75,4950.899902,68.191
257.350006,26002028,455.549988,898.599976,495.75,4787.450195,68.228
257.350006,25631435,457.100006,886.367004,500.725006,4934.549805,68.396
258.649994,16190033,460.125,904.833008,504.5,4880.850098,68.784
261.75,28927720,465.149994,899.767029,493.674988,4830.149902,68.761
260.950012,19303589,488.75,913.799988,496.850006,4873.600098,68.519
253.550003,22315183,489.875,904.632996,493.325012,4893.75,68.579
252.699997,12656706,486.299988,901.632996,498.850006,5088.149902,68.615
258.350006,16501691,487.774994,921.833008,495.024994,5266.0,68.598
255.649994,12986151,487.799988,925.567017,498.875,5252.100098,68.236
254.100006,21139754,482.25,907.900024,497.375,5068.100098,68.031
256.899994,8406973,480.825012,904.099976,496.924988,5202.950195,68.025
259.100006,10048459,483.25,908.099976,502.600006,5135.200195,67.742
255.600006,22193202,483.200012,902.53302,499.575012,5116.649902,67.438
259.899994,9047721,492.325012,911.299988,510.024994,5234.600098,67.546
266.649994,16004173,494.674988,908.132996,514.474976,5235.0,67.47
263.649994,14296268,488.674988,909.96698,513.599976,5144.399902,67.431
266.149994,9084137,495.100006,917.132996,519.900024,5163.149902,67.411
262.899994,8672531,499.875,906.632996,529.75,5141.049805,67.475
265.399994,12274497,496.174988,904.567017,526.474976,5152.049805,67.857
264.75,11017555,502.575012,907.067017,528.575012,5188.649902,67.855
261.350006,8371299,502.325012,896.632996,531.275024,5115.049805,67.844
254.550003,12765309,506.075012,903.666992,528.950012,5108.0,67.917
255.350006,8778450,500.774994,894.666992,531.625,5137.850098,67.837
249.800003,12981595,492.350006,876.432983,526.674988,5084.399902,67.848
249.149994,10557157,494.225006,891.632996,528.650024,5197.149902,67.837
244.199997,8592983,491.375,891.732971,523.724976,5167.350098,67.76
248.75,8756536,499.475006,903.732971,532.349976,5224.0,67.978
247.75,11747088,499.25,899.96698,524.849976,5231.25,68.233
247.649994,10658616,496.174988,892.799988,532.724976,5314.799805,67.936
250.199997,10538497,505.299988,899.400024,541.200012,5319.549805,67.955
243.600006,25988990,500.549988,906.400024,542.549988,5466.0,68.145
244.899994,15963085,496.924988,911.46698,544.700012,5508.399902,68.26
242.899994,11225978,498.875,917.732971,533.575012,5502.149902,67.886
245.350006,11970913,498.075012,928.200012,538.700012,5634.950195,67.743
245.899994,12354302,486.125,927.299988,537.474976,5615.549805,68.115
247.050003,8329253,485.174988,920.432983,538.849976,5658.5,68.1
248.300003,9352013,485.274994,925.0,544.924988,5674.850098,68.327
252.149994,13415303,484.549988,941.567017,543.025024,5762.350098,68.312
251.25,11282323,500.024994,966.232971,541.650024,5777.350098,68.141
250.899994,9333736,487.899994,959.166992,545.200012,5699.5,68.18
255.75,13234727,477.825012,961.867004,538.125,5676.899902,68.103
256.0,9480201,477.700012,963.833008,520.625,5669.399902,67.862
258.350006,8048897,475.399994,968.299988,516.275024,5684.450195,68.22
258.399994,13029151,479.049988,966.299988,516.849976,5718.350098,68.1
251.050003,15341756,474.350006,943.166992,512.900024,5668.950195,68.075
254.149994,9339939,476.350006,929.03302,507.950012,5700.0,68.051
254.899994,13540202,472.774994,946.53302,513.650024,5737.200195,68.138
259.200012,16343545,468.299988,966.5,508.649994,5802.549805,67.988
266.450012,18039379,471.075012,959.932983,512.549988,5915.899902,68.105
263.950012,11884795,474.674988,961.867004,522.400024,5894.950195,67.829
260.350006,8899165,464.299988,964.166992,522.599976,5894.25,67.515
270.700012,27253142,458.375,993.5,524.825012,6179.200195,67.415
273.299988,20139955,467.950012,984.333008,521.75,6144.350098,67.21
277.549988,15366890,468.049988,987.132996,516.825012,6115.450195,67.184
277.049988,14725291,467.625,989.200012,520.825012,6149.700195,67.195
277.899994,10981984,471.125,1000.200012,515.450012,6213.200195,67.35
277.200012,13622088,468.25,1004.570007,512.575012,6194.649902,67.05
275.850006,16080181,473.0,993.799988,516.375,6157.100098,66.765
276.350006,37580487,484.149994,1001.299988,515.075012,6112.25,66.854
271.649994,19853043,492.174988,1000.099976,514.924988,6022.0,66.975
270.200012,13306738,493.850006,995.067017,524.900024,5939.850098,66.835
268.950012,12201568,490.899994,986.666992,525.650024,5862.700195,66.875
270.5,21794688,506.049988,980.166992,533.75,6024.549805,67.08
269.350006,17830528,500.049988,985.333008,537.75,5989.75,67.08
269.649994,9229363,505.125,988.432983,537.700012,6093.149902,66.905
270.700012,7754157,506.799988,988.867004,544.099976,6063.149902,66.985
272.299988,12617613,495.075012,984.632996,603.75,6079.649902,66.95
270.450012,13146194,504.424988,991.067017,591.375,6031.0,66.69
268.25,9645350,506.200012,977.232971,619.450012,5951.5,66.7
269.200012,7941592,506.200012,979.46698,619.025024,5922.5,66.725
271.75,7656892,512.575012,984.099976,617.25,5919.600098,66.865
267.299988,14220808,511.649994,982.632996,618.375,5918.75,66.785
265.049988,10120034,515.599976,980.232971,629.275024,5887.75,66.78
269.850006,9515073,516.950012,990.400024,652.674988,5934.850098,66.675
267.799988,11599142,509.899994,990.932983,652.474976,5888.5,66.625
269.899994,9122987,503.899994,984.200012,645.599976,5864.149902,66.765
273.25,15594429,505.774994,984.599976,643.375,5964.399902,66.69
272.049988,9557026,510.924988,994.400024,640.825012,5955.600098,66.555
274.649994,15734886,517.400024,1038.72998,644.75,6132.399902,65.775
277.350006,20055974,505.975006,1032.599976,652.474976,6137.350098,65.63
279.299988,18005184,514.424988,1047.369995,648.825012,6155.450195,65.385
274.149994,14265642,520.150024,1035.030029,650.349976,6192.600098,65.475
273.899994,9678185,510.75,1025.099976,640.400024,6158.899902,65.345
272.350006,11898233,516.424988,1032.699951,631.900024,6076.299805,65.344
267.5,9887203,513.849976,1019.900024,629.849976,6005.799805,65.455
268.5,7998170,520.224976,1029.27002,636.650024,6034.799805,65.455
276.5,20133467,515.700012,1034.130005,643.375,6004.649902,65.425
279.450012,15966114,514.424988,1029.27002,625.549988,5985.799805,64.995
282.100006,18673371,517.575012,1029.5,622.875,5974.25,65.045
288.450012,31008407,515.924988,1037.699951,628.325012,5944.149902,64.875
291.049988,19683170,512.75,1038.300049,635.325012,5956.600098,64.86
293.399994,20185269,511.125,1049.930054,660.450012,6015.700195,64.86
293.149994,10509610,504.399994,1107.329956,687.325012,6072.0,64.985
297.350006,21936647,497.975006,1130.969971,707.5,6342.399902,64.875
292.850006,18413111,499.799988,1122.130005,719.25,6291.649902,64.606
289.450012,10765502,490.774994,1123.670044,703.299988,6259.350098,64.27
289.350006,10307875,476.700012,1116.030029,690.674988,6268.850098,64.605
294.5,11682024,483.575012,1136.599976,686.174988,6247.799805,64.555
290.149994,13251421,484.424988,1135.199951,677.0,6154.5,64.69
291.549988,9944020,465.700012,1119.030029,682.400024,6077.950195,64.445
289.899994,8146800,462.450012,1120.900024,695.924988,6115.549805,64.48
290.299988,13457050,461.325012,1113.0,685.099976,6137.149902,64.605
284.049988,18149995,459.600006,1113.699951,684.400024,6196.950195,64.665
284.799988,14514929,463.649994,1120.800049,684.775024,6273.5,64.62
282.200012,12042308,461.850006,1125.0,701.25,6185.799805,64.65
286.049988,10077853,463.274994,1155.130005,708.700012,6318.350098,64.49
286.049988,11531902,464.674988,1164.069946,716.400024,6337.200195,64.33
286.450012,13836891,457.125,1167.530029,708.224976,6406.299805,64.13
282.049988,22622372,462.625,1177.829956,704.75,6374.049805,64.115
289.75,14152004,459.475006,1166.530029,697.599976,6524.850098,64.29
288.299988,9754789,461.299988,1154.699951,685.275024,6705.5,64.165
289.799988,13950914,467.149994,1146.800049,685.049988,6644.0,64.165
299.049988,24534923,468.825012,1154.430054,678.974976,6639.799805,64.215
296.0,34756331,465.75,1149.599976,664.125,6654.149902,64.315
299.399994,11560550,472.75,1139.72998,660.700012,6630.549805,64.36
296.5,7843574,473.325012,1163.099976,665.174988,6629.299805,64.68
294.450012,8699405,471.825012,1159.5,679.549988,6737.75,64.615
298.100006,11934889,472.049988,1157.900024,679.775024,6762.5,64.405
297.899994,13376269,482.125,1160.400024,675.224976,6730.200195,64.243
301.399994,10383539,475.774994,1161.599976,672.049988,6823.899902,64.065
307.5,17533439,477.5,1160.469971,678.150024,6953.950195,64.045
307.649994,14120513,476.399994,1170.300049,676.549988,6958.200195,64.13
302.950012,15471393,480.875,1148.400024,663.674988,6831.049805,64.88
308.0,55250969,478.975006,1149.699951,659.424988,6790.549805,64.565
294.299988,35771221,480.725006,1167.969971,662.075012,6701.700195,64.51
288.850006,19846852,478.649994,1160.5,652.775024,6878.850098,64.895
283.149994,16435958,477.399994,1122.969971,648.849976,6869.649902,64.77
290.100006,15018467,491.649994,1179.22998,651.224976,6985.700195,64.555
288.450012,12304394,497.850006,1191.72998,668.650024,7064.799805,64.51
284.0,10619968,492.575012,1188.27002,678.450012,7134.450195,64.54
288.850006,9643418,498.100006,1178.369995,679.674988,7147.5,64.635
288.299988,10697171,488.524994,1173.800049,670.349976,7211.0,64.51
287.450012,12186700,485.700012,1195.199951,664.125,7146.600098,64.478
287.049988,12004368,484.725006,1189.329956,662.375,7114.700195,64.415
287.25,7917410,479.375,1203.27002,664.674988,7125.700195,64.35
287.299988,12346121,489.674988,1183.430054,656.400024,7112.100098,64.43
290.549988,10864355,480.649994,1192.400024,669.5,7205.700195,64.435
288.600006,8370299,478.225006,1182.829956,665.849976,7249.5,64.25
288.549988,10804887,474.299988,1185.469971,667.849976,7464.850098,64.245
284.950012,10326846,481.924988,1157.72998,659.724976,7373.649902,64.48
283.850006,9171049,478.899994,1159.329956,657.174988,7348.950195,64.345
284.200012,11566255,479.299988,1176.300049,678.75,7351.049805,64.235
284.0,11925641,476.049988,1156.900024,691.974976,7312.299805,64.565
285.950012,19246907,470.125,1151.130005,694.400024,7263.899902,64.465
288.850006,14848661,464.924988,1170.530029,704.625,7249.25,64.495
290.100006,14927701,471.774994,1167.0,706.174988,7207.25,64.54
290.899994,10537576,471.674988,1169.469971,711.0,7268.200195,64.53
294.5,26110402,470.075012,1157.599976,716.325012,7316.100098,64.605
288.950012,20648597,471.625,1148.469971,717.924988,7219.149902,64.505
279.649994,25523129,463.524994,1134.469971,718.575012,7183.350098,64.475
276.399994,17241351,462.350006,1135.5,699.25,7225.049805,64.525
272.450012,30457363,465.100006,1135.77002,696.349976,7224.350098,64.66
273.649994,12235472,467.774994,1125.069946,690.0,7217.600098,64.62
274.850006,8951033,475.950012,1124.829956,690.525024,7354.0,64.845
273.0,7856082,481.075012,1122.22998,710.974976,7376.149902,64.79
274.899994,10048734,475.450012,1130.199951,721.325012,7377.649902,64.8
281.0,16115817,473.5,1131.72998,721.275024,7474.049805,64.725
280.100006,5914038,467.700012,1136.27002,745.575012,7432.799805,64.625
285.549988,2095795,478.524994,1154.77002,746.424988,7430.450195,64.475
283.549988,12400820,487.674988,1160.72998,747.174988,7457.0,64.565
287.649994,7524835,486.174988,1159.699951,755.549988,7476.649902,64.475
288.75,8434324,488.524994,1175.099976,761.049988,7567.549805,64.46
291.600006,13750192,486.024994,1171.199951,766.875,7557.25,64.424
293.0,10549310,492.024994,1171.25,775.875,7522.299805,64.345
291.0,11913832,492.799988,1177.900024,759.950012,7549.350098,64.316
293.299988,9006728,489.924988,1181.300049,766.474976,7561.5,64.27
290.950012,6256500,484.725006,1185.650024,764.450012,7490.950195,64.375
290.649994,7266604,490.049988,1179.25,792.5,7543.0,64.385
294.549988,11195781,495.274994,1178.0,807.625,7554.549805,64.395
296.100006,10846999,496.924988,1170.849976,801.075012,7504.850098,64.385
295.799988,12527914,497.024994,1180.25,811.375,7565.25,64.355
298.350006,22286060,485.524994,1182.050049,797.400024,7599.600098,64.125
299.100006,15766196,498.674988,1161.400024,797.224976,7630.450195,64.115
312.5,41547584,505.600006,1193.949951,807.599976,7750.049805,64.2
309.0,14888804,502.774994,1190.050049,801.799988,7856.100098,64.095
307.700012,17005571,496.674988,1176.800049,814.599976,7795.5,63.635
300.549988,14459919,492.0,1174.75,825.049988,7737.399902,63.705
305.25,9615344,491.875,1175.849976,811.075012,7770.299805,63.675
311.200012,11420767,484.125,1179.949951,808.174988,7838.649902,63.84
303.649994,13578680,481.924988,1171.199951,801.275024,7755.899902,63.692
302.299988,15852734,484.674988,1153.900024,799.400024,7661.600098,63.86
296.700012,14519518,490.625,1157.699951,792.174988,7578.75,64.095
280.149994,67652562,493.850006,1131.949951,773.125,7457.399902,64.14
278.200012,23773509,490.725006,1146.900024,786.525024,7608.450195,64.09
283.100006,21074533,487.600006,1142.25,783.049988,7701.149902,64.17
280.850006,12134114,510.424988,1134.0,783.549988,7582.450195,64.17
278.700012,12653217,461.625,1130.599976,787.700012,7598.799805,64.095
274.649994,9247153,436.700012,1127.099976,782.200012,7501.899902,64.11
273.899994,11814388,437.700012,1117.699951,780.025024,7496.100098,64.073
279.0,11317821,446.399994,1124.150024,791.025024,7573.049805,64.045
280.299988,14138226,456.075012,1131.699951,784.025024,7612.850098,64.045
279.350006,10505317,470.5,1138.900024,783.275024,7579.0,63.905
277.0,10335964,463.725006,1130.050049,766.075012,7521.5,64.015
276.600006,7648702,463.325012,1139.650024,782.049988,7557.450195,63.99
277.75,14222467,457.475006,1136.300049,797.25,7700.299805,63.935
277.850006,8255209,459.975006,1139.199951,805.049988,7812.299805,64.025
277.75,7168751,450.100006,1130.650024,806.674988,7821.5,64.04
276.549988,9565430,450.950012,1126.650024,816.299988,7817.200195,64.105
274.25,7306781,447.799988,1117.599976,822.700012,7846.649902,64.06
274.200012,16102724,447.875,1129.099976,818.099976,7919.200195,64.015
271.799988,7077895,442.149994,1172.400024,816.900024,7970.75,63.785
270.950012,14489224,439.350006,1217.849976,817.900024,8142.399902,63.935
273.450012,8375133,442.024994,1230.25,823.75,8154.5,64.031
273.399994,10150073,441.875,1223.349976,849.0,8122.600098,64.01
274.200012,8015217,446.200012,1214.199951,843.849976,8070.25,64.123
271.5,18404860,454.125,1212.400024,841.799988,8099.75,64.11
270.399994,17538678,454.549988,1237.949951,845.549988,8157.850098,64.158
267.799988,14331316,456.125,1225.900024,838.599976,8131.700195,64.3
270.049988,12355806,456.350006,1235.949951,847.150024,8120.149902,64.293
268.5,8509419,454.774994,1228.050049,841.349976,8144.950195,64.81
261.850006,12860892,449.149994,1184.800049,817.400024,8068.200195,64.795
258.75,13937050,447.674988,1165.199951,821.549988,7964.950195,65.127
258.25,11728345,452.950012,1162.900024,820.099976,7889.899902,65.46
250.399994,17080769,449.899994,1137.199951,799.150024,7739.950195,65.715
252.550003,17776419,448.0,1133.349976,786.450012,7897.350098,65.47
253.850006,10073641,449.950012,1142.050049,780.900024,7978.200195,65.31
251.300003,10547836,451.774994,1134.900024,798.349976,7888.299805,65.485
253.199997,14063896,449.799988,1138.300049,818.849976,7847.200195,65.03
251.600006,13476692,451.524994,1132.050049,824.150024,7831.049805,65.145
256.75,11932139,460.075012,1141.800049,837.049988,7903.200195,65.4
256.850006,8009211,461.950012,1140.949951,830.650024,7896.700195,65.355
256.950012,9742878,467.725006,1142.699951,843.200012,7893.700195,65.25
251.75,14192548,465.350006,1133.849976,840.150024,7825.149902,65.16
251.199997,13404759,463.649994,1143.650024,872.75,7904.25,65.06
252.100006,15697555,465.049988,1138.650024,876.450012,7874.149902,64.7
252.050003,12171830,469.5,1144.699951,876.799988,7842.0,64.7
251.149994,13505216,465.25,1148.75,874.349976,7838.899902,65.03
243.75,20677891,462.174988,1141.400024,914.5,7784.049805,65.055
242.75,3458869,463.475006,1139.75,909.900024,7731.100098,64.995
245.949997,8901335,469.75,1135.75,939.75,7818.5,65.022
254.449997,17197805,463.25,1142.550049,934.25,7875.0,65.09
324.899994,262677081,467.649994,1204.199951,939.900024,7870.200195,64.925
320.5,112804243,473.674988,1223.5,947.400024,8068.049805,64.84
311.049988,27580765,473.174988,1224.650024,929.849976,8114.450195,65.04
312.0,28530254,472.049988,1236.949951,942.5,8195.25,64.86
305.799988,16455750,460.924988,1222.300049,940.849976,8211.25,64.75
319.850006,34907283,463.524994,1215.300049,952.549988,8238.400391,64.565
314.350006,23110527,461.450012,1210.949951,946.599976,8225.799805,64.575
325.0,26898400,463.325012,1235.0,945.299988,8219.400391,64.56
329.0,17143407,464.350006,1224.699951,932.5,8310.200195,64.625
317.200012,21883541,477.75,1211.050049,906.700012,8220.299805,65.06
309.549988,20242447,476.149994,1218.199951,887.799988,8232.0,64.92
313.700012,21846178,477.25,1215.900024,900.5,8204.799805,64.975
333.549988,82984969,481.024994,1264.949951,883.849976,8183.5,65.19
331.049988,38777555,475.975006,1240.550049,875.25,8109.200195,65.44
329.100006,25647162,474.549988,1210.199951,886.700012,8122.950195,65.41
324.950012,17389606,475.899994,1209.5,883.700012,8127.25,65.27
333.399994,22506014,494.200012,1219.300049,903.849976,8163.700195,65.295
337.5,26518142,485.475006,1222.800049,911.900024,8348.349609,65.015
333.0,13507662,480.274994,1229.800049,920.849976,8425.650391,65.1
330.649994,14189920,483.125,1222.650024,932.549988,8424.799805,64.88
335.299988,22861716,483.149994,1222.699951,930.75,8513.150391,64.88
334.950012,13338423,495.625,1215.949951,947.0,8463.400391,64.57
332.399994,11716981,504.774994,1218.5,951.099976,8487.950195,64.68
335.649994,13114683,499.375,1224.75,951.349976,8508.599609,64.478
332.0,16054996,492.350006,1211.699951,943.349976,8624.150391,64.41
328.899994,11264624,491.350006,1217.849976,946.0,8671.349609,64.36
320.350006,27276288,488.049988,1216.550049,921.549988,8599.099609,64.49
312.75,16425620,479.399994,1211.650024,910.099976,8609.0,64.52
313.600006,13887727,492.674988,1217.5,901.599976,8500.799805,64.38
319.100006,15130931,492.174988,1209.900024,913.700012,8500.400391,64.36
312.399994,18658202,495.149994,1191.25,926.650024,8612.400391,64.53
316.399994,12278558,499.899994,1218.400024,931.549988,8882.400391,64.57
313.100006,16418832,500.924988,1220.349976,921.0,9042.25,64.48
318.399994,14014369,502.649994,1221.849976,916.150024,9133.799805,64.355
318.450012,17658856,505.25,1202.900024,915.599976,9131.349609,64.41
313.299988,17540585,501.875,1189.25,914.650024,9120.650391,64.46
314.0,13894451,506.549988,1188.800049,921.5,9112.75,64.34
312.25,16050711,511.450012,1203.550049,919.75,9165.900391,64.08
318.899994,32119915,508.299988,1217.900024,921.0,9309.099609,64.21
319.799988,14741481,501.975006,1219.900024,925.950012,9801.5,64.06
317.5,9895770,507.924988,1232.5,918.150024,9733.900391,64.115
316.75,9916409,511.024994,1258.800049,912.950012,9631.049805,64.02
319.850006,13821639,519.674988,1266.150024,920.400024,9700.0,64.02
317.149994,9329690,517.799988,1269.699951,929.799988,9679.0,64.05
314.850006,14276027,517.125,1257.849976,923.75,9644.099609,64.12
308.399994,20353152,516.625,1252.75,924.200012,9629.200195,64.08
309.899994,11939569,521.025024,1258.25,921.049988,9729.549805,63.84
307.100006,12182400,516.775024,1260.699951,909.75,9651.900391,63.68
303.25,14797364,514.849976,1249.75,911.150024,9554.049805,63.46
302.850006,13857373,510.649994,1275.300049,914.799988,9416.599609,63.505
308.5,24517099,507.700012,1315.699951,920.299988,9386.25,63.4
306.350006,14580575,506.0,1314.900024,923.25,9433.849609,63.34
305.799988,13557197,518.025024,1338.25,928.549988,9448.950195,63.475
304.299988,15574755,520.674988,1332.75,940.950012,9383.549805,63.67
301.100006,13064599,526.125,1323.75,942.349976,9375.849609,63.63
302.200012,12298455,537.900024,1323.550049,937.75,9339.799805,63.69
302.25,17594228,539.224976,1329.150024,949.0,9459.150391,63.61
302.600006,18189668,540.575012,1325.949951,949.150024,9358.450195,63.515
296.149994,18040940,561.424988,1326.199951,922.950012,9322.049805,64.02
307.100006,26277307,576.049988,1353.349976,924.5,9313.900391,63.885
303.25,40000111,576.349976,1360.800049,919.700012,9368.700195,63.87
309.25,18461642,571.724976,1371.449951,931.299988,9323.950195,63.83
306.5,12622645,575.0,1398.849976,971.5,9310.099609,63.89
318.100006,35252217,588.549988,1410.699951,983.25,9393.400391,63.76
329.899994,38070520,592.900024,1401.199951,966.349976,9434.950195,63.66
313.149994,42466150,587.700012,1416.5,965.900024,9278.200195,63.515
312.100006,23600898,591.450012,1431.949951,964.5,9630.700195,63.6
313.549988,25810404,585.325012,1429.900024,950.400024,9571.549805,63.69
313.25,16409938,575.125,1416.5,961.299988,9509.700195,63.55
306.049988,19515991,572.299988,1455.599976,943.849976,9401.849609,63.98
297.350006,23274673,571.625,1415.449951,904.349976,8990.599609,64.13
298.049988,18940578,569.099976,1363.650024,902.150024,9080.599609,64.14
291.75,30577218,553.875,1353.050049,892.099976,8984.599609,64.23
292.799988,21463818,554.525024,1333.75,894.400024,8921.799805,64.28
301.399994,18932796,567.125,1347.400024,904.549988,9030.700195,64.3
296.399994,15750824,554.575012,1329.25,897.849976,8936.099609,64.375
288.75,50839665,551.400024,1350.5,915.5,9117.849609,64.28
276.200012,45641149,548.875,1361.199951,933.650024,9001.599609,64.1
278.700012,26058237,557.224976,1350.349976,935.650024,9020.25,63.9
271.649994,30338112,564.025024,1328.400024,921.299988,8836.950195,64.215
268.5,43847791,565.875,1295.5,927.0,8724.849609,64.25
269.649994,33458021,568.474976,1290.599976,921.099976,8722.650391,64.86
273.299988,23714454,573.700012,1282.800049,929.349976,8782.75,64.805
272.600006,25584062,580.375,1292.0,924.349976,8634.049805,64.975
276.049988,15482147,577.825012,1301.699951,934.25,8698.799805,64.71
274.450012,15306032,569.299988,1344.25,938.700012,9005.349609,64.77
267.600006,20824909,575.099976,1338.099976,950.5,8891.200195,64.92
268.0,26810799,586.299988,1318.150024,954.549988,8850.950195,65.21
262.149994,22859175,580.375,1315.199951,948.400024,8873.450195,65.23
263.5,18484565,577.950012,1300.699951,924.099976,8795.099609,65.025
256.549988,20778164,575.674988,1283.400024,910.849976,8616.5,64.905
246.649994,31262500,572.049988,1263.300049,889.75,8679.099609,64.88
256.799988,33133336,578.325012,1283.800049,911.450012,8729.349609,65.105
253.25,21536191,581.700012,1290.5,913.099976,8660.599609,65.125
252.850006,25332474,592.875,1310.050049,930.299988,8810.299805,64.985
254.699997,37647221,591.900024,1302.75,931.849976,8756.049805,64.855
257.049988,25471485,590.400024,1303.25,929.049988,8846.299805,64.84
253.699997,18339890,591.25,1295.099976,911.799988,8837.549805,64.99
252.300003,25728297,585.950012,1269.300049,900.049988,8676.549805,64.99
247.949997,18167594,573.375,1279.550049,895.5,8773.5,65.22
249.100006,20556571,582.275024,1293.5,889.799988,8802.400391,65.21
248.0,19533972,583.75,1309.349976,896.900024,8874.650391,65.18
241.550003,26828240,580.650024,1296.25,908.150024,8696.549805,65.105
234.800003,27150262,583.799988,1267.900024,893.900024,8607.25,64.99
246.5,30373940,577.625,1297.400024,901.099976,8765.299805,64.825
254.350006,31205051,577.0,1307.550049,899.799988,8852.299805,64.945
249.899994,36673566,565.900024,1310.900024,882.700012,8861.099609,65.16
246.149994,14993188,568.575012,1335.949951,892.950012,9008.200195,65.13
250.5,19883309,570.224976,1330.400024,899.549988,9026.450195,65.0
247.300003,18824449,562.099976,1296.150024,894.900024,9013.5,65.045
259.299988,22880821,573.775024,1328.800049,908.200012,9132.599609,64.89
259.700012,24868860,563.5,1316.550049,911.0,9206.200195,64.93
260.649994,20208874,555.625,1327.900024,916.0,9292.650391,64.955
263.299988,21201141,556.700012,1349.900024,917.049988,9273.450195,64.95
257.049988,14885838,562.125,1352.75,930.849976,9302.5,65.26
253.800003,18660913,581.299988,1357.449951,928.700012,9204.450195,65.29
250.949997,25654020,585.724976,1354.849976,938.849976,9123.950195,65.255
249.0,16408377,566.599976,1368.099976,937.049988,9232.0,65.47
248.149994,15922452,562.599976,1359.550049,944.25,9160.349609,65.68
246.449997,16142387,562.974976,1360.099976,938.0,9121.5,65.72
246.149994,13166927,566.424988,1385.0,942.299988,9077.650391,65.87
241.199997,15546939,589.224976,1365.050049,927.900024,9025.0,66.21
242.449997,12111837,593.849976,1360.0,936.0,9064.849609,66.53
240.600006,9486349,577.25,1378.0,970.049988,9064.650391,66.41
237.199997,13124853,580.174988,1362.900024,970.5,8934.599609,66.92
233.199997,24495144,588.224976,1347.199951,975.349976,8946.450195,66.805
242.600006,31401889,592.599976,1377.75,996.299988,8783.349609,66.62
246.399994,17263193,599.75,1400.900024,963.299988,8814.950195,66.46
241.0,12887066,598.525024,1403.150024,972.700012,8744.5,66.69
241.899994,12939642,591.275024,1377.75,961.599976,8755.950195,66.67
241.949997,12777310,586.549988,1368.699951,953.950012,8678.200195,66.82
246.5,15122614,591.5,1389.150024,971.0,8743.700195,67.14
250.050003,23293920,582.775024,1364.900024,967.099976,8775.200195,67.13
248.0,11429823,585.349976,1375.650024,976.700012,8718.349609,67.35
247.949997,13160967,584.0,1362.199951,981.150024,8704.950195,67.245
250.350006,11958589,590.375,1387.400024,989.25,8750.299805,67.36
253.600006,18673849,594.650024,1381.75,986.599976,8707.0,67.56
248.0,18026861,597.275024,1374.199951,978.950012,8726.599609,68.08
243.100006,17222004,594.974976,1362.349976,956.150024,8695.599609,67.775
242.699997,11721064,591.450012,1355.949951,945.349976,8697.5,67.765
238.850006,11873041,591.599976,1315.550049,933.849976,8510.950195,67.99
244.449997,18780730,589.75,1313.25,931.349976,8428.5,68.115
253.899994,68713602,596.924988,1320.150024,926.75,8560.650391,68.02
263.200012,71202072,592.450012,1326.900024,912.25,8497.400391,68.37
268.5,34679642,610.5,1338.050049,915.849976,8410.75,68.34
266.950012,22317308,614.150024,1342.0,920.799988,8548.150391,67.73
272.049988,18959368,607.200012,1376.449951,920.400024,8709.299805,67.4
264.299988,16107543,608.349976,1380.599976,917.450012,8714.900391,67.84
267.149994,19320209,605.849976,1365.650024,916.099976,8588.200195,67.44
269.549988,31935892,615.900024,1370.400024,921.349976,8537.200195,67.43
266.700012,16574717,610.400024,1372.400024,930.549988,8808.849609,66.995
263.0,12933824,619.700012,1357.849976,940.849976,8749.849609,67.07
263.549988,14102731,610.424988,1333.75,947.650024,8810.400391,67.1
270.149994,18315171,618.724976,1350.550049,954.400024,8842.349609,66.84
269.649994,18773700,626.224976,1355.150024,971.349976,8911.25,67.42
273.0,14096549,630.025024,1343.949951,984.349976,8932.450195,67.53
274.0,18219428,631.200012,1343.25,982.650024,9022.650391,67.47
282.850006,31358021,629.25,1366.400024,997.150024,9016.75,67.48
287.700012,26748300,637.400024,1358.75,1002.5,8967.349609,67.645
282.600006,18513730,619.849976,1343.0,1007.950012,8958.0,67.69
277.450012,16949917,640.625,1329.900024,1014.200012,8951.599609,68.06
276.850006,13542420,633.700012,1323.199951,1015.549988,8973.450195,68.04
272.600006,20726975,620.799988,1310.400024,996.049988,8862.599609,68.31
273.299988,14002946,621.575012,1306.75,1019.25,8948.299805,68.06
268.649994,12954943,623.275024,1289.800049,1031.949951,8863.049805,67.945
273.049988,20784133,623.924988,1299.849976,1012.5,8874.900391,67.87
268.450012,10934401,636.224976,1268.150024,1004.450012,8793.0,68.115
267.399994,16867009,638.924988,1270.050049,978.950012,8931.349609,68.37
261.700012,16277655,635.0,1232.75,965.849976,8898.299805,68.64
257.0,21349738,644.799988,1234.949951,944.950012,8771.299805,68.84
259.350006,16244724,653.599976,1275.099976,972.450012,8825.599609,68.46
258.850006,21896701,667.349976,1255.949951,960.599976,8821.049805,68.72
257.5,16099030,676.875,1251.5,971.299988,8975.150391,68.55
257.450012,14206935,672.599976,1259.5,990.099976,9220.799805,68.69
256.450012,11215032,642.0,1254.449951,964.5,9347.049805,68.88
257.200012,16174019,642.125,1266.300049,977.549988,9317.5,68.805
261.549988,13220744,649.424988,1288.0,997.099976,9374.900391,68.66
263.75,11487165,650.700012,1284.599976,1025.699951,9531.0,68.755
259.100006,12857179,660.224976,1274.75,1038.800049,9384.700195,68.73
262.75,10642215,647.174988,1299.75,1082.349976,9347.0,68.52
257.75,11976239,658.700012,1298.400024,1099.800049,9431.049805,68.5
251.600006,8965623,666.424988,1283.099976,1076.199951,9385.299805,68.55
259.049988,16067598,663.950012,1286.849976,1092.349976,9445.400391,68.43
259.549988,17641125,661.275024,1292.150024,1092.550049,9366.799805,68.625
260.200012,9958284,658.349976,1258.099976,1104.849976,9389.099609,69.02
261.5,6120163,674.049988,1270.349976,1128.650024,9398.950195,68.74
266.350006,17013119,677.974976,1279.150024,1120.300049,9701.0,68.845
266.850006,9320281,688.575012,1324.0,1110.949951,9832.450195,68.948
271.850006,13099277,691.875,1320.699951,1115.150024,9758.950195,68.73
287.700012,53496546,686.625,1305.949951,1110.650024,9396.25,68.66
286.75,32175436,686.724976,1311.449951,1129.849976,9310.400391,68.605
297.399994,40949610,675.5,1295.349976,1151.400024,9381.900391,68.605
293.5,36510328,682.549988,1302.300049,1186.0,9520.549805,68.46
295.100006,33885474,677.025024,1298.0,1192.349976,9341.599609,68.35
293.899994,15665209,676.825012,1282.400024,1168.349976,9142.400391,68.625
299.25,18254462,682.049988,1290.0,1176.949951,9187.0,68.545
308.5,31576923,680.325012,1290.449951,1192.599976,9286.400391,68.83
304.049988,23929123,683.974976,1295.300049,1184.199951,9411.5,68.63
308.700012,20498279,681.375,1298.25,1217.699951,9207.400391,68.66
317.399994,46464355,689.974976,1284.699951,1217.949951,9146.049805,68.76
304.450012,111510771,692.724976,1264.650024,1204.199951,9148.25,68.89
294.149994,58127432,704.375,1269.050049,1187.699951,9080.849609,70.02
294.899994,25294933,704.150024,1253.25,1210.599976,9132.599609,69.96
292.700012,31083900,714.775024,1231.650024,1200.800049,9200.549805,70.09
302.100006,21931134,715.174988,1240.150024,1203.75,9152.099609,70.1
307.649994,20240462,692.125,1323.699951,1234.900024,9074.349609,69.82
307.0,14139592,691.974976,1322.550049,1247.199951,9113.299805,69.86
302.450012,22721004,698.700012,1352.050049,1269.449951,9223.299805,70.105
300.450012,18869585,689.150024,1342.900024,1277.5,9163.799805,69.97
308.0,28111768,707.700012,1356.099976,1291.5,9245.25,70.165
305.350006,16890236,712.349976,1355.599976,1319.0,9427.950195,70.1
309.700012,24320824,705.049988,1351.550049,1294.199951,9368.099609,70.535
308.600006,19935935,708.099976,1346.550049,1274.449951,9205.799805,70.745
309.600006,18100140,720.549988,1369.550049,1241.650024,9096.400391,71.005
306.350006,14708076,717.125,1363.0,1229.150024,8902.150391,71.215
296.399994,42859084,737.150024,1359.300049,1241.949951,8868.5,71.585
296.549988,22922686,729.900024,1348.0,1227.0,8896.099609,71.755
296.450012,18001336,727.150024,1347.099976,1261.400024,8759.849609,71.95
291.649994,23716678,732.799988,1347.5,1278.599976,8719.200195,71.79
284.850006,23354395,730.849976,1336.800049,1255.849976,8639.400391,72.455
282.600006,28361400,734.299988,1329.650024,1237.699951,8517.049805,72.64
285.299988,22717796,742.900024,1352.25,1252.5,8493.950195,72.16
290.649994,15149585,733.700012,1358.849976,1253.150024,8626.700195,71.88
285.299988,16089996,725.950012,1344.75,1225.900024,8537.799805,72.54
273.799988,33901000,719.099976,1327.900024,1217.150024,8399.150391,72.71
271.5,40759431,719.75,1332.900024,1210.75,8210.349609,72.36
270.600006,39308482,705.299988,1329.699951,1217.5,8040.149902,72.24
264.350006,24633374,718.25,1318.349976,1232.050049,7793.049805,72.67
270.899994,28948831,726.200012,1319.050049,1230.599976,7999.450195,72.685
263.850006,23951904,717.849976,1332.650024,1251.400024,7842.549805,72.6
265.350006,24829383,724.799988,1309.900024,1253.75,7553.049805,72.57
265.5,33803139,730.049988,1272.099976,1257.949951,7347.950195,72.51
273.850006,17711738,746.650024,1248.099976,1231.699951,7463.950195,72.925
271.700012,19714943,728.5,1245.449951,1205.099976,7246.0,73.345
271.350006,17754204,707.200012,1257.900024,1122.25,7198.75,73.63
258.350006,36628643,724.599976,1227.400024,1048.849976,6904.350098,73.77
265.75,21100804,714.450012,1215.349976,1109.400024,6889.75,74.065
262.950012,16010883,717.75,1221.050049,1090.050049,6699.450195,74.34
278.649994,31772330,700.450012,1250.650024,1102.099976,6985.850098,74.25
262.149994,46291120,673.349976,1225.849976,1087.800049,6875.5,74.05
263.75,42967696,678.799988,1235.25,1126.550049,7287.200195,73.61
263.200012,21965859,698.799988,1216.400024,1139.75,7182.0,73.77
270.299988,33597068,695.25,1224.650024,1163.800049,7150.899902,73.465
261.149994,21631573,705.349976,1211.900024,1151.300049,6885.600098,73.6
261.100006,28474307,683.549988,1206.050049,1101.300049,6756.450195,73.375
260.350006,19933462,679.950012,1206.599976,1062.650024,6812.200195,73.56
255.649994,20206307,657.599976,1200.699951,1054.699951,6771.299805,73.55
255.699997,25636533,649.799988,1218.900024,1045.75,6768.299805,73.23
249.550003,33066232,648.75,1201.550049,1030.800049,6723.200195,73.23
248.100006,20543437,633.599976,1197.449951,1044.900024,6717.299805,73.46
267.899994,37768359,644.75,1261.300049,1087.800049,6798.700195,73.4
273.149994,33401683,659.599976,1271.25,1057.0,6697.0,73.68
281.399994,28137370,686.400024,1297.5,1061.25,6616.399902,73.96
285.899994,29144808,666.700012,1326.75,1056.25,6711.75,73.455
285.350006,27760214,662.25,1358.199951,1074.900024,7135.450195,72.44
294.950012,44619891,666.0,1350.150024,1090.300049,7177.25,73.08
286.450012,40688243,666.450012,1363.849976,1104.099976,7075.0,72.955
286.549988,3312160,675.5,1365.949951,1110.699951,7127.899902,72.45
283.25,19201007,659.5,1368.599976,1093.449951,7283.5,72.48
277.950012,24044907,664.200012,1367.199951,1080.0,7087.799805,72.86
278.049988,25633615,665.700012,1391.099976,1099.449951,7150.450195,72.615
283.600006,52674807,653.200012,1384.699951,1097.949951,7369.049805,72.31
285.399994,18445463,656.400024,1398.5,1096.849976,7478.299805,71.915
290.899994,24805910,650.849976,1399.050049,1127.400024,7341.200195,71.98
288.149994,13799970,651.700012,1417.199951,1150.0,7411.649902,71.61
283.450012,12900924,641.400024,1413.099976,1137.400024,7333.950195,71.43
287.049988,16167419,619.099976,1402.099976,1112.900024,7424.5,71.305
282.700012,12066797,620.75,1410.150024,1102.849976,7411.100098,70.69
286.399994,16846820,621.450012,1422.0,1109.75,7554.700195,70.82
289.399994,21242956,638.900024,1431.599976,1128.199951,7647.600098,70.785
284.549988,19837609,666.400024,1403.400024,1152.650024,7574.200195,70.64
286.399994,27919104,661.049988,1422.449951,1168.5,7546.75,69.78
284.649994,17583510,667.450012,1432.5,1167.550049,7661.600098,69.65
286.799988,15772176,670.349976,1427.5,1156.449951,7779.950195,70.44
282.549988,11897307,685.25,1419.900024,1152.300049,7721.649902,70.53
280.149994,14893748,681.400024,1394.800049,1155.150024,7554.049805,70.56
275.649994,11083451,668.5,1379.5,1123.650024,7209.700195,70.85
275.399994,10165275,682.799988,1399.900024,1133.800049,7313.950195,70.86
274.200012,11947887,669.200012,1367.75,1090.25,7350.5,72.52
281.25,30927239,674.5,1361.400024,1097.550049,7305.350098,72.29
285.25,21765939,678.5,1400.300049,1110.5,7471.850098,71.84
289.0,24097152,697.75,1426.449951,1107.050049,7670.5,71.53
289.200012,12156361,706.049988,1411.400024,1112.199951,7662.149902,71.92
289.5,12728014,694.400024,1408.0,1129.900024,7734.049805,71.61
292.75,13606582,676.599976,1428.5,1136.400024,7772.350098,70.62
300.700012,26124125,664.849976,1434.75,1136.800049,7936.0,70.278
294.049988,19222232,667.049988,1450.800049,1128.449951,7807.049805,69.98
291.899994,15777301,646.200012,1420.0,1100.199951,7536.299805,70.14
293.049988,12048877,649.0,1404.800049,1089.150024,7529.149902,70.105
294.149994,12684324,644.049988,1422.650024,1098.349976,7569.100098,70.07
292.149994,15304564,656.799988,1425.050049,1120.199951,7499.950195,70.361
294.799988,12876558,656.950012,1439.400024,1125.550049,7505.549805,69.933
295.899994,9526067,658.950012,1437.550049,1121.25,7465.5,69.57
299.600006,11837127,665.049988,1441.900024,1121.0,7476.799805,69.453
293.899994,25559853,669.049988,1425.5,1106.400024,7267.850098,70.0
291.100006,17548347,669.150024,1395.0,1092.75,7203.950195,70.11
297.649994,19514041,661.049988,1388.050049,1098.650024,7234.5,69.55
296.299988,14579399,671.700012,1383.800049,1104.75,7362.049805,69.803
305.299988,22949961,670.049988,1382.199951,1104.650024,7439.5,70.14
305.299988,21109911,676.099976,1386.050049,1110.75,7492.899902,70.56
305.549988,16295468,679.700012,1392.599976,1107.5,7391.600098,70.42
302.75,12702551,683.5,1369.599976,1098.050049,7320.5,70.398
300.399994,10372933,701.900024,1333.900024,1096.800049,7408.700195,70.76
301.649994,9444374,726.599976,1340.900024,1129.650024,7355.149902,71.1
303.149994,12111480,736.799988,1342.150024,1135.900024,7310.25,70.98
297.399994,15974634,733.349976,1346.050049,1134.449951,7336.25,71.05
294.950012,9082501,730.950012,1317.900024,1184.349976,7357.950195,71.21
292.450012,10188647,745.0,1314.550049,1237.699951,7208.399902,71.188
290.25,11297989,745.349976,1301.150024,1235.150024,7068.850098,71.26
286.649994,10304608,731.650024,1301.449951,1226.300049,7045.399902,71.19
288.049988,11532528,732.0,1295.349976,1247.449951,7040.600098,71.0
285.399994,11121223,730.349976,1285.449951,1246.0,6513.399902,70.9
281.600006,18905470,727.950012,1300.449951,1229.550049,6511.049805,71.07
280.600006,17435611,727.900024,1278.050049,1210.650024,6526.950195,71.39
287.450012,18908654,725.900024,1294.449951,1195.699951,6548.25,71.235
293.649994,25546487,749.549988,1314.300049,1227.150024,6641.149902,70.96
284.399994,60015958,757.049988,1324.599976,1249.949951,6962.299805,71.435
283.950012,20642919,755.900024,1307.400024,1290.900024,6988.200195,71.71
284.649994,13290611,754.849976,1304.599976,1291.550049,7093.600098,71.53
289.049988,12149759,763.299988,1314.400024,1310.25,7183.399902,71.55
287.399994,19733315,764.0,1296.050049,1290.400024,7302.549805,71.3
286.0,19781908,760.900024,1261.75,1277.699951,7134.25,71.175
280.5,15420017,762.799988,1246.5,1253.25,7177.899902,71.14
275.399994,15326106,750.450012,1246.849976,1256.400024,7162.5,70.535
267.100006,26372671,740.049988,1227.599976,1224.199951,7017.5,71.02
262.950012,23366091,741.950012,1243.099976,1244.449951,6930.049805,71.33
259.950012,14781744,741.049988,1244.5,1220.099976,6842.700195,71.386
262.899994,19064306,724.299988,1258.300049,1216.099976,6804.549805,71.3
267.700012,15514595,740.700012,1276.550049,1234.349976,6849.899902,71.01
268.0,13760702,733.450012,1284.099976,1246.900024,6801.549805,71.165
270.950012,12536918,734.950012,1280.349976,1232.349976,6912.399902,71.035
270.149994,20793897,754.900024,1275.849976,1232.300049,6924.899902,70.835
266.350006,15274303,742.5,1265.849976,1220.25,6904.299805,70.96
267.649994,20571652,735.25,1284.699951,1223.5,6968.5,71.2
269.049988,31636468,734.299988,1292.949951,1231.050049,6829.700195,70.84
272.950012,20024726,741.900024,1308.550049,1226.050049,6935.149902,71.0
276.450012,21533972,732.5,1305.800049,1237.650024,7117.75,70.49
278.100006,22161376,732.5,1317.0,1264.800049,7056.899902,70.08
281.75,14899105,722.950012,1352.400024,1270.25,7029.049805,70.116
281.200012,19943319,712.349976,1339.400024,1267.099976,6967.700195,70.011
287.350006,22931245,711.25,1346.550049,1304.099976,7081.899902,69.85
286.899994,20828136,706.950012,1388.900024,1331.349976,7157.200195,69.625
293.149994,23725641,708.450012,1378.599976,1347.300049,7091.049805,69.529
291.899994,16164017,708.349976,1379.75,1341.550049,7086.299805,69.365
298.399994,37928480,718.549988,1396.5,1321.650024,7084.0,68.963
298.950012,23782967,710.200012,1378.900024,1350.050049,6909.100098,68.625
303.049988,27218691,722.25,1357.949951,1376.550049,6825.200195,69.015
303.799988,18820555,738.950012,1370.900024,1375.449951,6673.549805,68.79
298.049988,17865957,743.099976,1394.699951,1341.75,6552.700195,69.17
294.0,16895511,734.799988,1376.75,1324.449951,6522.600098,68.89
303.5,18303791,734.799988,1372.800049,1367.25,6585.700195,68.996
308.799988,35956450,737.799988,1366.449951,1349.25,6518.0,69.1
319.0,63244736,737.799988,1386.699951,1360.0,6596.25,69.19
322.75,22372357,755.099976,1412.199951,1391.849976,6840.700195,69.205
329.0,27897583,759.400024,1409.75,1389.699951,6889.700195,68.92
320.5,30552104,753.299988,1378.050049,1375.199951,7072.899902,68.45
321.799988,27832294,747.900024,1368.699951,1353.050049,7113.100098,68.98
317.049988,23117232,759.299988,1373.800049,1353.900024,7107.700195,69.17
312.799988,17394139,767.25,1373.650024,1329.25,7129.450195,69.555
314.75,25556039,760.599976,1375.199951,1334.449951,7216.549805,69.28
310.899994,19237974,752.700012,1371.550049,1331.400024,7186.350098,69.15
313.950012,12172946,742.150024,1379.199951,1336.050049,7190.0,69.02
