Date,Close,Volume,TB_para,TB_sent,USD_INR,Nifty
2015-01-01,443.950012,1354878,0.0,0.0,63.355,
2015-01-02,442.774994,3351654,0.568181818182,0.189393939394,63.285,8395.450195
2015-01-05,437.924988,4619182,0.0,0.0,63.345,8378.400391
2015-01-06,418.049988,8516086,0.0,0.0,63.575,8127.350098
2015-01-07,427.149994,9472630,0.0,0.0,63.28,8102.100098
2015-01-08,421.024994,9084914,0.0,0.0,62.675,8234.599609
2015-01-09,430.149994,6122732,0.0,0.0,62.355,8284.5
2015-01-12,425.149994,4617432,0.0,0.0,62.075,8323.0
2015-01-13,421.575012,4548216,0.0,0.0,61.98,8299.400391
2015-01-14,417.475006,5202572,0.0,0.0,62.095,8277.549805
2015-01-15,432.125,7738494,0.0,0.0,62.065,8494.150391
2015-01-16,434.850006,8748776,0.0,0.0,61.87,8513.799805
2015-01-19,439.825012,6098582,0.5,0.0833333333333,61.645,8550.700195
2015-01-20,451.524994,6108346,0.0,0.0,61.655,8695.599609
2015-01-21,453.375,7810366,0.0,0.0,61.56,8729.5
2015-01-22,441.875,10844730,0.0,0.0,61.605,8761.400391
2015-01-23,443.450012,8265794,0.0,0.0,61.44,8835.599609
2015-01-27,444.524994,8201508,0.0,0.0,61.41,8910.5
2015-01-28,453.424988,8822454,0.0,0.0,61.358,8914.299805
2015-01-29,464.700012,16511776,0.0,0.0,61.801,8952.349609
2015-01-30,457.625,9941906,0.0,0.0,62.02,8808.900391
2015-02-02,454.024994,8824550,0.0,0.0,61.719,8797.400391
2015-02-03,468.799988,7814040,0.0,0.0,61.596,8756.549805
2015-02-04,464.399994,6433654,-0.125,-0.0416666666667,61.842,8723.700195
2015-02-05,461.850006,5653156,0.0,0.0,61.709,8711.700195
2015-02-06,454.950012,4135456,0.0,0.0,61.97,8661.049805
2015-02-09,448.350006,4041210,0.0,0.0,62.149,8526.349609
2015-02-10,441.0,6240782,0.0,0.0,62.327,8565.549805
2015-02-11,450.350006,4471548,0.0,0.0,62.382,8627.400391
2015-02-12,454.575012,3981748,0.0,0.0,62.15,8711.549805
2015-02-13,458.75,3380142,0.0,0.0,62.076,8805.5
2015-02-16,451.399994,5607922,0.0,0.0,62.105,8809.349609
2015-02-18,450.825012,4496248,0.0,0.0,62.057,8869.099609
2015-02-19,451.024994,4366230,0.0,0.0,62.138,8895.299805
2015-02-20,436.549988,8556874,0.25,0.1,62.109,8833.599609
2015-02-23,425.725006,6448086,0.0,0.0,62.163,8754.950195
2015-02-24,420.725006,9118740,0.0,0.0,62.17,8762.099609
2015-02-25,421.575012,6982812,0.0,0.0,61.862,8767.25
2015-02-26,421.0,9810676,0.0,0.0,61.731,8683.849609
2015-02-27,427.774994,8530440,0.0,0.0,61.659,8844.599609
2015-03-02,432.125,6665262,0.0,0.0,61.862,8956.75
2015-03-03,450.399994,9434508,0.0,0.0,61.819,8996.25
2015-03-04,443.924988,6617962,0.0,0.0,62.309,8922.650391
2015-03-05,442.475006,4899316,0.0,0.0,62.381,8937.75
2015-03-09,434.825012,6430224,0.0,0.0,62.634,8756.75
2015-03-10,429.575012,6964500,0.0,0.0,62.72,8712.049805
2015-03-11,427.975006,5319530,0.0,0.0,62.781,8699.950195
2015-03-12,431.899994,5386508,0.0,0.0,62.542,8776.0
2015-03-13,425.049988,5913976,0.0,0.0,63.083,8647.75
2015-03-16,421.049988,6327178,0.0,0.0,62.78,8633.150391
2015-03-17,428.424988,8718200,0.0,0.0,62.623,8723.299805
2015-03-18,434.325012,4237880,0.0,0.0,62.701,8685.900391
2015-03-19,428.075012,6370436,0.0,0.0,62.49,8634.650391
2015-03-20,427.049988,4757144,0.0,0.0,62.41,8570.900391
2015-03-23,420.975006,6058224,0.0,0.0,62.23,8550.900391
2015-03-24,423.975006,4223500,0.0,0.0,62.348,8542.950195
2015-03-25,422.450012,4692786,0.0,0.0,62.412,8530.799805
2015-03-26,414.649994,9427386,0.0,0.0,62.836,8342.150391
2015-03-27,405.850006,10664284,0.0,0.0,62.523,8341.400391
2015-03-30,405.375,7922962,0.0,0.0,62.51,8492.299805
2015-03-31,413.0,9250942,0.4,0.133333333333,62.291,8491.0
2015-04-01,418.024994,6669386,0.0,0.0,62.142,8586.25
2015-04-06,412.325012,5638734,0.0,0.0,62.207,8659.900391
2015-04-07,416.424988,9726422,0.0,0.0,62.296,8660.299805
2015-04-08,432.950012,11347420,0.0,0.0,62.192,8714.400391
2015-04-09,447.549988,12469862,0.0,0.0,62.306,8778.299805
2015-04-10,452.174988,11576924,0.0,0.0,62.276,8780.349609
2015-04-13,461.25,9224402,0.0,0.0,62.407,8834.0
2015-04-15,461.825012,10163386,0.0,0.0,62.36,8834.0
2015-04-16,464.174988,9224384,0.0,0.0,62.317,8706.700195
2015-04-17,463.424988,10953102,0.0,0.0,62.55,8606.0
2015-04-20,442.825012,17202330,0.6,0.3,63.137,8448.099609
2015-04-21,438.225006,8095048,0.0,0.0,62.854,8377.75
2015-04-22,439.875,6748376,0.0,0.0,62.98,8429.700195
2015-04-23,438.524994,6097602,0.0,0.0,63.277,8398.299805
2015-04-24,439.450012,5810518,0.0,0.0,63.662,8305.25
2015-04-27,437.649994,5048454,0.0,0.0,63.346,8213.799805
2015-04-28,432.600006,6714572,0.0,0.0,63.053,8285.599609
2015-04-29,425.0,7492024,0.0,0.0,63.46,8239.75
2015-04-30,431.174988,15910372,0.0,0.0,63.529,8181.5
2015-05-04,445.475006,6893384,0.0,0.0,63.516,8331.950195
2015-05-05,446.075012,8158936,0.0,0.0,63.369,8324.799805
2015-05-06,440.125,10257994,0.0,0.0,63.621,8097.0
2015-05-07,435.375,7650924,0.0,0.0,64.073,8057.299805
2015-05-08,444.850006,7819576,0.0,0.0,63.711,8191.5
2015-05-11,447.975006,6498166,0.0,0.0,64.007,8325.25
2015-05-12,434.350006,7611912,0.0,0.0,64.147,8126.950195
2015-05-13,442.549988,7635334,0.0,0.0,64.013,8235.450195
2015-05-14,439.100006,5636730,0.0,0.0,63.383,8224.200195
2015-05-15,436.975006,3808980,0.0,0.0,63.44,8262.349609
2015-05-18,445.774994,4501964,0.0,0.0,63.708,8373.650391
2015-05-19,447.774994,6634872,0.0,0.0,63.763,8365.650391
2015-05-20,454.424988,3981412,0.0,0.0,63.598,8423.25
2015-05-21,448.375,4918892,0.0,0.0,63.58,8421.0
2015-05-22,451.924988,3816904,0.0,0.0,63.49,8458.950195
2015-05-25,447.25,3025224,0.0,0.0,63.496,8370.25
2015-05-26,442.299988,4347766,0.0,0.0,63.972,8339.349609
2015-05-27,442.649994,3693098,0.0,0.0,63.826,8334.599609
2015-05-28,437.899994,12132678,0.0,0.0,63.763,8319.0
2015-05-29,438.5,13384696,0.0,0.0,63.743,8433.650391
2015-06-01,451.125,8958164,0.0,0.0,63.594,8433.400391
2015-06-02,449.325012,9225142,0.0,0.0,63.689,8236.450195
2015-06-03,448.174988,7107236,0.0,0.0,63.997,8135.100098
2015-06-04,456.350006,7283298,0.0,0.0,63.964,8130.649902
2015-06-05,453.875,5973490,0.0,0.0,63.77,8114.700195
2015-06-08,442.725006,4958862,0.0,0.0,63.947,8044.149902
2015-06-09,441.850006,4184606,0.0,0.0,64.01,8022.399902
2015-06-10,452.899994,6176034,0.0,0.0,63.766,8124.450195
2015-06-11,438.575012,6709574,0.0,0.0,63.959,7965.350098
2015-06-12,444.924988,9849112,0.363636363636,0.145454545455,64.1,7982.899902
2015-06-15,450.875,5878506,0.0,0.0,64.085,8013.899902
2015-06-16,451.975006,6368010,0.0,0.0,64.166,8047.299805
2015-06-17,465.600006,11992678,0.0,0.0,64.011,8091.549805
2015-06-18,489.475006,22568840,0.0,0.0,63.577,8174.600098
2015-06-19,498.325012,20897502,0.0,0.0,63.5,8224.950195
2015-06-22,495.850006,8866370,0.0,0.0,63.523,8353.099609
2015-06-23,497.5,7318090,0.0,0.0,63.607,8381.549805
2015-06-24,495.450012,8504668,0.0,0.0,63.526,8360.849609
2015-06-25,502.274994,12423550,0.0,0.0,63.518,8398.0
2015-06-26,500.350006,9585314,0.0,0.0,63.452,8381.099609
2015-06-29,495.424988,9220564,0.0,0.0,63.707,8318.400391
2015-06-30,500.049988,10599340,0.0,0.0,63.604,8368.5
2015-07-01,502.825012,6777156,0.0,0.0,63.55,8453.049805
2015-07-02,505.424988,7283210,0.0,0.0,63.299,8444.900391
2015-07-03,503.600006,6323112,-0.05,-0.0166666666667,63.411,8484.900391
2015-07-06,507.774994,5594680,0.0,0.0,63.264,8522.150391
2015-07-07,501.625,5163694,0.0,0.0,63.476,8510.799805
2015-07-08,498.299988,6944656,0.0,0.0,63.459,8363.049805
2015-07-09,493.700012,7427064,0.0,0.0,63.318,8328.549805
2015-07-10,500.899994,7365212,0.0,0.0,63.358,8360.549805
2015-07-13,503.5,4507774,0.0,0.0,63.45,8459.650391
2015-07-14,498.899994,4545572,0.0,0.0,63.281,8454.099609
2015-07-15,505.575012,6186792,0.0,0.0,63.507,8523.799805
2015-07-16,511.850006,6790884,0.25,0.0833333333333,63.463,8608.049805
2015-07-17,510.850006,4660876,-0.05,-0.01,63.492,8609.849609
2015-07-20,512.375,2902254,0.5,0.125,63.6,8603.450195
2015-07-21,503.899994,3622284,0.0,0.0,63.583,8529.450195
2015-07-22,525.200012,7913294,0.0,0.0,63.571,8633.5
2015-07-23,522.650024,8522914,0.227272727273,0.0378787878788,63.921,8589.799805
2015-07-24,512.525024,5988726,-0.1,-0.04,64.106,8521.549805
2015-07-27,502.674988,9197526,0.0,0.0,64.202,8361.0
2015-07-28,505.125,6118202,0.0,0.0,63.799,8337.0
2015-07-29,498.0,6761866,0.0,0.0,63.821,8375.049805
2015-07-30,500.075012,5349408,0.0,0.0,64.138,8421.799805
2015-07-31,500.924988,7604624,0.0,0.0,63.988,8532.849609
2015-08-03,501.225006,4520364,0.0,0.0,64.177,8543.049805
2015-08-04,494.0,5489138,0.0,0.0,63.798,8516.900391
2015-08-05,493.875,6558056,0.0,0.0,63.692,8567.950195
2015-08-06,489.475006,3981022,0.0,0.0,63.722,8588.650391
2015-08-07,492.174988,3935694,0.0,0.0,63.739,8564.599609
2015-08-10,484.450012,4246570,0.0,0.0,63.773,8525.599609
2015-08-11,483.0,4005904,0.0,0.0,64.332,8462.349609
2015-08-12,471.450012,4411804,0.0,0.0,64.855,8349.450195
2015-08-13,466.674988,4270094,0.0,0.0,65.203,8355.849609
2015-08-14,483.475006,5824010,0.0,0.0,65.129,8518.549805
2015-08-17,475.350006,4963652,0.0,0.0,65.436,8477.299805
2015-08-18,472.049988,3031166,0.0,0.0,65.454,8466.549805
2015-08-19,477.299988,4058402,0.0,0.0,65.109,8495.150391
2015-08-20,458.149994,8689858,-0.0625,-0.0178571428571,65.433,8372.75
2015-08-21,453.975006,9166424,0.0,0.0,66.034,8299.950195
2015-08-24,414.774994,16291446,0.0,0.0,66.814,7809.0
2015-08-25,424.075012,22631686,0.0,0.0,66.28,7880.700195
2015-08-26,426.700012,8665824,0.0,0.0,66.004,7791.850098
2015-08-27,434.575012,12342370,0.0,0.0,65.968,7948.950195
2015-08-28,436.200012,4923780,0.0,0.0,66.15,8001.950195
2015-08-31,427.950012,9467432,0.0,0.0,66.412,7971.299805
2015-09-01,419.924988,9895684,0.0,0.0,66.383,7785.850098
2015-09-02,424.774994,8984402,0.0,0.0,66.202,7717.0
2015-09-03,426.924988,5330550,0.0,0.0,66.1,7823.0
2015-09-04,417.950012,7406072,0.0,0.0,66.685,7655.049805
2015-09-07,416.600006,4678930,0.0,0.0,66.886,7558.799805
2015-09-08,424.299988,5897660,0.0,0.0,66.294,7688.25
2015-09-09,437.024994,7927582,0.0,0.0,66.619,7818.600098
2015-09-10,433.5,5062846,0.0,0.0,66.299,7788.100098
2015-09-11,430.475006,4861888,0.0,0.0,66.241,7789.299805
2015-09-14,431.924988,3640906,0.0,0.0,66.261,7872.25
2015-09-15,433.5,5261888,0.0,0.0,66.447,7829.100098
2015-09-16,436.274994,6137372,0.4,0.133333333333,66.219,7899.149902
2015-09-18,447.700012,15663184,0.333333333333,0.111111111111,65.868,7981.899902
2015-09-21,439.049988,5820728,0.0,0.0,65.691,7977.100098
2015-09-22,423.950012,7198324,0.0,0.0,65.91,7812.0
2015-09-23,425.174988,6958648,0.0,0.0,66.184,7845.950195
2015-09-24,418.674988,13293018,0.0,0.0,66.11,7868.5
2015-09-28,417.125,5314394,0.0,0.0,66.267,7795.700195
2015-09-29,420.375,7247674,0.0,0.0,65.837,7843.299805
2015-09-30,431.149994,7905330,0.0,0.0,65.517,7948.899902
2015-10-01,432.350006,3960612,0.0,0.0,65.631,7950.899902
2015-10-05,444.0,7321708,0.0,0.0,65.134,8119.299805
2015-10-06,449.024994,5636996,0.0,0.0,65.129,8152.899902
2015-10-07,456.899994,5264358,0.0,0.0,64.907,8177.399902
2015-10-08,444.549988,4915978,0.0,0.0,64.819,8129.350098
2015-10-09,443.674988,4264390,0.0,0.0,64.78,8189.700195
2015-10-12,445.875,2840098,0.0,0.0,64.795,8143.600098
2015-10-13,446.799988,2817316,0.0,0.0,65.098,8131.700195
2015-10-14,451.475006,3658514,0.0,0.0,64.736,8107.899902
2015-10-15,451.850006,4136660,0.0,0.0,64.779,8179.5
2015-10-16,457.399994,6970386,-0.05,-0.0125,64.703,8238.150391
2015-10-19,481.75,15317750,-0.3,-0.0428571428571,64.919,8275.049805
2015-10-20,478.350006,8271006,0.0,0.0,65.024,8261.650391
2015-10-21,477.5,6585230,0.0,0.0,65.146,8251.700195
2015-10-23,477.825012,5556136,0.0,0.0,64.892,8295.450195
2015-10-26,471.424988,5000840,0.0,0.0,64.921,8260.549805
2015-10-27,469.774994,5303952,0.0,0.0,65.112,8232.900391
2015-10-28,468.475006,5467128,0.0,0.0,64.954,8171.200195
2015-10-29,470.5,6071344,0.0,0.0,65.449,8111.75
2015-10-30,473.850006,6110650,0.0,0.0,65.423,8065.799805
2015-11-02,479.899994,3301676,0.0,0.0,65.561,8050.799805
2015-11-03,483.600006,5199592,0.0,0.0,65.569,8060.700195
2015-11-04,475.649994,4586836,0.0,0.0,65.609,8040.200195
2015-11-05,468.299988,4922518,0.0,0.0,65.86,7955.450195
2015-11-06,476.200012,3825198,0.0,0.0,66.14,7954.299805
2015-11-09,480.625,7786320,0.0,0.0,66.475,7915.200195
2015-11-10,461.375,5251122,0.0,0.0,66.2,7783.350098
2015-11-13,466.524994,6255098,0.0,0.0,66.059,7762.25
2015-11-16,467.149994,7015926,0.0,0.0,65.886,7806.600098
2015-11-17,463.875,3926210,0.0,0.0,65.981,7837.549805
2015-11-18,456.0,5142766,0.0,0.0,66.033,7731.799805
2015-11-19,467.375,5569752,0.0,0.0,66.09,7842.75
2015-11-20,473.424988,5167930,0.0,0.0,66.058,7856.549805
2015-11-23,476.875,4800026,0.0,0.0,66.395,7849.25
2015-11-24,483.850006,6768886,0.0,0.0,66.262,7831.600098
2015-11-26,494.325012,10883224,-0.05,-0.0166666666667,66.565,7883.799805
2015-11-27,489.524994,4979394,-0.05,-0.01,66.907,7942.700195
2015-11-30,483.549988,13678054,0.0,0.0,66.462,7935.25
2015-12-01,482.950012,5934650,0.0,0.0,66.434,7954.899902
2015-12-02,488.975006,3462408,0.0,0.0,66.591,7931.350098
2015-12-03,488.600006,5194048,0.0,0.0,66.79,7864.149902
2015-12-04,482.725006,6146002,0.0,0.0,66.643,7781.899902
2015-12-07,476.024994,6621556,0.0,0.0,66.773,7765.399902
2015-12-08,470.450012,3443452,0.0,0.0,66.857,7701.700195
2015-12-09,457.950012,4194236,0.0,0.0,66.855,7612.5
2015-12-10,475.174988,8499730,0.0,0.0,66.756,7683.299805
2015-12-11,476.475006,8300090,0.0,0.0,67.148,7610.450195
2015-12-14,477.549988,4829460,0.0,0.0,67.093,7650.049805
2015-12-15,487.950012,7186122,0.0,0.0,66.863,7700.899902
2015-12-16,489.325012,5530496,0.0,0.0,66.476,7750.899902
2015-12-17,504.850006,8854870,0.0,0.0,66.421,7844.350098
2015-12-18,495.950012,7322040,0.0,0.0,66.255,7761.950195
2015-12-21,496.049988,5637670,-0.0666666666667,-0.0166666666667,66.251,7834.450195
2015-12-22,493.649994,5293656,0.0,0.0,66.244,7786.100098
2015-12-23,501.899994,5906346,0.0,0.0,66.037,7865.950195
2015-12-24,500.274994,5441138,0.0,0.0,65.947,7861.049805
2015-12-28,505.200012,5891016,0.0,0.0,66.137,7925.149902
2015-12-29,507.700012,6818120,0.0,0.0,66.235,7928.950195
2015-12-30,502.25,3726642,0.0,0.0,66.475,7896.25
2015-12-31,507.299988,8450132,0.227272727273,0.0568181818182,66.208,7946.350098
2016-01-01,507.674988,2476270,0.0,0.0,66.235,7946.350098
2016-01-04,497.649994,13793142,0.0,0.0,66.579,7791.299805
2016-01-05,502.575012,6832918,0.0,0.0,66.481,7784.649902
2016-01-06,516.099976,12233710,0.0,0.0,66.698,7741.0
2016-01-07,506.625,9024438,0.0,0.0,66.891,7568.299805
2016-01-08,512.875,9743678,0.15,0.04,66.847,7601.350098
2016-01-11,525.799988,13265342,-0.05,-0.0125,66.76,7563.850098
2016-01-12,522.724976,10685522,0.1875,0.1,66.946,7510.299805
2016-01-13,538.424988,32825622,0.0,0.0,66.917,7562.399902
2016-01-14,530.825012,12719826,0.35,0.116666666667,67.316,7536.799805
2016-01-15,536.650024,13151450,-0.5,-0.0833333333333,67.775,7437.799805
2016-01-18,508.424988,12459918,0.0,0.0,67.661,7351.0
2016-01-19,521.799988,9824192,0.108333333333,0.0270833333333,67.734,7435.100098
2016-01-20,502.274994,20624706,0.373593073593,0.20845959596,67.958,7309.299805
2016-01-21,492.100006,14523544,0.7,0.233333333333,67.799,7276.799805
2016-01-22,502.075012,10826910,0.0,0.0,67.549,7422.450195
2016-01-25,501.975006,5988680,0.0,0.0,67.755,7436.149902
2016-01-27,499.674988,7886590,0.0,0.0,68.144,7437.75
2016-01-28,508.450012,10548946,0.0,0.0,68.053,7424.649902
2016-01-29,517.700012,8767154,0.0,0.0,67.878,7563.549805
2016-02-01,515.150024,4534546,0.0,0.0,67.835,7555.950195
2016-02-02,500.575012,6752932,0.0,0.0,67.975,7455.549805
2016-02-03,490.700012,7173616,0.0,0.0,67.934,7361.799805
2016-02-04,486.524994,8322158,0.0,0.0,67.544,7404.0
2016-02-05,485.450012,9599764,0.0,0.0,67.81,7489.100098
2016-02-08,480.524994,5521706,0.0,0.0,68.034,7387.25
2016-02-09,478.75,8962058,0.0,0.0,67.901,7298.200195
2016-02-10,481.325012,7718500,0.0,0.0,67.861,7215.700195
2016-02-11,462.274994,7824326,0.0,0.0,68.471,6976.350098
2016-02-12,453.274994,13403870,0.0,0.0,68.118,6980.950195
2016-02-15,473.375,8815778,0.0,0.0,68.131,7162.950195
2016-02-16,465.274994,5954526,-0.0875,-0.04375,68.474,7048.25
2016-02-17,476.299988,7059664,0.0,0.0,68.329,7108.450195
2016-02-18,470.049988,6598322,0.0,0.0,68.542,7191.75
2016-02-19,472.174988,4679328,0.25,0.1,68.545,7210.75
2016-02-22,481.149994,5838396,0.0,0.0,68.533,7234.549805
2016-02-23,474.825012,8681492,0.0,0.0,68.561,7109.549805
2016-02-24,476.325012,6942622,0.0,0.0,68.431,7018.700195
2016-02-25,472.049988,11350050,0.0,0.0,68.768,6970.600098
2016-02-26,475.174988,3817066,0.0,0.0,68.737,7029.75
2016-02-29,483.325012,14186948,0.0,0.0,68.208,6987.049805
2016-03-01,490.649994,7521846,0.0,0.0,67.753,7222.299805
2016-03-02,500.75,9191772,0.0,0.0,67.395,7368.850098
2016-03-03,506.424988,7260012,0.0,0.0,67.122,7475.600098
2016-03-04,503.200012,4108856,0.0,0.0,66.938,7485.350098
2016-03-08,513.5,6045108,0.0,0.0,67.313,7485.299805
2016-03-09,520.849976,5419662,0.0,0.0,67.128,7531.799805
2016-03-10,505.875,9466248,0.1,0.025,67.302,7486.149902
2016-03-11,507.25,7003352,0.0,0.0,66.921,7510.200195
2016-03-14,509.875,5431180,0.0,0.0,67.138,7538.75
2016-03-15,510.25,4794664,0.0,0.0,67.372,7460.600098
2016-03-16,510.875,5058148,0.0,0.0,67.173,7498.75
2016-03-17,508.0,7695480,0.0,0.0,66.619,7512.549805
2016-03-18,513.599976,6414492,0.0,0.0,66.384,7604.350098
2016-03-21,518.650024,5809704,0.0,0.0,66.5,7704.25
2016-03-22,523.924988,7009934,0.0,0.0,66.755,7714.899902
2016-03-23,514.599976,7683308,0.0,0.0,66.93,7716.5
2016-03-28,510.200012,8261106,0.0,0.0,66.608,7615.100098
2016-03-29,518.125,7255802,0.0,0.0,66.375,7597.0
2016-03-30,523.525024,6607560,0.55,0.122222222222,66.375,7735.200195
2016-03-31,522.599976,14095970,0.0,0.0,66.255,7738.399902
2016-04-01,517.224976,5660230,0.0,0.0,66.365,7713.049805
2016-04-04,517.525024,3946520,0.0,0.0,66.106,7758.799805
2016-04-05,513.474976,4690296,0.0,0.0,66.422,7603.200195
2016-04-06,516.875,3195950,0.0,0.0,66.517,7614.350098
2016-04-07,518.625,4018110,0.0,0.0,66.757,7546.450195
2016-04-08,518.174988,6131402,0.0,0.0,66.551,7555.200195
2016-04-11,520.150024,4712636,0.0,0.0,66.287,7671.399902
2016-04-12,523.700012,5104198,0.0,0.0,66.283,7708.950195
2016-04-13,533.025024,7332282,0.0,0.0,66.496,7850.450195
2016-04-18,532.375,8716204,-0.7,-0.233333333333,66.416,7914.700195
2016-04-20,518.650024,9914994,0.0,0.0,66.166,7914.75
2016-04-21,520.575012,5202872,0.0,0.0,66.489,7912.049805
2016-04-22,519.474976,5351172,0.0,0.0,66.66,7899.299805
2016-04-25,508.450012,27959172,0.25,0.1,66.685,7855.049805
2016-04-26,508.475006,12082558,0.0,0.0,66.404,7962.649902
2016-04-27,509.700012,6630120,0.0,0.0,66.362,7979.899902
2016-04-28,498.350006,28321014,0.0,0.0,66.401,7847.25
2016-04-29,491.350006,10734120,0.0,0.0,66.425,7849.799805
2016-05-02,493.475006,4855506,0.0,0.0,66.346,7805.899902
2016-05-03,487.899994,8033248,0.0,0.0,66.558,7747.0
2016-05-04,489.049988,6192906,0.0,0.0,66.627,7706.549805
2016-05-05,487.625,9904822,0.0,0.0,66.558,7735.5
2016-05-06,484.475006,6742440,0.0,0.0,66.6,7733.450195
2016-05-09,491.549988,7016176,0.0,0.0,66.752,7866.049805
2016-05-10,491.274994,3313680,0.0,0.0,66.631,7887.799805
2016-05-11,487.700012,5641398,0.0,0.0,66.561,7848.850098
2016-05-12,496.399994,5845428,0.0,0.0,66.757,7900.399902
2016-05-13,489.075012,6696706,0.0,0.0,66.855,7814.899902
2016-05-16,487.975006,4264144,0.0,0.0,66.844,7860.75
2016-05-17,484.575012,5558046,0.0,0.0,66.825,7890.75
2016-05-18,485.274994,3761948,0.0,0.0,67.14,7870.149902
2016-05-19,475.600006,4176116,0.0,0.0,67.436,7783.399902
2016-05-20,467.100006,8477976,0.0,0.0,67.408,7749.700195
2016-05-23,465.0,8396196,0.0,0.0,67.409,7731.049805
2016-05-24,470.225006,5615474,0.0,0.0,67.63,7748.850098
2016-05-25,475.600006,4224270,0.0,0.0,67.273,7934.899902
2016-05-26,473.424988,6487202,0.0,0.0,66.927,8069.649902
2016-05-27,487.350006,6126758,0.0,0.0,67.031,8156.649902
2016-05-30,484.350006,4404182,0.0,0.0,67.171,8178.5
2016-05-31,478.924988,10666938,0.0,0.0,67.209,8160.100098
2016-06-01,476.799988,4134068,0.0,0.0,67.434,8179.950195
2016-06-02,478.125,4687704,0.0,0.0,67.268,8218.950195
2016-06-03,479.825012,3951424,0.0,0.0,67.0,8220.799805
2016-06-06,477.399994,3964932,0.0,0.0,66.79,8201.049805
2016-06-07,477.524994,8665254,0.0,0.0,66.658,8266.450195
2016-06-08,477.049988,5547950,0.0,0.0,66.5,8273.049805
2016-06-09,485.575012,7151680,0.0,0.0,66.753,8203.599609
2016-06-10,488.350006,7459474,0.0,0.0,66.952,8170.049805
2016-06-13,490.549988,4669712,0.0,0.0,67.187,8110.600098
2016-06-14,488.125,4994016,0.0,0.0,67.292,8108.850098
2016-06-15,492.299988,5087842,0.0,0.0,67.079,8206.599609
2016-06-16,488.149994,4284658,0.0,0.0,67.315,8140.75
2016-06-17,487.450012,4816192,0.0,0.0,67.074,8170.200195
2016-06-20,495.100006,4918474,0.0,0.0,67.551,8238.5
2016-06-21,493.549988,6369730,-0.05,-0.0125,67.624,8219.900391
2016-06-22,490.25,5846568,0.0,0.0,67.449,8203.700195
2016-06-23,490.225006,4497386,0.0,0.0,67.279,8270.450195
2016-06-24,475.725006,11422346,0.0,0.0,67.885,8088.600098
2016-06-27,477.825012,4189198,0.0,0.0,67.914,8094.700195
2016-06-28,478.899994,3476740,0.0,0.0,67.715,8127.850098
2016-06-29,483.450012,3439714,0.0,0.0,67.422,8204.0
2016-06-30,484.575012,5832658,0.0,0.0,67.504,8287.75
2016-07-01,486.725006,3021958,0.0,0.0,67.19,8328.349609
2016-07-04,493.350006,3567500,0.0,0.0,67.265,8370.700195
2016-07-05,496.549988,5193356,0.5,0.166666666667,67.434,8335.950195
2016-07-07,493.950012,5499296,0.0,0.0,67.495,8337.900391
2016-07-08,489.200012,3264450,0.0,0.0,67.139,8323.200195
2016-07-11,496.25,3779212,0.0,0.0,67.138,8467.900391
2016-07-12,501.700012,4465370,0.0,0.0,66.975,8521.049805
2016-07-13,504.375,6818772,0.0,0.0,67.016,8519.5
2016-07-14,502.450012,4918366,-0.025,-0.00625,66.843,8565.0
2016-07-15,506.100006,6397124,0.0,0.0,67.141,8541.400391
2016-07-18,503.125,14678172,0.0547619047619,0.0205357142857,67.137,8508.700195
2016-07-19,508.899994,7611500,0.0,0.0,67.204,8528.549805
2016-07-20,511.5,5607290,0.0,0.0,67.163,8565.849609
2016-07-21,503.174988,3068088,0.0,0.0,67.153,8510.099609
2016-07-22,507.424988,3154228,0.0,0.0,67.154,8541.200195
2016-07-25,511.375,3767768,0.0,0.0,67.412,8635.650391
2016-07-26,512.025024,4807744,0.0,0.0,67.321,8590.650391
2016-07-27,506.549988,5042896,0.0,0.0,67.072,8615.799805
2016-07-28,513.174988,7136750,0.0,0.0,67.014,8666.299805
2016-07-29,507.450012,4402328,0.0,0.0,66.655,8638.5
2016-08-01,504.75,3647388,0.0,0.0,66.764,8636.549805
2016-08-02,506.399994,3524816,0.0,0.0,66.682,8622.900391
2016-08-03,496.975006,5427608,0.0,0.0,66.767,8544.849609
2016-08-04,496.5,4657432,0.0,0.0,66.84,8551.099609
2016-08-05,508.125,5535828,0.0,0.0,66.842,8683.150391
2016-08-08,514.625,6197506,0.0,0.0,66.81,8711.349609
2016-08-09,515.349976,6076092,0.0,0.0,66.774,8678.25
2016-08-10,501.825012,6158926,0.0,0.0,66.765,8575.299805
2016-08-11,507.049988,6477798,0.0,0.0,66.75,8592.150391
2016-08-12,517.900024,7481722,0.0,0.0,66.908,8592.150391
2016-08-16,512.450012,6111206,0.0,0.0,66.87,8642.549805
2016-08-17,506.649994,7079940,0.0,0.0,66.893,8624.049805
2016-08-18,509.024994,3542898,0.0,0.0,66.83,8673.25
2016-08-19,507.450012,3738616,0.0,0.0,67.137,8666.900391
2016-08-22,505.924988,3055808,0.0,0.0,67.202,8629.150391
2016-08-23,505.225006,3346656,0.0,0.0,67.122,8632.599609
2016-08-24,510.25,3986306,0.4,0.133333333333,67.167,8650.299805
2016-08-25,506.350006,6839550,0.0,0.0,67.016,8592.200195
2016-08-26,513.950012,4406930,0.0,0.0,67.136,8572.549805
2016-08-29,528.724976,7402990,0.1,0.0428571428571,67.113,8607.450195
2016-08-30,533.200012,8307044,0.0,0.0,67.144,8744.349609
2016-08-31,530.0,10649920,0.0,0.0,66.973,8786.200195
2016-09-01,514.599976,19484908,0.205555555556,0.0595238095238,66.801,8774.650391
2016-09-02,506.674988,12857628,0.6,0.075,66.795,8809.650391
2016-09-06,509.950012,5262182,0.0,0.0,66.28,8943.0
2016-09-07,508.825012,5909990,0.0,0.0,66.478,8917.950195
2016-09-08,516.700012,5580392,0.166666666667,0.0416666666667,66.631,8952.5
2016-09-09,522.275024,6980882,0.0,0.0,66.895,8866.700195
2016-09-12,523.25,15399600,0.0,0.0,66.738,8715.599609
2016-09-14,522.375,8505508,0.0,0.0,66.798,8726.599609
2016-09-15,532.5,14341770,0.0,0.0,66.86,8742.549805
2016-09-16,537.775024,17977852,0.0,0.0,67.075,8779.849609
2016-09-19,541.200012,7624648,0.0,0.0,66.98,8808.400391
2016-09-20,537.099976,5271708,0.0,0.0,66.985,8775.900391
2016-09-21,536.125,5002952,0.0,0.0,66.744,8777.150391
2016-09-22,544.474976,8577088,0.0,0.0,66.633,8867.450195
2016-09-23,551.400024,14211450,0.5,0.125,66.707,8831.549805
2016-09-26,553.599976,17469886,0.266666666667,0.05,66.613,8723.049805
2016-09-27,555.25,8857386,0.0,0.0,66.425,8706.400391
2016-09-28,545.325012,11346976,0.0,0.0,66.349,8745.150391
2016-09-29,536.224976,9719492,0.0,0.0,66.812,8591.25
2016-09-30,541.849976,5120210,0.0,0.0,66.556,8611.150391
2016-10-03,545.349976,8286218,0.0,0.0,66.546,8738.099609
2016-10-04,548.174988,5995088,1.0,0.2,66.609,8769.150391
2016-10-05,544.700012,4932794,0.0,0.0,66.572,8743.950195
2016-10-06,555.400024,9651260,0.0,0.0,66.697,8709.549805
2016-10-07,554.5,6985676,0.0,0.0,66.602,8697.599609
2016-10-10,548.174988,5281946,0.0,0.0,66.492,8708.799805
2016-10-13,528.575012,10029334,0.0,0.0,66.794,8573.349609
2016-10-14,538.825012,6978946,0.0,0.0,66.717,8583.400391
2016-10-17,530.325012,4492474,0.0,0.0,66.789,8520.400391
2016-10-18,540.549988,5062266,0.0,0.0,66.733,8677.900391
2016-10-19,543.674988,7805312,-0.155555555556,-0.0518518518519,66.645,8659.099609
2016-10-20,543.775024,4629042,0.0,0.0,66.83,8699.400391
2016-10-21,532.099976,19936484,0.266666666667,0.04,66.926,8693.049805
2016-10-24,531.650024,4806198,0.0,0.0,66.845,8708.950195
2016-10-25,530.424988,3501422,0.0,0.0,66.806,8691.299805
2016-10-26,527.025024,5004110,0.157142857143,0.0785714285714,66.863,8615.25
2016-10-27,524.349976,5871148,0.0,0.0,66.881,8615.25
2016-10-28,527.474976,3715834,0.0,0.0,66.778,8638.0
2016-11-01,525.5,4674022,0.0,0.0,66.696,8626.25
2016-11-02,511.875,3218450,0.0,0.0,66.762,8514.0
2016-11-03,511.975006,3342742,0.0,0.0,66.668,8484.950195
2016-11-04,502.774994,5273822,0.0,0.0,66.796,8433.75
2016-11-07,500.575012,4345842,0.0,0.0,66.745,8497.049805
2016-11-08,501.75,6140692,0.0,0.0,66.246,8543.549805
2016-11-09,502.299988,9893146,0.0,0.0,66.515,8432.0
2016-11-10,505.200012,4463814,0.0,0.0,66.865,8525.75
2016-11-11,500.875,6754784,0.0,0.0,67.565,8296.299805
2016-11-15,492.700012,6623184,0.0,0.0,67.786,8108.450195
2016-11-16,493.274994,7566452,0.0,0.0,67.999,8111.600098
2016-11-17,488.875,5773270,0.0,0.0,68.023,8079.950195
2016-11-18,493.75,8303856,0.0,0.0,68.191,8074.100098
2016-11-21,495.75,6049424,0.0,0.0,68.228,7929.100098
2016-11-22,500.725006,8067320,0.0,0.0,68.396,8002.299805
2016-11-23,504.5,5992496,0.0,0.0,68.784,8033.299805
2016-11-24,493.674988,8646750,0.0,0.0,68.761,7965.5
2016-11-25,496.850006,4779658,0.0,0.0,68.519,8114.299805
2016-11-28,493.325012,3800322,0.0,0.0,68.579,8126.899902
2016-11-29,498.850006,4519218,0.0,0.0,68.615,8142.149902
2016-11-30,495.024994,12616008,0.0,0.0,68.598,8224.5
2016-12-01,498.875,5773026,0.285511363636,0.140625,68.236,8192.900391
2016-12-02,497.375,5706090,0.0,0.0,68.031,8086.799805
2016-12-05,496.924988,1822820,0.0,0.0,68.025,8128.75
2016-12-06,502.600006,3075070,0.0,0.0,67.742,8143.149902
2016-12-07,499.575012,2254226,0.0,0.0,67.438,8102.049805
2016-12-08,510.024994,4000460,0.0,0.0,67.546,8246.849609
2016-12-09,514.474976,3766666,0.0,0.0,67.47,8261.75
2016-12-12,513.599976,4125400,0.0,0.0,67.431,8170.799805
2016-12-13,519.900024,4738906,0.0,0.0,67.411,8221.799805
2016-12-14,529.75,11035658,0.0666666666667,0.05625,67.475,8182.450195
2016-12-15,526.474976,8837934,0.227272727273,0.0454545454545,67.857,8153.600098
2016-12-16,528.575012,6831074,0.0,0.0,67.855,8139.450195
2016-12-19,531.275024,6861900,0.0,0.0,67.844,8104.350098
2016-12-20,528.950012,5343438,0.0,0.0,67.917,8082.399902
2016-12-21,531.625,9311516,0.0,0.0,67.837,8061.299805
2016-12-22,526.674988,13208832,0.0,0.0,67.848,7979.100098
2016-12-23,528.650024,4692828,0.0,0.0,67.837,7985.75
2016-12-26,523.724976,7004598,0.0,0.0,67.76,7908.25
2016-12-27,532.349976,7974284,0.0,0.0,67.978,8032.850098
2016-12-28,524.849976,4405854,-0.2,-0.05,68.233,8034.850098
2016-12-29,532.724976,4010412,0.0,0.0,67.936,8103.600098
2016-12-30,541.200012,7182986,0.0,0.0,67.955,8185.799805
2017-01-02,542.549988,3244916,0.0,0.0,68.145,8179.5
2017-01-03,544.700012,2941502,0.0,0.0,68.26,8192.25
2017-01-04,533.575012,4751094,0.0,0.0,67.886,8190.5
2017-01-05,538.700012,3992966,0.0,0.0,67.743,8273.799805
2017-01-06,537.474976,3586854,0.0,0.0,68.115,8243.799805
2017-01-09,538.849976,2390514,0.0,0.0,68.1,8236.049805
2017-01-10,544.924988,5188800,0.0,0.0,68.327,8288.599609
2017-01-11,543.025024,5246422,0.0,0.0,68.312,8380.650391
2017-01-12,541.650024,1998728,0.0,0.0,68.141,8407.200195
2017-01-13,545.200012,3307338,0.0,0.0,68.18,8400.349609
2017-01-16,538.125,5492010,0.0,0.0,68.103,8412.799805
2017-01-17,520.625,17936580,0.113636363636,0.0252525252525,67.862,8398.0
2017-01-18,516.275024,7254142,0.0,0.0,68.22,8417.0
2017-01-19,516.849976,6987456,0.0,0.0,68.1,8435.099609
2017-01-20,512.900024,4016164,0.0,0.0,68.075,8349.349609
2017-01-23,507.950012,6267066,0.0,0.0,68.051,8391.5
2017-01-24,513.650024,4306182,0.0,0.0,68.138,8475.799805
2017-01-25,508.649994,10906460,0.0,0.0,67.988,8602.75
2017-01-27,512.549988,9994478,0.0,0.0,68.105,8641.25
2017-01-30,522.400024,7167512,0.0,0.0,67.829,8632.75
2017-01-31,522.599976,6914730,0.0,0.0,67.515,8561.299805
2017-02-01,524.825012,5171596,0.0,0.0,67.415,8716.400391
2017-02-02,521.75,4159816,0.0,0.0,67.21,8734.25
2017-02-03,516.825012,6043502,0.0,0.0,67.184,8740.950195
2017-02-06,520.825012,4567964,0.0,0.0,67.195,8801.049805
2017-02-07,515.450012,4528490,0.0,0.0,67.35,8768.299805
2017-02-08,512.575012,7420188,0.0,0.0,67.05,8769.049805
2017-02-09,516.375,4508432,0.0,0.0,66.765,8778.400391
2017-02-10,515.075012,5723062,0.0,0.0,66.854,8793.549805
2017-02-13,514.924988,3915976,0.0,0.0,66.975,8805.049805
2017-02-14,524.900024,8340828,0.0,0.0,66.835,8792.299805
2017-02-15,525.650024,6965690,0.0,0.0,66.875,8724.700195
2017-02-16,533.75,8985694,0.0681818181818,0.0113636363636,67.08,8778.0
2017-02-17,537.75,6787712,0.0,0.0,67.08,8821.700195
2017-02-20,537.700012,5326254,0.0,0.0,66.905,8879.200195
2017-02-21,544.099976,6485580,0.0,0.0,66.985,8907.849609
2017-02-22,603.75,58207852,0.166666666667,0.0357142857143,66.95,8926.900391
2017-02-23,591.375,28458468,0.1,0.0107142857143,66.69,8939.5
2017-02-27,619.450012,38137822,0.25,0.0833333333333,66.7,8896.700195
2017-02-28,619.025024,16509062,-0.2,-0.05,66.725,8879.599609
2017-03-01,617.25,11148306,0.0,0.0,66.865,8945.799805
2017-03-02,618.375,8258066,0.0,0.0,66.785,8899.75
2017-03-03,629.275024,38541702,0.5,0.0714285714286,66.78,8897.549805
2017-03-06,652.674988,30504308,0.0,0.0,66.675,8963.450195
2017-03-07,652.474976,19233700,0.0,0.0,66.625,8946.900391
2017-03-08,645.599976,19812206,0.0,0.0,66.765,8924.299805
2017-03-09,643.375,14215340,0.0,0.0,66.69,8927.0
2017-03-10,640.825012,11331136,0.0,0.0,66.555,8934.549805
2017-03-14,644.75,12693240,0.0,0.0,65.775,9087.0
2017-03-15,652.474976,11021316,0.0,0.0,65.63,9084.799805
2017-03-16,648.825012,7279928,0.0,0.0,65.385,9153.700195
2017-03-17,650.349976,10390152,0.0,0.0,65.475,9160.049805
2017-03-20,640.400024,5883428,0.0,0.0,65.345,9126.849609
2017-03-21,631.900024,10330214,0.0,0.0,65.344,9121.5
2017-03-22,629.849976,9276676,-0.125,-0.0416666666667,65.455,9030.450195
2017-03-23,636.650024,5398180,0.0,0.0,65.455,9086.299805
2017-03-24,643.375,7443822,0.0,0.0,65.425,9108.0
2017-03-27,625.549988,14836244,0.0,0.0,64.995,9045.200195
2017-03-28,622.875,9923868,0.0,0.0,65.045,9100.799805
2017-03-29,628.325012,8651574,0.0,0.0,64.875,9143.799805
2017-03-30,635.325012,12737718,-0.0666666666667,-0.0222222222222,64.86,9173.75
2017-03-31,660.450012,20751038,0.0,0.0,64.86,9173.75
2017-04-03,687.325012,20520654,-0.208333333333,-0.06875,64.985,9237.849609
2017-04-05,707.5,18434720,0.0,0.0,64.875,9265.150391
2017-04-06,719.25,23142150,0.0,0.0,64.606,9261.950195
2017-04-07,703.299988,14572302,0.0,0.0,64.27,9198.299805
2017-04-10,690.674988,14066282,0.0,0.0,64.605,9181.450195
2017-04-11,686.174988,14743454,0.0,0.0,64.555,9237.0
2017-04-12,677.0,12548430,0.0,0.0,64.69,9203.450195
2017-04-13,682.400024,5812376,0.0,0.0,64.445,9150.799805
2017-04-17,695.924988,5411708,0.0,0.0,64.48,9139.299805
2017-04-18,685.099976,7322166,0.136363636364,0.0272727272727,64.605,9105.150391
2017-04-19,684.400024,5290584,0.0,0.0,64.665,9103.5
2017-04-20,684.775024,3837224,0.0,0.0,64.62,9136.400391
2017-04-21,701.25,13820554,0.0,0.0,64.65,9119.400391
2017-04-24,708.700012,11663462,0.25,0.0833333333333,64.49,9217.950195
2017-04-25,716.400024,16807408,0.183750491932,0.120031746032,64.33,9306.599609
2017-04-26,708.224976,7663550,0.0,0.0,64.13,9351.849609
2017-04-27,704.75,5747310,0.0,0.0,64.115,9342.150391
2017-04-28,697.599976,5416808,0.0,0.0,64.29,9304.049805
2017-05-02,685.275024,8499368,0.0,0.0,64.165,9313.799805
2017-05-03,685.049988,4343098,0.25,0.0833333333333,64.165,9311.950195
2017-05-04,678.974976,6567622,-0.25,-0.0625,64.215,9359.900391
2017-05-05,664.125,7131086,0.0,0.0,64.315,9285.299805
2017-05-08,660.700012,7345170,0.0,0.0,64.36,9314.049805
2017-05-09,665.174988,9649022,0.0,0.0,64.68,9316.849609
2017-05-10,679.549988,10471864,0.0,0.0,64.615,9407.299805
2017-05-11,679.775024,6301512,0.0,0.0,64.405,9422.400391
2017-05-12,675.224976,3439458,0.0,0.0,64.243,9400.900391
2017-05-15,672.049988,3080426,0.0,0.0,64.065,9445.400391
2017-05-16,678.150024,5785894,0.0,0.0,64.045,9512.25
2017-05-17,676.549988,4500608,0.0,0.0,64.13,9525.75
2017-05-18,663.674988,4475832,0.0,0.0,64.88,9429.450195
2017-05-19,659.424988,5857766,0.0,0.0,64.565,9427.900391
2017-05-22,662.075012,4023718,0.0,0.0,64.51,9438.25
2017-05-23,652.775024,4216446,0.0,0.0,64.895,9386.150391
2017-05-24,648.849976,6549608,0.0,0.0,64.77,9360.549805
2017-05-25,651.224976,11850670,0.0,0.0,64.555,9509.75
2017-05-26,668.650024,9797278,0.0,0.0,64.51,9595.099609
2017-05-29,678.450012,10982340,0.0,0.0,64.54,9604.900391
2017-05-30,679.674988,4415454,0.0,0.0,64.635,9624.549805
2017-05-31,670.349976,7508198,0.0,0.0,64.51,9621.25
2017-06-01,664.125,4358656,0.0,0.0,64.478,9616.099609
2017-06-02,662.375,5255130,0.0,0.0,64.415,9653.5
2017-06-05,664.674988,4953412,0.0,0.0,64.35,9675.099609
2017-06-06,656.400024,4384712,0.0,0.0,64.43,9637.150391
2017-06-07,669.5,5119908,0.0,0.0,64.435,9663.900391
2017-06-08,665.849976,3613042,0.0,0.0,64.25,9647.25
2017-06-09,667.849976,6325604,0.0,0.0,64.245,9668.25
2017-06-12,659.724976,3855026,0.0,0.0,64.48,9616.400391
2017-06-13,657.174988,2754582,0.0,0.0,64.345,9606.900391
2017-06-14,678.75,24202054,0.0,0.0,64.235,9618.150391
2017-06-15,691.974976,12933608,0.423232323232,0.181385281385,64.565,9578.049805
2017-06-16,694.400024,14954314,0.214285714286,0.0428571428571,64.465,9588.049805
2017-06-19,704.625,6965824,0.0,0.0,64.495,9657.549805
2017-06-20,706.174988,4636798,0.0,0.0,64.54,9653.5
2017-06-21,711.0,9139886,0.0,0.0,64.53,9633.599609
2017-06-22,716.325012,10111884,0.0,0.0,64.605,9630.0
2017-06-23,717.924988,14237664,0.0,0.0,64.505,9574.950195
2017-06-27,718.575012,14899756,0.0,0.0,64.475,9511.400391
2017-06-28,699.25,7117076,0.0,0.0,64.525,9491.25
2017-06-29,696.349976,5896644,0.0,0.0,64.66,9504.099609
2017-06-30,690.0,3572422,0.136363636364,0.0454545454545,64.62,9520.900391
2017-07-03,690.525024,4203772,0.0,0.0,64.845,9615.0
2017-07-04,710.974976,8602400,0.0,0.0,64.79,9613.299805
2017-07-05,721.325012,12439044,0.0,0.0,64.8,9637.599609
2017-07-06,721.275024,6213034,0.0,0.0,64.725,9674.549805
2017-07-07,745.575012,16387270,0.0,0.0,64.625,9665.799805
2017-07-10,746.424988,1602158,0.0,0.0,64.475,9771.049805
2017-07-11,747.174988,9598458,0.0,0.0,64.565,9786.049805
2017-07-12,755.549988,7819594,0.0,0.0,64.475,9816.099609
2017-07-13,761.049988,10519518,0.0,0.0,64.46,9891.700195
2017-07-14,766.875,9386022,0.0,0.0,64.424,9886.349609
2017-07-17,775.875,8571618,0.0,0.0,64.345,9915.950195
2017-07-18,759.950012,8978824,0.0,0.0,64.316,9827.150391
2017-07-19,766.474976,5390082,0.0,0.0,64.27,9899.599609
2017-07-20,764.450012,6229372,0.0,0.0,64.375,9873.299805
2017-07-21,792.5,44410224,0.0517857142857,-0.00892857142857,64.385,9915.25
2017-07-24,807.625,19854458,0.0,0.0,64.395,9966.400391
2017-07-25,801.075012,9172158,0.0,0.0,64.385,9964.549805
2017-07-26,811.375,10036778,0.0625,0.015625,64.355,10020.650391
2017-07-27,797.400024,8416142,0.0,0.0,64.125,10020.549805
2017-07-28,797.224976,6552046,0.0,0.0,64.115,10014.5
2017-07-31,807.599976,7574068,0.0,0.0,64.2,10077.099609
2017-08-01,801.799988,5628596,0.0,0.0,64.095,10114.650391
2017-08-02,814.599976,9502770,0.0,0.0,63.635,10081.5
2017-08-03,825.049988,9009552,0.0,0.0,63.705,10013.650391
2017-08-04,811.075012,8494090,0.0,0.0,63.675,10066.400391
2017-08-07,808.174988,4360036,0.0,0.0,63.84,10057.400391
2017-08-08,801.275024,5011136,0.0,0.0,63.692,9978.549805
2017-08-09,799.400024,4771286,0.0,0.0,63.86,9908.049805
2017-08-10,792.174988,4657686,0.0,0.0,64.095,9820.25
2017-08-11,773.125,7770128,0.0,0.0,64.14,9710.799805
2017-08-14,786.525024,6144598,0.0,0.0,64.09,9794.150391
2017-08-16,783.049988,6206788,0.0,0.0,64.17,9897.299805
2017-08-17,783.549988,7236358,0.0,0.0,64.17,9904.150391
2017-08-18,787.700012,3628022,0.0,0.0,64.095,9837.400391
2017-08-21,782.200012,3462376,0.0,0.0,64.11,9754.349609
2017-08-22,780.025024,4358460,0.0,0.0,64.073,9765.549805
2017-08-23,791.025024,3803648,0.0,0.0,64.045,9852.5
2017-08-24,784.025024,5785142,0.0,0.0,64.045,9857.049805
2017-08-28,783.275024,5630656,0.0,0.0,63.905,9912.799805
2017-08-29,766.075012,6932842,0.0,0.0,64.015,9796.049805
2017-08-30,782.049988,4724774,0.0,0.0,63.99,9884.400391
2017-08-31,797.25,11476990,0.0,0.0,63.935,9917.900391
2017-09-01,805.049988,7054954,0.0,0.0,64.025,9974.400391
2017-09-04,806.674988,9856750,0.0,0.0,64.04,9912.849609
2017-09-05,816.299988,11528262,0.0,0.0,64.105,9952.200195
2017-09-06,822.700012,22285024,0.0,0.0,64.06,9916.200195
2017-09-07,818.099976,7408536,0.0,0.0,64.015,9929.900391
2017-09-08,816.900024,6056729,0.0,0.0,63.785,9934.799805
2017-09-11,817.900024,5801712,0.0,0.0,63.935,10006.049805
2017-09-12,823.75,2971669,0.0,0.0,64.031,10093.049805
2017-09-13,849.0,13430225,0.0,0.0,64.01,10079.299805
2017-09-14,843.849976,5425486,0.0,0.0,64.123,10086.599609
2017-09-15,841.799988,13072853,0.0,0.0,64.11,10085.400391
2017-09-18,845.549988,2314174,0.0,0.0,64.158,10153.099609
2017-09-19,838.599976,3528729,0.0,0.0,64.3,10147.549805
2017-09-20,847.150024,11402965,0.0,0.0,64.293,10141.150391
2017-09-21,841.349976,5920552,0.0,0.0,64.81,10121.900391
2017-09-22,817.400024,5620443,0.0,0.0,64.795,9964.400391
2017-09-25,821.549988,6505309,0.0,0.0,65.127,9872.599609
2017-09-26,820.099976,4829571,0.0,0.0,65.46,9871.5
2017-09-27,799.150024,8434196,0.159090909091,0.0530303030303,65.715,9735.75
2017-09-28,786.450012,13508179,0.0,0.0,65.47,9768.950195
2017-09-29,780.900024,7619230,0.0,0.0,65.31,9788.599609
2017-10-03,798.349976,8387059,0.0,0.0,65.485,9859.5
2017-10-04,818.849976,8643924,0.0,0.0,65.03,9914.900391
2017-10-05,824.150024,4860479,0.0,0.0,65.145,9888.700195
2017-10-06,837.049988,5942106,0.0,0.0,65.4,9979.700195
2017-10-09,830.650024,4046109,0.0,0.0,65.355,9988.75
2017-10-10,843.200012,6734986,0.5,0.166666666667,65.25,10016.950195
2017-10-11,840.150024,7049800,0.0,0.0,65.16,9984.799805
2017-10-12,872.75,8522926,0.0,0.0,65.06,10096.400391
2017-10-13,876.450012,9833512,0.0,0.0,64.7,10167.450195
2017-10-16,876.799988,14633539,0.218181818182,0.0545454545455,64.7,10230.849609
2017-10-17,874.349976,6354084,0.363636363636,0.121212121212,65.03,10234.450195
2017-10-18,914.5,16765178,0.0,0.0,65.055,10210.849609
2017-10-19,909.900024,3664082,0.0,0.0,64.995,10146.549805
2017-10-23,939.75,12551649,0.0,0.0,65.022,10184.849609
2017-10-24,934.25,6335308,0.0,0.0,65.09,10207.700195
2017-10-25,939.900024,4577050,0.0,0.0,64.925,10295.349609
2017-10-26,947.400024,7698704,0.5,0.166666666667,64.84,10343.799805
2017-10-27,929.849976,5256749,0.0,0.0,65.04,10323.049805
2017-10-30,942.5,3576533,0.0,0.0,64.86,10363.650391
2017-10-31,940.849976,4345360,0.0,0.0,64.75,10335.299805
2017-11-01,952.549988,8033040,0.0,0.0,64.565,10440.5
2017-11-02,946.599976,4698609,1.0,0.333333333333,64.575,10423.799805
2017-11-03,945.299988,2193730,0.0,0.0,64.56,10452.5
2017-11-06,932.5,4460799,0.0,0.0,64.625,10451.799805
2017-11-07,906.700012,9347943,0.0,0.0,65.06,10350.150391
2017-11-08,887.799988,8115980,0.0,0.0,64.92,10303.150391
2017-11-09,900.5,6860798,0.0,0.0,64.975,10308.950195
2017-11-10,883.849976,6365174,0.0,0.0,65.19,10321.75
2017-11-13,875.25,4155011,0.0,0.0,65.44,10224.950195
2017-11-14,886.700012,5706105,0.0,0.0,65.41,10186.599609
2017-11-15,883.700012,6981872,0.0,0.0,65.27,10118.049805
2017-11-16,903.849976,6931038,0.0,0.0,65.295,10214.75
2017-11-17,911.900024,5586242,0.0,0.0,65.015,10283.599609
2017-11-20,920.849976,4220192,0.0,0.0,65.1,10298.75
2017-11-21,932.549988,5980763,0.5,0.125,64.88,10326.900391
2017-11-22,930.75,5055490,0.0,0.0,64.88,10342.299805
2017-11-23,947.0,7329126,0.0,0.0,64.57,10348.75
2017-11-24,951.099976,6394443,0.0714285714286,0.0267857142857,64.68,10389.700195
2017-11-27,951.349976,4680074,0.0,0.0,64.478,10399.549805
2017-11-28,943.349976,4641893,0.0,0.0,64.41,10370.25
2017-11-29,946.0,3674864,0.0,0.0,64.36,10361.299805
2017-11-30,921.549988,9434893,0.0,0.0,64.49,10226.549805
2017-12-01,910.099976,5081389,0.0,0.0,64.52,10121.799805
2017-12-04,901.599976,4618847,0.0,0.0,64.38,10127.75
2017-12-05,913.700012,8369174,0.0,0.0,64.36,10118.25
2017-12-06,926.650024,11007689,0.0,0.0,64.53,10044.099609
2017-12-07,931.549988,5529565,0.0,0.0,64.57,10166.700195
2017-12-08,921.0,5588486,0.0,0.0,64.48,10265.650391
2017-12-11,916.150024,4933853,0.0,0.0,64.355,10322.25
2017-12-12,915.599976,7215014,0.0,0.0,64.41,10240.150391
2017-12-13,914.650024,4182097,0.0,0.0,64.46,10192.950195
2017-12-14,921.5,5021130,0.0,0.0,64.34,10252.099609
2017-12-15,919.75,11158706,0.0,0.0,64.08,10333.25
2017-12-18,921.0,8494801,0.0,0.0,64.21,10388.75
2017-12-19,925.950012,4064982,0.0,0.0,64.06,10463.200195
2017-12-20,918.150024,4774414,0.0,0.0,64.115,10444.200195
2017-12-21,912.950012,4147162,0.0,0.0,64.02,10440.299805
2017-12-22,920.400024,4872675,0.0,0.0,64.02,10493.0
2017-12-26,929.799988,5301456,0.0,0.0,64.05,10531.5
2017-12-27,923.75,4352384,0.0,0.0,64.12,10490.75
2017-12-28,924.200012,7091515,0.0,0.0,64.08,10477.900391
2017-12-29,921.049988,5069838,0.0,0.0,63.84,10530.700195
2018-01-01,909.75,4321686,0.0,0.0,63.68,10530.700195
2018-01-02,911.150024,4342815,0.0,0.0,63.46,10442.200195
2018-01-03,914.799988,6175312,0.0,0.0,63.505,10443.200195
2018-01-04,920.299988,4118581,0.0,0.0,63.4,10504.799805
2018-01-05,923.25,3401905,0.0,0.0,63.34,10558.849609
2018-01-08,928.549988,4035417,0.0,0.0,63.475,10623.599609
2018-01-09,940.950012,6534997,0.0,0.0,63.67,10637.0
2018-01-10,942.349976,5361502,0.0,0.0,63.63,10632.200195
2018-01-11,937.75,3588377,0.0,0.0,63.69,10651.200195
2018-01-12,949.0,6890028,0.0,0.0,63.61,10681.25
2018-01-15,949.150024,5084113,0.0,0.0,63.515,10741.549805
2018-01-16,922.950012,4948895,0.0,0.0,64.02,10700.450195
2018-01-17,924.5,6036432,0.0,0.0,63.885,10788.549805
2018-01-18,919.700012,4289053,0.0,0.0,63.87,10817.0
2018-01-19,931.299988,4559564,0.0,0.0,63.83,10894.700195
2018-01-22,971.5,20892838,0.0,0.0,63.89,10966.200195
2018-01-23,983.25,10298500,0.0,0.0,63.76,11083.700195
2018-01-24,966.349976,6532672,0.0,0.0,63.66,11086.0
2018-01-25,965.900024,6249419,0.0,0.0,63.515,11069.650391
2018-01-29,964.5,4524605,0.0,0.0,63.6,11130.400391
2018-01-30,950.400024,4198139,0.15,0.0375,63.69,11049.650391
2018-01-31,961.299988,5738209,0.0,0.0,63.55,11027.700195
2018-02-01,943.849976,7554587,0.0,0.0,63.98,11016.900391
2018-02-02,904.349976,13242095,0.0,0.0,64.13,10760.599609
2018-02-05,902.150024,8773525,0.0,0.0,64.14,10666.549805
2018-02-06,892.099976,11000567,0.0,0.0,64.23,10498.25
2018-02-07,894.400024,7100838,0.25,0.0833333333333,64.28,10476.700195
2018-02-08,904.549988,6320734,0.0,0.0,64.3,10576.849609
2018-02-09,897.849976,5294279,0.0,0.0,64.375,10454.950195
2018-02-12,915.5,5429792,0.0,0.0,64.28,10539.75
2018-02-14,933.650024,10170959,0.0,0.0,64.1,10500.900391
2018-02-15,935.650024,6109454,0.0,0.0,63.9,10545.5
2018-02-16,921.299988,4401672,0.0,0.0,64.215,10452.299805
2018-02-19,927.0,4087936,0.0,0.0,64.25,10378.400391
2018-02-20,921.099976,3866919,0.0,0.0,64.86,10360.400391
2018-02-21,929.349976,5448230,0.0681818181818,0.0340909090909,64.805,10397.450195
2018-02-22,924.349976,5118850,-0.06875,-0.0171875,64.975,10382.700195
2018-02-23,934.25,4850839,0.0,0.0,64.71,10491.049805
2018-02-26,938.700012,3856478,0.0,0.0,64.77,10582.599609
2018-02-27,950.5,6410097,0.0,0.0,64.92,10554.299805
2018-02-28,954.549988,25898694,0.0,0.0,65.21,10492.849609
2018-03-01,948.400024,4094652,0.0,0.0,65.23,10458.349609
2018-03-05,924.099976,5634893,0.0,0.0,65.025,10358.849609
2018-03-06,910.849976,7323680,0.0,0.0,64.905,10249.25
2018-03-07,889.75,7247708,0.0,0.0,64.88,10154.200195
2018-03-08,911.450012,6072983,0.0,0.0,65.105,10242.650391
2018-03-09,913.099976,4863577,0.0,0.0,65.125,10226.849609
2018-03-12,930.299988,3801407,0.0,0.0,64.985,10421.400391
2018-03-13,931.849976,5096825,0.0,0.0,64.855,10426.849609
2018-03-14,929.049988,6731530,0.0,0.0,64.84,10410.900391
2018-03-15,911.799988,5811424,0.0,0.0,64.99,10360.150391
2018-03-16,900.049988,14087564,0.0,0.0,64.99,10195.150391
2018-03-19,895.5,5774392,0.0,0.0,65.22,10094.25
2018-03-20,889.799988,6945721,0.0,0.0,65.21,10124.349609
2018-03-21,896.900024,6727261,0.0,0.0,65.18,10155.25
2018-03-22,908.150024,10116965,0.0,0.0,65.105,10114.75
2018-03-23,893.900024,10729694,0.0,0.0,64.99,9998.049805
2018-03-26,901.099976,6047262,0.0,0.0,64.825,10130.650391
2018-03-27,899.799988,6939577,0.0,0.0,64.945,10184.150391
2018-03-28,882.700012,8759586,0.0,0.0,65.16,10113.700195
2018-04-02,892.950012,5712065,0.0,0.0,65.13,10211.799805
2018-04-03,899.549988,6364728,0.0,0.0,65.0,10245.0
2018-04-04,894.900024,6498407,0.0,0.0,65.045,10128.400391
2018-04-05,908.200012,3898676,0.0,0.0,64.89,10325.150391
2018-04-06,911.0,4418462,0.0,0.0,64.93,10331.599609
2018-04-09,916.0,3572251,0.0,0.0,64.955,10379.349609
2018-04-10,917.049988,3865402,0.0,0.0,64.95,10402.25
2018-04-11,930.849976,6007539,0.0,0.0,65.26,10417.150391
2018-04-12,928.700012,4947725,0.4,0.16,65.29,10458.650391
2018-04-13,938.849976,5767984,0.0,0.0,65.255,10480.599609
2018-04-16,937.049988,4084450,0.0,0.0,65.47,10528.349609
2018-04-17,944.25,4388713,0.0,0.0,65.68,10548.700195
2018-04-18,938.0,3365196,0.0,0.0,65.72,10526.200195
2018-04-19,942.299988,4481413,0.0,0.0,65.87,10565.299805
2018-04-20,927.900024,3349519,0.0,0.0,66.21,10564.049805
2018-04-23,936.0,3508515,0.0,0.0,66.53,10584.700195
2018-04-24,970.049988,9107264,0.0,0.0,66.41,10614.349609
2018-04-25,970.5,6436620,0.0,0.0,66.92,10570.549805
2018-04-26,975.349976,15588001,0.0,0.0,66.805,10617.799805
2018-04-27,996.299988,11666267,0.0,0.0,66.62,10692.299805
2018-04-30,963.299988,8871802,-0.155555555556,-0.0518518518519,66.46,10739.349609
2018-05-02,972.700012,6117761,0.0,0.0,66.69,10718.049805
2018-05-03,961.599976,3947546,0.0,0.0,66.67,10679.650391
2018-05-04,953.950012,3795692,0.0,0.0,66.82,10618.25
2018-05-07,971.0,3512532,0.0,0.0,67.14,10715.5
2018-05-08,967.099976,4934036,0.0,0.0,67.13,10717.799805
2018-05-09,976.700012,4494423,0.0,0.0,67.35,10741.700195
2018-05-10,981.150024,4014645,0.0,0.0,67.245,10716.549805
2018-05-11,989.25,4011516,0.0,0.0,67.36,10806.5
2018-05-14,986.599976,2579561,0.0,0.0,67.56,10806.599609
2018-05-15,978.950012,4800923,0.0,0.0,68.08,10801.849609
2018-05-16,956.150024,8613363,0.0,0.0,67.775,10741.099609
2018-05-17,945.349976,4733477,0.0,0.0,67.765,10682.700195
2018-05-18,933.849976,5230037,0.0,0.0,67.99,10596.400391
2018-05-21,931.349976,6624893,0.0,0.0,68.115,10516.700195
2018-05-22,926.75,5170585,0.0,0.0,68.02,10536.700195
2018-05-23,912.25,4567562,0.0,0.0,68.37,10430.349609
2018-05-24,915.849976,5317983,0.0,0.0,68.34,10513.849609
2018-05-25,920.799988,8129520,0.0,0.0,67.73,10605.150391
2018-05-28,920.400024,5197835,0.0,0.0,67.4,10688.650391
2018-05-29,917.450012,8173396,0.0,0.0,67.84,10633.299805
2018-05-30,916.099976,5991222,0.0,0.0,67.44,10614.349609
2018-05-31,921.349976,16951801,0.0,0.0,67.43,10736.150391
2018-06-01,930.549988,8765835,0.0,0.0,66.995,10696.200195
2018-06-04,940.849976,5600357,0.0,0.0,67.07,10628.5
2018-06-05,947.650024,7971524,0.0,0.0,67.1,10593.150391
2018-06-06,954.400024,4189483,0.0,0.0,66.84,10684.650391
2018-06-07,971.349976,6857300,0.0,0.0,67.42,10768.349609
2018-06-08,984.349976,6532599,0.0,0.0,67.53,10767.650391
2018-06-11,982.650024,6866053,0.0,0.0,67.47,10786.950195
2018-06-12,997.150024,7445221,0.0,0.0,67.48,10842.849609
2018-06-13,1002.5,5926020,0.0,0.0,67.645,10856.700195
2018-06-14,1007.950012,5484867,0.0,0.0,67.69,10808.049805
2018-06-15,1014.200012,11294702,0.0,0.0,68.06,10817.700195
2018-06-18,1015.549988,5652374,0.0,0.0,68.04,10799.849609
2018-06-19,996.049988,6346101,0.0,0.0,68.31,10710.450195
2018-06-20,1019.25,7193824,0.0,0.0,68.06,10772.049805
2018-06-21,1031.949951,10509756,0.0,0.0,67.945,10741.099609
2018-06-22,1012.5,16169978,0.0,0.0,67.87,10821.849609
2018-06-25,1004.450012,5197694,0.0,0.0,68.115,10762.450195
2018-06-26,978.950012,8068585,0.0,0.0,68.37,10769.150391
2018-06-27,965.849976,8958555,0.0,0.0,68.64,10671.400391
2018-06-28,944.950012,8581234,0.0,0.0,68.84,10589.099609
2018-06-29,972.450012,7966401,0.0,0.0,68.46,10714.299805
2018-07-02,960.599976,6660916,0.0,0.0,68.72,10657.299805
2018-07-03,971.299988,5067261,0.0,0.0,68.55,10699.900391
2018-07-04,990.099976,5000724,0.0,0.0,68.69,10769.900391
2018-07-05,964.5,18719353,0.166666666667,0.05,68.88,10749.75
2018-07-06,977.549988,9161266,0.0,0.0,68.805,10772.650391
2018-07-09,997.099976,5170189,0.0,0.0,68.66,10852.900391
2018-07-10,1025.699951,10444513,0.0,0.0,68.755,10947.25
2018-07-11,1038.800049,8665072,0.0,0.0,68.73,10948.299805
2018-07-12,1082.349976,24109297,0.0,0.0,68.52,11023.200195
2018-07-13,1099.800049,17967282,0.0,0.0,68.5,11018.900391
2018-07-16,1076.199951,6595781,0.0,0.0,68.55,10936.849609
2018-07-17,1092.349976,6469256,0.0,0.0,68.43,11008.049805
2018-07-18,1092.550049,4682099,0.0,0.0,68.625,10980.450195
2018-07-19,1104.849976,5433617,0.0,0.0,69.02,10957.099609
2018-07-20,1128.650024,8018150,0.0,0.0,68.74,11010.200195
2018-07-23,1120.300049,5842496,0.0,0.0,68.845,11084.75
2018-07-24,1110.949951,4469144,0.0,0.0,68.948,11134.299805
2018-07-25,1115.150024,5949680,0.0,0.0,68.73,11132.0
2018-07-26,1110.650024,6424867,0.0,0.0,68.66,11167.299805
2018-07-27,1129.849976,6679468,0.0,0.0,68.605,11278.349609
2018-07-30,1151.400024,13872467,0.0,0.0,68.605,11319.549805
2018-07-31,1186.0,13875377,0.5,0.166666666667,68.46,11356.5
2018-08-01,1192.349976,9704295,0.3,0.1,68.35,11346.200195
2018-08-02,1168.349976,6248975,0.0,0.0,68.625,11244.700195
2018-08-03,1176.949951,6645397,0.0,0.0,68.545,11360.799805
2018-08-06,1192.599976,4016418,0.0,0.0,68.83,11387.099609
2018-08-07,1184.199951,4059460,0.0,0.0,68.63,11389.450195
2018-08-08,1217.699951,7912437,0.0,0.0,68.66,11450.0
2018-08-09,1217.949951,6846928,0.0,0.0,68.76,11470.700195
2018-08-10,1204.199951,3581210,0.0,0.0,68.89,11429.5
2018-08-13,1187.699951,4668159,0.0,0.0,70.02,11355.75
2018-08-14,1210.599976,5299536,0.0,0.0,69.96,11435.099609
2018-08-16,1200.800049,5982490,0.0,0.0,70.09,11385.049805
2018-08-17,1203.75,3830992,0.0,0.0,70.1,11470.75
2018-08-20,1234.900024,7607036,0.0,0.0,69.82,11551.75
2018-08-21,1247.199951,7279641,0.0,0.0,69.86,11570.900391
2018-08-23,1269.449951,7968123,0.0,0.0,70.105,11582.75
2018-08-24,1277.5,6652005,0.0,0.0,69.97,11557.099609
2018-08-27,1291.5,5572177,0.0,0.0,70.165,11691.950195
2018-08-28,1319.0,8694751,0.0,0.0,70.1,11738.5
2018-08-29,1294.199951,11077203,0.0,0.0,70.535,11691.900391
2018-08-30,1274.449951,9850042,0.0,0.0,70.745,11676.799805
2018-08-31,1241.650024,15305857,0.0,0.0,71.005,11680.5
2018-09-03,1229.150024,12200022,0.0,0.0,71.215,11582.349609
2018-09-04,1241.949951,8838770,0.0,0.0,71.585,11520.299805
2018-09-05,1227.0,10324923,0.0,0.0,71.755,11476.950195
2018-09-06,1261.400024,11195043,0.0,0.0,71.95,11536.900391
2018-09-07,1278.599976,10692787,0.0,0.0,71.79,11589.099609
2018-09-10,1255.849976,7059008,0.0,0.0,72.455,11438.099609
2018-09-11,1237.699951,10874768,0.0,0.0,72.64,11287.5
2018-09-12,1252.5,8065553,0.0,0.0,72.16,11369.900391
2018-09-14,1253.150024,7878583,0.0,0.0,71.88,11515.200195
2018-09-17,1225.900024,6754086,0.0,0.0,72.54,11377.75
2018-09-18,1217.150024,7616412,0.0,0.0,72.71,11278.900391
2018-09-19,1210.75,11265786,0.0,0.0,72.36,11234.349609
2018-09-21,1217.5,19070172,0.0,0.0,72.24,11143.099609
2018-09-24,1232.050049,10102589,0.0,0.0,72.67,10967.400391
2018-09-25,1230.599976,9715020,0.0,0.0,72.685,11067.450195
2018-09-26,1251.400024,6396828,0.0,0.0,72.6,11053.799805
2018-09-27,1253.75,10808749,0.0,0.0,72.57,10977.549805
2018-09-28,1257.949951,11073023,0.0,0.0,72.51,10930.450195
2018-10-01,1231.699951,7332693,0.0,0.0,72.925,11008.299805
2018-10-03,1205.099976,7376575,0.0,0.0,73.345,10858.25
2018-10-04,1122.25,23212443,0.2,0.0666666666667,73.63,10599.25
2018-10-05,1048.849976,21943190,0.0,0.0,73.77,10316.450195
2018-10-08,1109.400024,24679428,0.0,0.0,74.065,10348.049805
2018-10-09,1090.050049,10991196,0.0,0.0,74.34,10301.049805
2018-10-10,1102.099976,9502176,0.0,0.0,74.25,10460.099609
2018-10-11,1087.800049,13224172,0.0,0.0,74.05,10234.650391
2018-10-12,1126.550049,9058536,0.0,0.0,73.61,10472.5
2018-10-15,1139.75,8871776,0.0,0.0,73.77,10512.5
2018-10-16,1163.800049,7478601,0.0,0.0,73.465,10584.75
2018-10-17,1151.300049,12785646,0.0,0.0,73.6,10453.049805
2018-10-19,1101.300049,25421229,0.0,0.0,73.375,10303.549805
2018-10-22,1062.650024,13165542,0.0,0.0,73.56,10245.25
2018-10-23,1054.699951,10573730,0.0,0.0,73.55,10146.799805
2018-10-24,1045.75,13655337,0.0,0.0,73.23,10224.75
2018-10-25,1030.800049,14096237,0.3,0.1,73.23,10124.900391
2018-10-26,1044.900024,9182613,0.0,0.0,73.46,10030.0
2018-10-29,1087.800049,7671807,0.0,0.0,73.4,10250.849609
2018-10-30,1057.0,8806701,0.0,0.0,73.68,10198.400391
2018-10-31,1061.25,16457691,0.0,0.0,73.96,10386.599609
2018-11-01,1056.25,9396027,0.0,0.0,73.455,10380.450195
2018-11-02,1074.900024,16796200,0.0,0.0,72.44,10553.0
2018-11-05,1090.300049,7582518,0.0,0.0,73.08,10524.0
2018-11-06,1104.099976,8634266,0.0,0.0,72.955,10530.0
2018-11-07,1110.699951,1283997,0.0,0.0,72.45,10598.400391
2018-11-09,1093.449951,10840462,0.0,0.0,72.48,10585.200195
2018-11-12,1080.0,5801720,0.0,0.0,72.86,10482.200195
2018-11-13,1099.449951,6811587,0.0,0.0,72.615,10582.5
2018-11-14,1097.949951,7787530,0.0,0.0,72.31,10576.299805
2018-11-15,1096.849976,6831740,0.0,0.0,71.915,10616.700195
2018-11-16,1127.400024,11031889,-0.2,-0.0666666666667,71.98,10682.200195
2018-11-19,1150.0,7308981,0.0,0.0,71.61,10763.400391
2018-11-20,1137.400024,5719901,0.25,0.0833333333333,71.43,10656.200195
2018-11-21,1112.900024,7507812,0.0,0.0,71.305,10600.049805
2018-11-22,1102.849976,5792568,0.0,0.0,70.69,10526.75
2018-11-26,1109.75,6386556,0.0,0.0,70.82,10628.599609
2018-11-27,1128.199951,6810228,0.0,0.0,70.785,10685.599609
2018-11-28,1152.650024,8003964,0.0,0.0,70.64,10728.849609
2018-11-29,1168.5,12636169,0.25,0.0833333333333,69.78,10858.700195
2018-11-30,1167.550049,10717448,0.0,0.0,69.65,10876.75
2018-12-03,1156.449951,5569578,0.0,0.0,70.44,10883.75
2018-12-04,1152.300049,5192825,0.0,0.0,70.53,10869.5
2018-12-05,1155.150024,5819618,0.0,0.0,70.56,10782.900391
2018-12-06,1123.650024,5866108,0.0,0.0,70.85,10601.150391
2018-12-07,1133.800049,7214078,0.0,0.0,70.86,10693.700195
2018-12-10,1090.25,9381544,0.0,0.0,72.52,10488.450195
2018-12-11,1097.550049,13494665,0.0,0.0,72.29,10549.150391
2018-12-12,1110.5,12605431,0.0,0.0,71.84,10737.599609
2018-12-13,1107.050049,9297518,0.0,0.0,71.53,10791.549805
2018-12-14,1112.199951,7221324,0.0,0.0,71.92,10805.450195
2018-12-17,1129.900024,5064357,0.0,0.0,71.61,10888.349609
2018-12-18,1136.400024,5870928,0.0,0.0,70.62,10908.700195
2018-12-19,1136.800049,7368799,0.0,0.0,70.278,10967.299805
2018-12-20,1128.449951,5764731,-0.233333333333,-0.0875,69.98,10951.700195
2018-12-21,1100.199951,8281941,0.0,0.0,70.14,10754.0
2018-12-24,1089.150024,4144535,0.0,0.0,70.105,10663.5
2018-12-26,1098.349976,7210059,0.0,0.0,70.07,10729.849609
2018-12-27,1120.199951,12478000,0.0,0.0,70.361,10779.799805
2018-12-28,1125.550049,7666016,0.0,0.0,69.933,10859.900391
2018-12-31,1121.25,7222817,0.0,0.0,69.57,10862.549805
2019-01-01,1121.0,4455850,0.0,0.0,69.453,10862.549805
2019-01-02,1106.400024,7144970,0.0,0.0,70.0,10792.5
2019-01-03,1092.75,7446457,0.0,0.0,70.11,10672.25
2019-01-04,1098.650024,8465141,0.0,0.0,69.55,10727.349609
2019-01-07,1104.75,5513559,0.1,0.0333333333333,69.803,10771.799805
2019-01-08,1104.650024,5625153,0.0,0.0,70.14,10802.150391
2019-01-09,1110.75,5766805,0.0,0.0,70.56,10855.150391
2019-01-10,1107.5,4080283,0.0,0.0,70.42,10821.599609
2019-01-11,1098.050049,6463903,0.0,0.0,70.398,10794.950195
2019-01-14,1096.800049,4111782,0.0,0.0,70.76,10737.599609
2019-01-15,1129.650024,10062875,0.0,0.0,71.1,10886.799805
2019-01-16,1135.900024,6382777,0.0,0.0,70.98,10890.299805
2019-01-17,1134.449951,7487963,0.0,0.0,71.05,10905.200195
2019-01-18,1184.349976,25684142,0.125,0.0277777777778,71.21,10906.950195
2019-01-21,1237.699951,22038534,0.0,0.0,71.188,10961.849609
2019-01-22,1235.150024,16552819,0.0,0.0,71.26,10922.75
2019-01-23,1226.300049,8829502,0.0,0.0,71.19,10831.5
2019-01-24,1247.449951,13155185,0.0,0.0,71.0,10849.799805
2019-01-25,1246.0,8550836,-0.0388888888889,-0.0222222222222,70.9,10780.549805
2019-01-28,1229.550049,8569265,0.0,0.0,71.07,10661.549805
2019-01-29,1210.650024,9328866,0.0,0.0,71.39,10652.200195
2019-01-30,1195.699951,7846940,0.0,0.0,71.235,10651.799805
2019-01-31,1227.150024,10185347,0.0,0.0,70.96,10830.950195
2019-02-01,1249.949951,9228965,0.0,0.0,71.435,10893.650391
2019-02-04,1290.900024,11670570,0.0,0.0,71.71,10912.25
2019-02-05,1291.550049,9362253,-0.0238425925926,-0.0379861111111,71.53,10934.349609
2019-02-06,1310.25,9411585,0.0,0.0,71.55,11062.450195
2019-02-07,1290.400024,9212227,0.0,0.0,71.3,11069.400391
2019-02-08,1277.699951,6505502,0.0,0.0,71.175,10943.599609
2019-02-11,1253.25,7523999,0.0,0.0,71.14,10888.799805
2019-02-12,1256.400024,6399485,0.0,0.0,70.535,10831.400391
2019-02-14,1224.199951,6627360,0.0,0.0,71.02,10746.049805
2019-02-15,1244.449951,9597961,0.0,0.0,71.33,10724.400391
2019-02-18,1220.099976,9649017,0.0,0.0,71.386,10640.950195
2019-02-19,1216.099976,6244189,0.0,0.0,71.3,10604.349609
2019-02-20,1234.349976,6298179,0.0,0.0,71.01,10735.450195
2019-02-21,1246.900024,10580178,0.0,0.0,71.165,10789.849609
2019-02-22,1232.349976,8755865,0.0,0.0,71.035,10791.650391
2019-02-25,1232.300049,7852528,0.0,0.0,70.835,10880.099609
2019-02-26,1220.25,10131050,0.0,0.0,70.96,10835.299805
2019-02-27,1223.5,11113182,0.0,0.0,71.2,10806.650391
2019-02-28,1231.050049,11286916,0.0,0.0,70.84,10792.5
2019-03-01,1226.050049,7922513,0.0,0.0,71.0,10863.5
2019-03-05,1237.650024,7121509,0.0,0.0,70.49,10987.450195
2019-03-06,1264.800049,12038231,0.0,0.0,70.08,11053.0
2019-03-07,1270.25,8109259,0.0,0.0,70.116,11058.200195
2019-03-08,1267.099976,6040052,0.0,0.0,70.011,11035.400391
2019-03-11,1304.099976,9718840,0.0,0.0,69.85,11168.049805
2019-03-12,1331.349976,11228736,0.0,0.0,69.625,11301.200195
2019-03-13,1347.300049,11236048,0.253333333333,0.0844444444444,69.529,11341.700195
2019-03-14,1341.550049,10402048,0.0,0.0,69.365,11343.25
2019-03-15,1321.650024,15893093,0.0,0.0,68.963,11426.849609
2019-03-18,1350.050049,10105234,0.0,0.0,68.625,11462.200195
2019-03-19,1376.550049,9805318,0.1,0.0333333333333,69.015,11532.400391
2019-03-20,1375.449951,9892823,0.0,0.0,68.79,11521.049805
2019-03-22,1341.75,11465112,0.0,0.0,69.17,11456.900391
2019-03-25,1324.449951,7951992,0.0,0.0,68.89,11354.25
2019-03-26,1367.25,9479288,0.0,0.0,68.996,11483.25
2019-03-27,1349.25,10094174,0.0,0.0,69.1,11445.049805
2019-03-28,1360.0,10482938,0.0,0.0,69.19,11570.0
2019-04-01,1391.849976,10098281,0.0,0.0,69.205,11669.150391
2019-04-02,1389.699951,8012636,0.16,0.0533333333333,68.92,11713.200195
2019-04-03,1375.199951,7849461,0.0,0.0,68.45,11643.950195
2019-04-04,1353.050049,8375674,0.0,0.0,68.98,11598.0
2019-04-05,1353.900024,6728239,0.0,0.0,69.17,11665.950195
2019-04-08,1329.25,8723577,0.0,0.0,69.555,11604.5
2019-04-09,1334.449951,9497621,0.0,0.0,69.28,11671.950195
2019-04-10,1331.400024,7612711,0.433333333333,0.108333333333,69.15,11584.299805
2019-04-11,1336.050049,3958982,0.0,0.0,69.02,11596.700195
