Date,Open,High,Low,Close,Adj Close,Volume
2015-01-01,443.149994,446,441.825012,443.950012,416.087006,1354878
2015-01-02,444.049988,448.024994,442.149994,442.774994,414.985748,3351654
2015-01-05,442.5,445.450012,437.049988,437.924988,410.440125,4619182
2015-01-06,435,436.5,416,418.049988,391.812531,8516086
2015-01-07,418.549988,429.399994,418.5,427.149994,400.3414,9472630
2015-01-08,430.049988,431.450012,420.075012,421.024994,394.6008,9084914
2015-01-09,424.200012,431,422.5,430.149994,403.153107,6122732
2015-01-12,430.25,430.5,420.799988,425.149994,398.466919,4617432
2015-01-13,426.5,427.475006,420.25,421.575012,395.116302,4548216
2015-01-14,421.5,423.5,415.600006,417.475006,391.273621,5202572
2015-01-15,420,435.549988,420,432.125,405.00415,7738494
2015-01-16,430,437.5,426.024994,434.850006,407.558167,8748776
2015-01-19,435.100006,443,429.375,439.825012,412.220886,6098582
2015-01-20,440.75,452.774994,439.424988,451.524994,423.186584,6108346
2015-01-21,452.5,455.700012,446.024994,453.375,424.920471,7810366
2015-01-22,452.575012,453.600006,439.75,441.875,414.142212,10844730
2015-01-23,445,448.899994,438.5,443.450012,415.618378,8265794
2015-01-27,446.450012,448.350006,440.25,444.524994,416.625916,8201508
2015-01-28,443.049988,454.899994,443.049988,453.424988,424.967316,8822454
2015-01-29,453.549988,467.25,453.450012,464.700012,435.534698,16511776
2015-01-30,465,465.625,454.5,457.625,428.903717,9941906
2015-02-02,458.024994,459.950012,452.850006,454.024994,425.529663,8824550
2015-02-03,456.600006,470.424988,456.600006,468.799988,439.37735,7814040
2015-02-04,469.549988,471.899994,462.950012,464.399994,435.25351,6433654
2015-02-05,468,469.950012,458.799988,461.850006,432.863556,5653156
2015-02-06,462.049988,465,451.5,454.950012,426.396637,4135456
2015-02-09,450.600006,459,446,448.350006,420.210846,4041210
2015-02-10,449,452.25,430.649994,441,413.322144,6240782
2015-02-11,443,452.375,441.5,450.350006,422.085327,4471548
2015-02-12,454,456.975006,443.625,454.575012,426.045197,3981748
2015-02-13,457,460.399994,454.524994,458.75,429.95813,3380142
2015-02-16,459.350006,462.100006,450,451.399994,423.069427,5607922
2015-02-18,450,454,447.200012,450.825012,422.530548,4496248
2015-02-19,453.475006,453.799988,443.774994,451.024994,422.717987,4366230
2015-02-20,447.625,448,435.649994,436.549988,409.151459,8556874
2015-02-23,434.975006,438.375,423.549988,425.725006,399.005829,6448086
2015-02-24,427.125,428.399994,418.5,420.725006,394.319641,9118740
2015-02-25,424.399994,428.25,420.524994,421.575012,395.116302,6982812
2015-02-26,423.049988,425,418.299988,421,394.577362,9810676
2015-02-27,423.774994,430.5,422.299988,427.774994,400.927155,8530440
2015-02-28,423.774994,430.5,422.299988,427.774994,400.927155,8530440
2015-03-02,434.5,437.75,427.774994,432.125,405.00415,6665262
2015-03-03,434.5,453.225006,433.700012,450.399994,422.132141,9434508
2015-03-04,453,454.825012,440.024994,443.924988,416.063538,6617962
2015-03-05,446.25,449.375,439.075012,442.475006,414.70459,4899316
2015-03-09,442.549988,445.875,432.075012,434.825012,407.534729,6430224
2015-03-10,434.475006,437.899994,427.700012,429.575012,402.614197,6964500
2015-03-11,430.475006,434.799988,426.200012,427.975006,401.114624,5319530
2015-03-12,429,433.700012,427.799988,431.899994,404.793274,5386508
2015-03-13,434.5,434.799988,423.5,425.049988,398.373199,5913976
2015-03-16,425.75,426.975006,420.149994,421.049988,394.624207,6327178
2015-03-17,425.274994,429.950012,420.5,428.424988,401.536377,8718200
2015-03-18,428.5,436.125,427.350006,434.325012,407.066101,4237880
2015-03-19,437.774994,438.350006,427.049988,428.075012,401.208374,6370436
2015-03-20,428.950012,430.575012,424.299988,427.049988,400.247681,4757144
2015-03-23,428.25,432,419.049988,420.975006,394.553955,6058224
2015-03-24,421.049988,427.149994,421.049988,423.975006,397.365662,4223500
2015-03-25,424.5,424.75,420.5,422.450012,395.936371,4692786
2015-03-26,420.549988,424.625,412.049988,414.649994,388.625916,9427386
2015-03-27,416.950012,417.5,400.725006,405.850006,380.378235,10664284
2015-03-30,408.299988,408.850006,398.225006,405.375,379.933014,7922962
2015-03-31,409,416.450012,409,413,387.079468,9250942
2015-04-01,412.450012,419.5,406.549988,418.024994,391.789093,6669386
2015-04-06,418,419,410.700012,412.325012,386.446869,5638734
2015-04-07,413.024994,418.049988,413.024994,416.424988,390.28952,9726422
2015-04-08,416.75,434.75,416.450012,432.950012,405.777374,11347420
2015-04-09,432.75,449.5,429.399994,447.549988,419.461029,12469862
2015-04-10,447.475006,454.399994,444.549988,452.174988,423.795807,11576924
2015-04-13,453.399994,462.375,449.375,461.25,432.301208,9224402
2015-04-15,460.5,469.799988,453.600006,461.825012,432.840149,10163386
2015-04-16,462.25,469,459.5,464.174988,435.042633,9224384
2015-04-17,467.524994,472.149994,461.299988,463.424988,434.339722,10953102
2015-04-20,468.649994,468.725006,439.25,442.825012,415.032623,17202330
2015-04-21,445.075012,447.75,436.225006,438.225006,410.721344,8095048
2015-04-22,440.950012,443.375,433.5,439.875,412.267731,6748376
2015-04-23,441.924988,444.700012,434.524994,438.524994,411.002472,6097602
2015-04-24,438.5,442.225006,434.325012,439.450012,411.869446,5810518
2015-04-27,440.024994,443.75,435.725006,437.649994,410.182404,5048454
2015-04-28,437.350006,441,429.274994,432.600006,405.449341,6714572
2015-04-29,431,435.274994,423.700012,425,398.326355,7492024
2015-04-30,425,432.950012,423.975006,431.174988,404.11377,15910372
2015-05-04,433.100006,446.950012,430.25,445.475006,417.516296,6893384
2015-05-05,446.850006,450.899994,442.549988,446.075012,418.078644,8158936
2015-05-06,445,448.375,436,440.125,412.502045,10257994
2015-05-07,437.5,439.225006,430,435.375,408.050171,7650924
2015-05-08,435.5,446.875,430.549988,444.850006,426.732025,7819576
2015-05-11,446.424988,449.725006,441.700012,447.975006,429.729706,6498166
2015-05-12,447.450012,447.450012,432.575012,434.350006,416.659637,7611912
2015-05-13,436.674988,444.325012,428.600006,442.549988,424.525665,7635334
2015-05-14,443,443.100006,435.149994,439.100006,421.216187,5636730
2015-05-15,440.950012,443.475006,435.049988,436.975006,419.177734,3808980
2015-05-18,437.450012,447,436.100006,445.774994,427.619324,4501964
2015-05-19,445.625,452.375,443.299988,447.774994,429.537872,6634872
2015-05-20,450.200012,455.5,448.850006,454.424988,435.917023,3981412
2015-05-21,455.625,457.700012,447.049988,448.375,430.113403,4918892
2015-05-22,448.5,452.799988,448.5,451.924988,433.51886,3816904
2015-05-25,450,454,446.174988,447.25,429.034241,3025224
2015-05-26,447.5,448,441.350006,442.299988,424.285889,4347766
2015-05-27,443,445.450012,440.100006,442.649994,424.621613,3693098
2015-05-28,442.924988,447.125,436,437.899994,420.065063,12132678
2015-05-29,439.950012,443.225006,436.549988,438.5,420.640625,13384696
2015-06-01,440,452.450012,439,451.125,432.751434,8958164
2015-06-02,452.875,459.399994,445.725006,449.325012,431.02475,9225142
2015-06-03,449.5,455.225006,444.25,448.174988,429.92157,7107236
2015-06-04,452.100006,458.100006,446.274994,456.350006,437.763641,7283298
2015-06-05,454.950012,458.475006,452.225006,453.875,435.389435,5973490
2015-06-08,453.399994,455,441.549988,442.725006,424.693542,4958862
2015-06-09,441.774994,445.325012,438.674988,441.850006,423.854187,4184606
2015-06-10,443,454.950012,442.5,452.899994,434.454163,6176034
2015-06-11,453,454.75,436.825012,438.575012,420.712616,6709574
2015-06-12,439.5,446.350006,439.125,444.924988,426.803925,9849112
2015-06-15,447.450012,452.5,445,450.875,432.511597,5878506
2015-06-16,449.5,452.5,446.600006,451.975006,433.566833,6368010
2015-06-17,452.524994,471.174988,447,465.600006,446.636902,11992678
2015-06-18,466.274994,491,466.25,489.475006,469.53952,22568840
2015-06-19,491.25,503.200012,491.25,498.325012,478.029083,20897502
2015-06-22,498.475006,504.350006,493.25,495.850006,475.654877,8866370
2015-06-23,496.325012,501.350006,495.5,497.5,477.23764,7318090
2015-06-24,497.5,503.225006,493.325012,495.450012,475.271149,8504668
2015-06-25,493.5,504.5,492.5,502.274994,481.818176,12423550
2015-06-26,499.950012,507.049988,497.700012,500.350006,479.971588,9585314
2015-06-29,493.950012,496.924988,486,495.424988,475.247131,9220564
2015-06-30,494.950012,501.424988,494,500.049988,479.683777,10599340
2015-07-01,500.5,505.225006,500.5,502.825012,482.345795,6777156
2015-07-02,504.5,509.875,503.549988,505.424988,484.839874,7283210
2015-07-03,504.875,506.899994,501.524994,503.600006,483.089233,6323112
2015-07-06,498.049988,509.450012,497.600006,507.774994,487.094177,5594680
2015-07-07,505.5,508.299988,500,501.625,481.194641,5163694
2015-07-08,497.924988,504.350006,495.825012,498.299988,478.005066,6944656
2015-07-09,498,500.5,491.575012,493.700012,473.592438,7427064
2015-07-10,495.549988,502,495.125,500.899994,480.499176,7365212
2015-07-13,500.899994,506.25,497.575012,503.5,482.993286,4507774
2015-07-14,504.450012,505.75,497.600006,498.899994,478.580658,4545572
2015-07-15,499.875,507.200012,499.774994,505.575012,484.983795,6186792
2015-07-16,506,513.900024,505.575012,511.850006,491.003235,6790884
2015-07-17,512.625,515.575012,509,510.850006,490.043945,4660876
2015-07-20,513.900024,514.974976,508.950012,512.375,491.506836,2902254
2015-07-21,514,514.224976,501.375,503.899994,483.376984,3622284
2015-07-22,502.5,526.974976,502.299988,525.200012,503.809448,7913294
2015-07-23,526.75,533.924988,520.599976,522.650024,501.363373,8522914
2015-07-24,524,524.825012,510.549988,512.525024,491.650757,5988726
2015-07-27,512.450012,514.950012,500.875,502.674988,482.201904,9197526
2015-07-28,504.149994,508.350006,500.049988,505.125,484.552124,6118202
2015-07-29,504.75,506.350006,496.049988,498,477.717285,6761866
2015-07-30,500.049988,504,496.149994,500.075012,479.707794,5349408
2015-07-31,500,503.950012,495,500.924988,480.523163,7604624
2015-08-03,500.5,506.924988,499.700012,501.225006,480.810944,4520364
2015-08-04,501.700012,502.825012,490,494,473.880188,5489138
2015-08-05,494.125,500.399994,492.049988,493.875,473.760284,6558056
2015-08-06,495.5,496,488.75,489.475006,469.53952,3981022
2015-08-07,489.5,497,488.575012,492.174988,472.129547,3935694
2015-08-10,492.25,494.399994,482.25,484.450012,464.719177,4246570
2015-08-11,485.5,486.825012,479,483,463.328217,4005904
2015-08-12,481.799988,483,470.274994,471.450012,452.248627,4411804
2015-08-13,473.5,476.975006,464.700012,466.674988,447.668091,4270094
2015-08-14,470.125,486,467.149994,483.475006,463.783875,5824010
2015-08-17,483,483,473.024994,475.350006,455.989807,4963652
2015-08-18,478,478,471.100006,472.049988,452.824188,3031166
2015-08-19,472,480.5,469.725006,477.299988,457.860352,4058402
2015-08-20,479.975006,479.975006,456.875,458.149994,439.490326,8689858
2015-08-21,455,455.950012,448.5,453.975006,435.485382,9166424
2015-08-24,440,440,409,414.774994,397.881897,16291446
2015-08-25,420.424988,430.325012,411.600006,424.075012,406.803131,22631686
2015-08-26,423.899994,437.399994,420,426.700012,409.321228,8665824
2015-08-27,433.399994,440.625,428.524994,434.575012,416.875488,12342370
2015-08-28,437.5,441.5,433.049988,436.200012,418.434326,4923780
2015-08-31,436.424988,436.424988,426.899994,427.950012,410.520325,9467432
2015-09-01,426.950012,426.950012,417.549988,419.924988,402.822144,9895684
2015-09-02,425,428.549988,421.299988,424.774994,407.474609,8984402
2015-09-03,427.024994,430.375,422.200012,426.924988,409.537018,5330550
2015-09-04,424.850006,424.850006,412.549988,417.950012,400.927612,7406072
2015-09-07,419.125,422,413.850006,416.600006,399.632568,4678930
2015-09-08,418,426.475006,412.549988,424.299988,407.018951,5897660
2015-09-09,430.5,439.350006,425.25,437.024994,419.225708,7927582
2015-09-10,430.5,435.25,427.75,433.5,415.844269,5062846
2015-09-11,436,438.049988,428.100006,430.475006,412.942474,4861888
2015-09-14,430.875,432.850006,425.950012,431.924988,414.333405,3640906
2015-09-15,431,435,427.799988,433.5,415.844269,5261888
2015-09-16,436.049988,438.674988,432.600006,436.274994,418.506256,6137372
2015-09-18,439.225006,449.75,438.575012,447.700012,429.465942,15663184
2015-09-21,440,444.100006,438.024994,439.049988,421.168213,5820728
2015-09-22,440,442.450012,422.25,423.950012,406.683228,7198324
2015-09-23,421.5,428.399994,420,425.174988,407.858307,6958648
2015-09-24,424,424,417.375,418.674988,401.623047,13293018
2015-09-28,419.899994,420.450012,414.350006,417.125,400.1362,5314394
2015-09-29,415,425.125,413.049988,420.375,403.253815,7247674
2015-09-30,425.5,432.399994,419.25,431.149994,413.589966,7905330
2015-10-01,436.975006,436.975006,429.299988,432.350006,414.741119,3960612
2015-10-05,431.399994,445,430.924988,444,425.916626,7321708
2015-10-06,447.825012,450.25,442.875,449.024994,430.736969,5636996
2015-10-07,447.350006,459.024994,445.5,456.899994,438.291199,5264358
2015-10-08,457.450012,457.450012,443.125,444.549988,426.444183,4915978
2015-10-09,447.024994,452.725006,440.75,443.674988,425.604858,4264390
2015-10-12,444,450.799988,444,445.875,427.71524,2840098
2015-10-13,442.524994,448.149994,441.450012,446.799988,428.60257,2817316
2015-10-14,447.899994,452.5,446.975006,451.475006,433.087189,3658514
2015-10-15,453.850006,455.5,450.049988,451.850006,433.446899,4136660
2015-10-16,452.25,457.399994,451.850006,457.399994,438.770844,6970386
2015-10-19,470.5,482.75,470.5,481.75,462.12912,15317750
2015-10-20,482.5,483.350006,476.5,478.350006,458.867615,8271006
2015-10-21,477.75,487.399994,476.5,477.5,458.052216,6585230
2015-10-23,481.975006,486.524994,470.575012,477.825012,458.364014,5556136
2015-10-26,480.950012,481.5,470.649994,471.424988,452.224609,5000840
2015-10-27,469.399994,474.125,468.700012,469.774994,450.641846,5303952
2015-10-28,468.450012,472.450012,464.950012,468.475006,449.394775,5467128
2015-10-29,468,472.5,467.475006,470.5,451.337311,6071344
2015-10-30,471.049988,477.950012,470.049988,473.850006,454.550873,6110650
2015-11-02,474.5,480.75,472.600006,479.899994,460.354462,3301676
2015-11-03,481.625,485.225006,480.625,483.600006,463.903809,5199592
2015-11-04,484,487.5,473.100006,475.649994,456.277557,4586836
2015-11-05,474.5,475.5,466.5,468.299988,449.226929,4922518
2015-11-06,469.725006,477.375,468.950012,476.200012,456.805176,3825198
2015-11-09,466.75,482.5,461.725006,480.625,461.049957,7786320
2015-11-10,478.5,479.75,458.149994,461.375,442.583954,5251122
2015-11-13,457.524994,469.274994,457.25,466.524994,447.524231,6255098
2015-11-16,463,471,462.375,467.149994,448.123718,7015926
2015-11-17,469.024994,469.450012,463.100006,463.875,444.982147,3926210
2015-11-18,463.799988,465.649994,454.975006,456,437.427887,5142766
2015-11-19,459.450012,469.350006,458.625,467.375,448.3396,5569752
2015-11-20,467,476.399994,462.774994,473.424988,454.143188,5167930
2015-11-23,475,478.950012,473.100006,476.875,457.452698,4800026
2015-11-24,476.5,485.799988,475.524994,483.850006,464.143585,6768886
2015-11-26,485.5,495.975006,484.125,494.325012,474.191956,10883224
2015-11-27,494.5,496.25,487.049988,489.524994,469.587463,4979394
2015-11-30,489.25,492.200012,481.149994,483.549988,463.855835,13678054
2015-12-01,482,489.399994,480.625,482.950012,463.280243,5934650
2015-12-02,483.125,489.850006,482.25,488.975006,469.059845,3462408
2015-12-03,487.450012,494.475006,487.049988,488.600006,468.700134,5194048
2015-12-04,486.149994,488.100006,480.700012,482.725006,463.064423,6146002
2015-12-07,482.725006,486.5,474.875,476.024994,456.637268,6621556
2015-12-08,474.450012,476.799988,468.049988,470.450012,451.289368,3443452
2015-12-09,468.100006,471.725006,456.424988,457.950012,439.298462,4194236
2015-12-10,461.25,476.899994,460,475.174988,455.821899,8499730
2015-12-11,475.875,479.5,471.450012,476.475006,457.06897,8300090
2015-12-14,473.799988,481.75,473,477.549988,458.100159,4829460
2015-12-15,478.5,488.975006,476.825012,487.950012,468.076599,7186122
2015-12-16,487.950012,493.774994,486.75,489.325012,469.395599,5530496
2015-12-17,490.024994,507.5,489,504.850006,484.2883,8854870
2015-12-18,501.899994,504.5,495,495.950012,475.750824,7322040
2015-12-21,493.950012,499.5,492.174988,496.049988,475.84671,5637670
2015-12-22,496.399994,501.299988,492,493.649994,473.544464,5293656
2015-12-23,495.899994,503.450012,495,501.899994,481.458435,5906346
2015-12-24,501.950012,503.600006,498.149994,500.274994,479.899658,5441138
2015-12-28,500.299988,506.875,500,505.200012,484.624054,5891016
2015-12-29,505.200012,509.350006,503.575012,507.700012,487.022217,6818120
2015-12-30,507.5,508,501,502.25,481.794189,3726642
2015-12-31,501.700012,509.850006,499.549988,507.299988,486.638489,8450132
2016-01-01,504.899994,509.450012,504.100006,507.674988,486.99823,2476270
2016-01-04,502.5,506.899994,493.350006,497.649994,477.381531,13793142
2016-01-05,500.149994,505,498.5,502.575012,482.105957,6832918
2016-01-06,503.799988,519.200012,500.200012,516.099976,495.080109,12233710
2016-01-07,510.524994,514,504.024994,506.625,485.990997,9024438
2016-01-08,510,516.450012,508.350006,512.875,491.986481,9743678
2016-01-11,507.975006,530.400024,505.5,525.799988,504.38501,13265342
2016-01-12,527.5,532.700012,520.549988,522.724976,501.435272,10685522
2016-01-13,526.549988,544.875,523.599976,538.424988,516.49585,32825622
2016-01-14,531.924988,540.5,526.525024,530.825012,509.205444,12719826
2016-01-15,534.875,544.75,532.799988,536.650024,514.793152,13151450
2016-01-18,537.5,541.974976,504.049988,508.424988,487.717712,12459918
2016-01-19,514.5,524.900024,507.049988,521.799988,500.547943,9824192
2016-01-20,517.450012,517.450012,495,502.274994,481.818176,20624706
2016-01-21,508.774994,512.875,488.350006,492.100006,472.057617,14523544
2016-01-22,497.024994,505.5,497.024994,502.075012,481.626312,10826910
2016-01-25,505,509.375,500,501.975006,481.530396,5988680
2016-01-27,504.049988,505,498.475006,499.674988,479.324066,7886590
2016-01-28,500.5,510.899994,498.549988,508.450012,487.741699,10548946
2016-01-29,509.475006,520,509,517.700012,496.61496,8767154
2016-02-01,519.974976,520.900024,512.775024,515.150024,494.168823,4534546
2016-02-02,515.150024,516.400024,495.25,500.575012,480.187408,6752932
2016-02-03,494,497,487.5,490.700012,470.714661,7173616
2016-02-04,494,500.5,482.850006,486.524994,466.709625,8322158
2016-02-05,489.549988,491,480.700012,485.450012,465.678436,9599764
2016-02-08,485.549988,492.399994,478.975006,480.524994,460.95401,5521706
2016-02-09,476.450012,484.399994,475,478.75,459.251312,8962058
2016-02-10,475.850006,486.5,474.325012,481.325012,461.721436,7718500
2016-02-11,481.424988,482.975006,457.75,462.274994,443.447296,7824326
2016-02-12,466.950012,466.950012,444.049988,453.274994,434.813843,13403870
2016-02-15,459,475.674988,459,473.375,454.095215,8815778
2016-02-16,475.549988,479,463.5,465.274994,446.325134,5954526
2016-02-17,467.549988,478.725006,458.200012,476.299988,456.901093,7059664
2016-02-18,481.475006,484.350006,468,470.049988,450.905609,6598322
2016-02-19,470,476.375,468.674988,472.174988,452.944092,4679328
2016-02-22,472.049988,484.149994,472.049988,481.149994,461.553589,5838396
2016-02-23,481.549988,483.600006,471.375,474.825012,455.486176,8681492
2016-02-24,472.450012,479.274994,471,476.325012,456.925079,6942622
2016-02-25,477.100006,478.274994,470.424988,472.049988,452.824188,11350050
2016-02-26,476.5,479.375,472.149994,475.174988,455.821899,3817066
2016-02-29,475.649994,497.299988,467.5,483.325012,463.639984,14186948
2016-03-01,482.350006,492.524994,482.325012,490.649994,470.666626,7521846
2016-03-02,496.450012,502.875,493.625,500.75,480.355286,9191772
2016-03-03,505,509,498.75,506.424988,485.799133,7260012
2016-03-04,507,507.5,501.75,503.200012,482.705505,4108856
2016-03-08,503.75,515.450012,503.75,513.5,492.585968,6045108
2016-03-09,510,521.950012,509.299988,520.849976,499.636627,5419662
2016-03-10,521.025024,522.950012,504.5,505.875,485.271545,9466248
2016-03-11,507.450012,514.775024,505.299988,507.25,486.590546,7003352
2016-03-14,509.549988,513.200012,506.475006,509.875,489.108673,5431180
2016-03-15,512,513.924988,507.549988,510.25,489.468353,4794664
2016-03-16,510.5,512.900024,502.725006,510.875,490.067932,5058148
2016-03-17,513.5,518.450012,506,508,497.535858,7695480
2016-03-18,509.125,515.075012,507.850006,513.599976,503.020477,6414492
2016-03-21,513.974976,520.75,511.375,518.650024,507.966492,5809704
2016-03-22,518.5,526.125,517.825012,523.924988,513.132751,7009934
2016-03-23,523.450012,523.450012,511.200012,514.599976,503.999878,7683308
2016-03-28,515,515.849976,507.825012,510.200012,499.690552,8261106
2016-03-29,511.899994,521,510.100006,518.125,507.452301,7255802
2016-03-30,521.349976,525.875,521.349976,523.525024,512.741089,6607560
2016-03-31,520.5,528,516.349976,522.599976,511.835114,14095970
2016-04-01,519.549988,523.150024,512.5,517.224976,506.570801,5660230
2016-04-04,520,521.099976,512.650024,517.525024,506.864685,3946520
2016-04-05,515.674988,521.200012,511.100006,513.474976,502.898041,4690296
2016-04-06,516.049988,518.349976,511.299988,516.875,506.228027,3195950
2016-04-07,517.450012,524,511.049988,518.625,507.941986,4018110
2016-04-08,517.950012,527.224976,515.599976,518.174988,507.501251,6131402
2016-04-11,518.5,522.75,516.5,520.150024,509.435608,4712636
2016-04-12,520.150024,528.724976,519.025024,523.700012,512.912476,5104198
2016-04-13,526.275024,534.950012,526.275024,533.025024,522.04541,7332282
2016-04-18,532.900024,533.400024,527.700012,532.375,521.408752,8716204
2016-04-20,534.599976,534.599976,517.900024,518.650024,507.966492,9914994
2016-04-21,520.700012,526,517.5,520.575012,509.851868,5202872
2016-04-22,519.5,523.75,514.650024,519.474976,508.774475,5351172
2016-04-25,522.224976,522.224976,506.149994,508.450012,497.976624,27959172
2016-04-26,507.700012,511.950012,503.75,508.475006,498.001099,12082558
2016-04-27,508.950012,512.974976,508,509.700012,499.200836,6630120
2016-04-28,507,509.600006,495.475006,498.350006,488.084656,28321014
2016-04-29,496.725006,499.274994,489.424988,491.350006,481.228821,10734120
2016-05-02,489.5,496.200012,489,493.475006,483.310059,4855506
2016-05-03,494,497.475006,486.375,487.899994,477.849884,8033248
2016-05-04,487.024994,491.850006,486.5,489.049988,478.976196,6192906
2016-05-05,490,491.725006,485.450012,487.625,477.580536,9904822
2016-05-06,486.5,488.399994,483.5,484.475006,474.495453,6742440
2016-05-09,487.5,493,486.399994,491.549988,481.424683,7016176
2016-05-10,491.549988,492.350006,489,491.274994,481.155365,3313680
2016-05-11,485.899994,490.375,485,487.700012,477.654022,5641398
2016-05-12,488,497.100006,487.524994,496.399994,486.174774,5845428
2016-05-13,494.475006,495.274994,487.5,489.075012,479.000702,6696706
2016-05-16,488.5,491.25,485.549988,487.975006,477.92337,4264144
2016-05-17,490.125,491.549988,483.174988,484.575012,474.593414,5558046
2016-05-18,482.950012,486.25,482.049988,485.274994,475.278961,3761948
2016-05-19,485.850006,485.950012,472.799988,475.600006,465.803253,4176116
2016-05-20,476,477.25,465.674988,467.100006,457.478333,8477976
2016-05-23,468.674988,470.350006,462.825012,465,455.4216,8396196
2016-05-24,464.024994,472,464.024994,470.225006,460.538971,5615474
2016-05-25,474.924988,476.399994,470.575012,475.600006,465.803253,4224270
2016-05-26,475,476.200012,472.049988,473.424988,463.673065,6487202
2016-05-27,474.524994,488.450012,474.375,487.350006,477.311249,6126758
2016-05-30,488.200012,490.75,482.5,484.350006,474.373016,4404182
2016-05-31,484.5,486.5,478.25,478.924988,469.059753,10666938
2016-06-01,478.975006,483.049988,475.899994,476.799988,466.978546,4134068
2016-06-02,477.25,478.575012,472.549988,478.125,468.276245,4687704
2016-06-03,480,481.450012,477.924988,479.825012,469.941254,3951424
2016-06-06,480.5,481.5,476.274994,477.399994,467.566193,3964932
2016-06-07,478.625,480.475006,475.799988,477.524994,467.688599,8665254
2016-06-08,479,479,474.575012,477.049988,467.223358,5547950
2016-06-09,480,488.225006,478.100006,485.575012,475.572784,7151680
2016-06-10,487,492.200012,484.149994,488.350006,478.290649,7459474
2016-06-13,484.950012,491.725006,481.524994,490.549988,480.445282,4669712
2016-06-14,490.475006,492.700012,484.649994,488.125,478.070251,4994016
2016-06-15,490,493.25,486.875,492.299988,482.159241,5087842
2016-06-16,490.5,491.825012,483.524994,488.149994,478.094727,4284658
2016-06-17,488.5,489.325012,485.049988,487.450012,477.40918,4816192
2016-06-20,486.075012,496.299988,484,495.100006,484.901581,4918474
2016-06-21,497.049988,497.075012,489.850006,493.549988,483.383514,6369730
2016-06-22,492.5,492.950012,488.549988,490.25,480.151489,5846568
2016-06-23,489.975006,491,485,490.225006,480.127014,4497386
2016-06-24,482.450012,482.450012,466.700012,475.725006,465.92569,11422346
2016-06-27,470.25,479.200012,470.25,477.825012,467.982452,4189198
2016-06-28,478.200012,480.774994,477.5,478.899994,469.035278,3476740
2016-06-29,481,484.475006,480,483.450012,473.491547,3439714
2016-06-30,486,488.75,483.524994,484.575012,474.593414,5832658
2016-07-01,486.375,488.399994,485,486.725006,476.699097,3021958
2016-07-04,487.75,496.799988,487.75,493.350006,483.187622,3567500
2016-07-05,493.049988,501.450012,490.149994,496.549988,486.321716,5193356
2016-07-07,496.25,500.25,493.075012,493.950012,483.775269,5499296
2016-07-08,493.5,494.5,488.174988,489.200012,479.123108,3264450
2016-07-11,495.5,497.475006,492.75,496.25,486.027893,3779212
2016-07-12,497.625,502.5,495.5,501.700012,491.365662,4465370
2016-07-13,502.600006,508.350006,502.075012,504.375,493.985535,6818772
2016-07-14,504.049988,507.049988,499.125,502.450012,492.100189,4918366
2016-07-15,504.5,510.5,501.75,506.100006,495.675018,6397124
2016-07-18,514,519.375,500.875,503.125,492.761292,14678172
2016-07-19,503,511.475006,497.649994,508.899994,498.417328,7611500
2016-07-20,509.975006,514.150024,508.274994,511.5,500.963776,5607290
2016-07-21,512,512.5,502.5,503.174988,492.810242,3068088
2016-07-22,503,508.899994,502.549988,507.424988,496.972717,3154228
2016-07-25,507,511.875,503.674988,511.375,500.841339,3767768
2016-07-26,511.5,517.400024,507.600006,512.025024,501.477966,4807744
2016-07-27,511.524994,513,504.475006,506.549988,496.115723,5042896
2016-07-28,507.475006,515.25,506.524994,513.174988,502.604248,7136750
2016-07-29,512,512.450012,506,507.450012,496.997223,4402328
2016-08-01,509,510.149994,502.524994,504.75,494.352814,3647388
2016-08-02,504,510,503.149994,506.399994,495.968811,3524816
2016-08-03,507.200012,507.200012,495.75,496.975006,486.737976,5427608
2016-08-04,499.5,500,491.700012,496.5,486.272766,4657432
2016-08-05,499,509.5,498.524994,508.125,497.658295,5535828
2016-08-08,509.950012,517,509.325012,514.625,504.024414,6197506
2016-08-09,513.5,517.25,510.5,515.349976,504.734436,6076092
2016-08-10,515.625,517.275024,501,501.825012,491.488068,6158926
2016-08-11,500.975006,511.424988,499.799988,507.049988,496.605408,6477798
2016-08-12,508.5,521.450012,508.5,517.900024,507.231934,7481722
2016-08-16,518.125,522.400024,507.75,512.450012,501.894196,6111206
2016-08-17,512.049988,514.400024,503.600006,506.649994,496.213654,7079940
2016-08-18,508,511.825012,508,509.024994,498.539734,3542898
2016-08-19,509,511,503.549988,507.450012,496.997223,3738616
2016-08-22,506,509.850006,503.600006,505.924988,495.503571,3055808
2016-08-23,506,507.5,502.5,505.225006,494.818024,3346656
2016-08-24,505.850006,510.975006,505.5,510.25,499.739502,3986306
2016-08-25,510.600006,514.5,504.5,506.350006,495.91983,6839550
2016-08-26,508.950012,515.400024,507.299988,513.950012,503.363312,4406930
2016-08-29,513.625,529.875,513.049988,528.724976,517.833923,7402990
2016-08-30,531,534.25,526.5,533.200012,522.216797,8307044
2016-08-31,532.450012,537,523.5,530,519.082642,10649920
2016-09-01,526.5,536.375,512.849976,514.599976,503.999878,19484908
2016-09-02,515.549988,516.275024,501.149994,506.674988,496.238129,12857628
2016-09-06,509.950012,512.5,507.5,509.950012,499.445709,5262182
2016-09-07,511,513.525024,506.524994,508.825012,498.343872,5909990
2016-09-08,511.524994,517.974976,510.100006,516.700012,506.056671,5580392
2016-09-09,517.5,524.950012,515,522.275024,511.516846,6980882
2016-09-12,515.200012,528,514.575012,523.25,512.471741,15399600
2016-09-14,524,529.5,520.450012,522.375,511.614746,8505508
2016-09-15,523.5,535.099976,523.5,532.5,521.531189,14341770
2016-09-16,533.5,546.924988,529.549988,537.775024,526.697571,17977852
2016-09-19,536.275024,544,535.5,541.200012,530.052002,7624648
2016-09-20,542,542.375,534.525024,537.099976,526.036438,5271708
2016-09-21,537,542.450012,534.5,536.125,525.081482,5002952
2016-09-22,541.5,547.900024,539.5,544.474976,533.259521,8577088
2016-09-23,544.5,554.724976,544.5,551.400024,540.041931,14211450
2016-09-26,551.700012,564.775024,550.125,553.599976,542.196533,17469886
2016-09-27,558.5,562.974976,553.299988,555.25,543.812561,8857386
2016-09-28,553.950012,554,543.150024,545.325012,534.092041,11346976
2016-09-29,547.5,555.375,533.700012,536.224976,525.179443,9719492
2016-09-30,534,547.275024,533.150024,541.849976,530.688599,5120210
2016-10-03,543.5,553.974976,538.125,545.349976,534.116455,8286218
2016-10-04,546.525024,554.150024,546,548.174988,536.883301,5995088
2016-10-05,552,553.25,542.900024,544.700012,533.479919,4932794
2016-10-06,546,563.125,546,555.400024,543.959534,9651260
2016-10-07,557,561.525024,553.25,554.5,543.078003,6985676
2016-10-10,557,561,547,548.174988,536.883301,5281946
2016-10-13,544.5,544.525024,526,528.575012,517.687012,10029334
2016-10-14,531.5,541,530.825012,538.825012,527.725891,6978946
2016-10-17,540,540.400024,529.375,530.325012,519.401001,4492474
2016-10-18,533,541.375,531.025024,540.549988,529.415344,5062266
2016-10-19,542.224976,547.349976,540.700012,543.674988,532.475952,7805312
2016-10-20,546.974976,549,542.025024,543.775024,532.573975,4629042
2016-10-21,548.5,548.5,529.200012,532.099976,521.139404,19936484
2016-10-24,535,537,530.325012,531.650024,520.69873,4806198
2016-10-25,532.5,532.625,527.099976,530.424988,519.498901,3501422
2016-10-26,528.025024,529.724976,526.049988,527.025024,516.169006,5004110
2016-10-27,525.549988,526.950012,521.700012,524.349976,513.549011,5871148
2016-10-28,525,529,521.900024,527.474976,516.60968,3715834
2016-11-01,525.650024,527.974976,523.700012,525.5,514.675415,4674022
2016-11-02,520.5,521.424988,510.5,511.875,501.331055,3218450
2016-11-03,511.924988,517.375,510.299988,511.975006,501.428986,3342742
2016-11-04,510.125,513.450012,500,502.774994,492.418488,5273822
2016-11-07,507,508.274994,499.524994,500.575012,490.263794,4345842
2016-11-08,502.850006,502.850006,499.149994,501.75,491.414612,6140692
2016-11-09,475,504.5,465,502.299988,491.953278,9893146
2016-11-10,509.299988,514.474976,503.5,505.200012,494.793549,4463814
2016-11-11,498.924988,508.75,497.549988,500.875,490.557617,6754784
2016-11-15,498.25,500,489.774994,492.700012,482.551025,6623184
2016-11-16,497.5,498.399994,490.350006,493.274994,483.114166,7566452
2016-11-17,493,499.075012,487.200012,488.875,478.80481,5773270
2016-11-18,492.5,496.350006,491,493.75,483.579376,8303856
2016-11-21,493.774994,496.774994,491.600006,495.75,485.538177,6049424
2016-11-22,498.850006,503.899994,496.649994,500.725006,490.410736,8067320
2016-11-23,502.5,505.25,499.774994,504.5,494.107941,5992496
2016-11-24,502.774994,502.774994,491.100006,493.674988,483.50592,8646750
2016-11-25,495,497.950012,492.174988,496.850006,486.61554,4779658
2016-11-28,496.5,500.299988,492.049988,493.325012,483.163147,3800322
2016-11-29,494.5,502.149994,494.024994,498.850006,488.574341,4519218
2016-11-30,499.975006,499.975006,493.325012,495.024994,484.828125,12616008
2016-12-01,500,507.5,497.5,498.875,488.598816,5773026
2016-12-02,497.950012,502.5,495.899994,497.375,487.12973,5706090
2016-12-05,497.5,499.850006,493.25,496.924988,486.688995,1822820
2016-12-06,498,503.274994,497.299988,502.600006,492.24707,3075070
2016-12-07,502,503.799988,498.174988,499.575012,489.284424,2254226
2016-12-08,502.524994,510.899994,502.174988,510.024994,499.519135,4000460
2016-12-09,511,515.924988,510.149994,514.474976,503.877441,3766666
2016-12-12,510.25,520.849976,510.25,513.599976,503.020477,4125400
2016-12-13,514,520.5,513.775024,519.900024,509.190796,4738906
2016-12-14,519.900024,532.224976,519.099976,529.75,518.83783,11035658
2016-12-15,526.200012,533.799988,524.325012,526.474976,515.630249,8837934
2016-12-16,526,531,526,528.575012,517.687012,6831074
2016-12-19,527.5,533.474976,527.174988,531.275024,520.331421,6861900
2016-12-20,527.349976,530.5,526.575012,528.950012,518.054321,5343438
2016-12-21,530.049988,533.650024,528.599976,531.625,520.674255,9311516
2016-12-22,529,531.325012,525.474976,526.674988,515.826172,13208832
2016-12-23,526,534.474976,526,528.650024,517.760498,4692828
2016-12-26,527.174988,533,522.325012,523.724976,512.93689,7004598
2016-12-27,523.924988,533.549988,523.5,532.349976,521.384277,7974284
2016-12-28,533.950012,534.775024,523.549988,524.849976,514.038757,4405854
2016-12-29,525,534.400024,524.75,532.724976,521.751526,4010412
2016-12-30,532.400024,542.5,531.549988,541.200012,530.052002,7182986
2017-01-02,542,545,536.174988,542.549988,531.374146,3244916
2017-01-03,544.924988,548.5,540.549988,544.700012,533.479919,2941502
2017-01-04,546.450012,546.5,532.150024,533.575012,522.584106,4751094
2017-01-05,535.5,539.950012,534.375,538.700012,527.603455,3992966
2017-01-06,537.099976,542.5,536.549988,537.474976,526.403687,3586854
2017-01-09,538.5,543,535.5,538.849976,527.750366,2390514
2017-01-10,540,547.200012,540,544.924988,533.700195,5188800
2017-01-11,547.5,547.849976,542,543.025024,531.839417,5246422
2017-01-12,543.5,545.174988,539.900024,541.650024,530.492676,1998728
2017-01-13,542.275024,548.75,542.275024,545.200012,533.969604,3307338
2017-01-16,544.974976,546.974976,536.974976,538.125,527.040283,5492010
2017-01-17,532.5,534,519.25,520.625,509.900818,17936580
2017-01-18,521.299988,524,514.375,516.275024,505.640442,7254142
2017-01-19,517.575012,522.650024,515.5,516.849976,506.203522,6987456
2017-01-20,516.974976,518.724976,511.950012,512.900024,502.334961,4016164
2017-01-23,510.899994,515.5,506.399994,507.950012,497.486908,6267066
2017-01-24,508.5,514.400024,508.5,513.650024,503.069519,4306182
2017-01-25,516,516.349976,508.075012,508.649994,498.172455,10906460
2017-01-27,510.125,514.450012,509.5,512.549988,501.992126,9994478
2017-01-30,512.474976,523.224976,512.400024,522.400024,511.639252,7167512
2017-01-31,523.424988,526.900024,520.150024,522.599976,511.835114,6914730
2017-02-01,523.049988,525.450012,517.599976,524.825012,514.014282,5171596
2017-02-02,525,525.400024,519.125,521.75,511.002594,4159816
2017-02-03,523,525.224976,515.049988,516.825012,506.179077,6043502
2017-02-06,518.5,522.450012,516.025024,520.825012,510.09668,4567964
2017-02-07,521,521.174988,513.599976,515.450012,504.832397,4528490
2017-02-08,515.450012,519.125,511,512.575012,502.016632,7420188
2017-02-09,514,517,513.400024,516.375,505.738342,4508432
2017-02-10,517.5,517.775024,512.775024,515.075012,504.465118,5723062
2017-02-13,516.5,517,511,514.924988,504.318207,3915976
2017-02-14,517.5,526.450012,514.950012,524.900024,514.087769,8340828
2017-02-15,526.450012,528.75,522.625,525.650024,514.822327,6965690
2017-02-16,526.275024,534.724976,526.275024,533.75,522.755432,8985694
2017-02-17,533.25,539.099976,529.224976,537.75,526.673035,6787712
2017-02-20,535.275024,539.424988,533.25,537.700012,526.624084,5326254
2017-02-21,537.599976,545.474976,536.525024,544.099976,532.892212,6485580
2017-02-22,546.5,605.825012,546,603.75,591.313538,58207852
2017-02-23,606.799988,611,589.674988,591.375,579.19342,28458468
2017-02-27,595.25,628.400024,595.174988,619.450012,606.690186,38137822
2017-02-28,616,624,614.25,619.025024,606.273926,16509062
2017-03-01,620.049988,622.200012,615,617.25,604.5354,11148306
2017-03-02,618.950012,627.349976,613.525024,618.375,605.637268,8258066
2017-03-03,620.775024,643.900024,620.775024,629.275024,616.312744,38541702
2017-03-06,634.5,656,632.625,652.674988,639.230713,30504308
2017-03-07,659.424988,663.5,648.075012,652.474976,639.034851,19233700
2017-03-08,653.849976,653.849976,643.049988,645.599976,632.301453,19812206
2017-03-09,645,649,640.75,643.375,630.122314,14215340
2017-03-10,645.125,648,630.599976,640.825012,627.624878,11331136
2017-03-14,659.375,659.5,642.625,644.75,631.468994,12693240
2017-03-15,645.525024,658.150024,645.200012,652.474976,639.034851,11021316
2017-03-16,655,655.200012,646.799988,648.825012,635.460083,7279928
2017-03-17,654,659.974976,649.025024,650.349976,636.953613,10390152
2017-03-20,653,653.125,639.174988,640.400024,627.208618,5883428
2017-03-21,641.099976,641.950012,629.650024,631.900024,618.883728,10330214
2017-03-22,626,632.950012,623.275024,629.849976,616.875916,9276676
2017-03-23,631.575012,638.775024,629,636.650024,623.535889,5398180
2017-03-24,637.049988,646,634.224976,643.375,630.122314,7443822
2017-03-27,635.549988,639.375,623.599976,625.549988,612.66449,14836244
2017-03-28,629,632,621.049988,622.875,610.044617,9923868
2017-03-29,625.849976,630,616.674988,628.325012,615.382324,8651574
2017-03-30,627.5,637.375,626.5,635.325012,622.238159,12737718
2017-03-31,633,668.825012,633,660.450012,646.845642,20751038
2017-04-03,671,690.25,668.525024,687.325012,673.166992,20520654
2017-04-05,697.599976,709,690.049988,707.5,692.926453,18434720
2017-04-06,704.5,724.450012,701.099976,719.25,704.434387,23142150
2017-04-07,710.650024,717,701.275024,703.299988,688.812927,14572302
2017-04-10,705,712.450012,688.650024,690.674988,676.447998,14066282
2017-04-11,693.924988,700.224976,685.049988,686.174988,672.040649,14743454
2017-04-12,691.400024,693.224976,675.575012,677,663.054688,12548430
2017-04-13,677,686.700012,673.674988,682.400024,668.343445,5812376
2017-04-17,682.5,697.775024,682.5,695.924988,681.589844,5411708
2017-04-18,699.974976,705,683.5,685.099976,670.987793,7322166
2017-04-19,684.5,691.275024,678.775024,684.400024,670.302307,5290584
2017-04-20,689.5,693.400024,682.049988,684.775024,670.669495,3837224
2017-04-21,690.25,710.5,689.275024,701.25,686.805176,13820554
2017-04-24,704.525024,717.5,700.099976,708.700012,694.101746,11663462
2017-04-25,730,733.875,713.049988,716.400024,701.643127,16807408
2017-04-26,717.5,720.025024,701.299988,708.224976,693.636475,7663550
2017-04-27,708.5,712.075012,701.099976,704.75,690.233093,5747310
2017-04-28,704.875,710.150024,695.5,697.599976,683.230286,5416808
2017-05-02,701,701,683.150024,685.275024,671.159241,8499368
2017-05-03,688.450012,690.375,682.5,685.049988,670.938843,4343098
2017-05-04,687.5,689.799988,677.025024,678.974976,664.988953,6567622
2017-05-05,680.799988,683.674988,662.5,664.125,650.444885,7131086
2017-05-08,665,669.75,659.174988,660.700012,647.090454,7345170
2017-05-09,662,666.825012,660.125,665.174988,651.473267,9649022
2017-05-10,667.400024,681.799988,665.325012,679.549988,665.552124,10471864
2017-05-11,682.049988,684.875,675.825012,679.775024,665.772522,6301512
2017-05-12,680.025024,682,672.025024,675.224976,661.316162,3439458
2017-05-15,678.200012,678.200012,666.75,672.049988,658.206665,3080426
2017-05-16,673.025024,688.450012,670.5,678.150024,664.18103,5785894
2017-05-17,676.5,682.974976,673.875,676.549988,662.613892,4500608
2017-05-18,670.125,675,662.049988,663.674988,650.004089,4475832
2017-05-19,666.5,667.849976,655,659.424988,645.841675,5857766
2017-05-22,663.25,666.799988,657.599976,662.075012,648.437134,4023718
2017-05-23,662.849976,664.924988,651,652.775024,639.328674,4216446
2017-05-24,653.75,656.849976,647.549988,648.849976,635.484497,6549608
2017-05-25,650,656.200012,648.224976,651.224976,637.810547,11850670
2017-05-26,651.974976,672.200012,650,668.650024,654.876709,9797278
2017-05-29,668.5,682.724976,667.799988,678.450012,664.474792,10982340
2017-05-30,677.950012,682.349976,674.25,679.674988,665.674561,4415454
2017-05-31,683.5,683.974976,667.900024,670.349976,656.541626,7508198
2017-06-01,666.349976,670,661.5,664.125,650.444885,4358656
2017-06-02,667.5,669.349976,658.5,662.375,648.730957,5255130
2017-06-05,663.125,670.5,657.924988,664.674988,650.983521,4953412
2017-06-06,666.974976,666.974976,655.5,656.400024,642.879028,4384712
2017-06-07,655.599976,671,654.5,669.5,655.709167,5119908
2017-06-08,670,672.400024,664.025024,665.849976,652.134338,3613042
2017-06-09,672.549988,676.474976,665.5,667.849976,654.09314,6325604
2017-06-12,663.275024,664.875,658.5,659.724976,646.135498,3855026
2017-06-13,660.299988,663.5,655.5,657.174988,643.638062,2754582
2017-06-14,657.950012,680,657.950012,678.75,664.768677,24202054
2017-06-15,680,697.5,679.549988,691.974976,677.721191,12933608
2017-06-16,694.549988,697.900024,684.650024,694.400024,680.096313,14954314
2017-06-19,695.099976,707.900024,695.099976,704.625,690.110657,6965824
2017-06-20,704.5,711.049988,703.724976,706.174988,691.628723,4636798
2017-06-21,703.900024,714,702.125,711,696.354309,9139886
2017-06-22,714.724976,722.700012,713.849976,716.325012,701.569641,10111884
2017-06-23,718,721,715.299988,717.924988,703.136658,14237664
2017-06-27,716,721.5,712.5,718.575012,703.773315,14899756
2017-06-28,719.974976,719.974976,697.775024,699.25,684.846375,7117076
2017-06-29,700,705,695.049988,696.349976,682.006042,5896644
2017-06-30,696,696.200012,687.525024,690,675.786865,3572422
2017-07-03,694.099976,697.349976,685.5,690.525024,676.301086,4203772
2017-07-04,695,713.549988,694.5,710.974976,696.329834,8602400
2017-07-05,714.724976,723.724976,712,721.325012,706.466675,12439044
2017-07-06,724.349976,725,719,721.275024,706.417725,6213034
2017-07-07,721.5,748.875,720,745.575012,730.217163,16387270
2017-07-10,747.549988,750.450012,744.549988,746.424988,731.049622,1602158
2017-07-11,750.5,752.200012,743.5,747.174988,731.78418,9598458
2017-07-12,749.700012,762.5,748.75,755.549988,739.986633,7819594
2017-07-13,754.375,762.5,753.075012,761.049988,756.385498,10519518
2017-07-14,760,768,757.775024,766.875,762.174805,9386022
2017-07-17,768.5,779.799988,768.5,775.875,771.119629,8571618
2017-07-18,773.400024,775.900024,755.5,759.950012,755.292236,8978824
2017-07-19,756.299988,769,756.299988,766.474976,761.777222,5390082
2017-07-20,769.875,775,761.849976,764.450012,759.764648,6229372
2017-07-21,775,795.849976,772.474976,792.5,787.642761,44410224
2017-07-24,800,812.450012,792.5,807.625,802.675049,19854458
2017-07-25,812.349976,812.474976,798.799988,801.075012,796.165222,9172158
2017-07-26,802.099976,814.950012,800.549988,811.375,806.402039,10036778
2017-07-27,814,815.75,794.174988,797.400024,792.512756,8416142
2017-07-28,795.625,802.974976,789,797.224976,792.338745,6552046
2017-07-31,800.974976,809.400024,798,807.599976,802.650146,7574068
2017-08-01,811.375,811.375,795.75,801.799988,796.885742,5628596
2017-08-02,805,817.849976,804.049988,814.599976,809.6073,9502770
2017-08-03,813.424988,832.450012,808.525024,825.049988,819.993225,9009552
2017-08-04,831.5,831.5,807.549988,811.075012,806.103882,8494090
2017-08-07,815.799988,815.799988,806.275024,808.174988,803.22168,4360036
2017-08-08,809,810.525024,793.400024,801.275024,796.364014,5011136
2017-08-09,800.75,810,792.5,799.400024,794.500488,4771286
2017-08-10,796.525024,803.325012,788.974976,792.174988,787.319702,4657686
2017-08-11,775.474976,790,766.5,773.125,768.386475,7770128
2017-08-14,780.5,792.25,780.5,786.525024,781.704407,6144598
2017-08-16,786,788,775.099976,783.049988,778.250671,6206788
2017-08-17,784.5,798.825012,780.575012,783.549988,778.74762,7236358
2017-08-18,782,788.900024,776.575012,787.700012,782.872192,3628022
2017-08-21,788.5,792.075012,780.125,782.200012,777.405884,3462376
2017-08-22,786,789.950012,778.025024,780.025024,775.244202,4358460
2017-08-23,782.424988,793.275024,776.575012,791.025024,786.176819,3803648
2017-08-24,795,796.549988,782.25,784.025024,779.219727,5785142
2017-08-28,789.525024,790.974976,780.599976,783.275024,778.474304,5630656
2017-08-29,780.924988,783.75,765,766.075012,761.3797,6932842
2017-08-30,773.775024,784.400024,770.625,782.049988,777.256775,4724774
2017-08-31,787.5,798.724976,787,797.25,792.363647,11476990
2017-09-01,799.924988,808.299988,799.5,805.049988,800.115845,7054954
2017-09-04,807.75,818.075012,797.924988,806.674988,801.730835,9856750
2017-09-05,815,817.424988,810.525024,816.299988,811.296875,11528262
2017-09-06,813.200012,826.25,811.400024,822.700012,817.657654,22285024
2017-09-07,823,832.5,815,818.099976,813.085815,7408536
2017-09-08,820,823.25,812.099976,816.900024,811.89325,6056729
2017-09-11,821.299988,826.849976,816.549988,817.900024,812.887085,5801712
2017-09-12,822.75,825,817,823.75,818.701233,2971669
2017-09-13,824,859.900024,822,849,843.796448,13430225
2017-09-14,855.799988,861.5,842,843.849976,838.677979,5425486
2017-09-15,842,852.849976,834.75,841.799988,836.640564,13072853
2017-09-18,850,851.049988,843.099976,845.549988,840.367615,2314174
2017-09-19,848.700012,848.75,837,838.599976,833.460144,3528729
2017-09-20,856.099976,872.5,845.099976,847.150024,841.957825,11402965
2017-09-21,847,851.700012,836.25,841.349976,836.193298,5920552
2017-09-22,839.900024,839.900024,813.200012,817.400024,812.390137,5620443
2017-09-25,815,827.950012,805.200012,821.549988,816.514709,6505309
2017-09-26,821.700012,827.049988,812.200012,820.099976,815.073547,4829571
2017-09-27,825.599976,825.700012,795.5,799.150024,794.252014,8434196
2017-09-28,799.650024,802.900024,780.200012,786.450012,781.629822,13508179
2017-09-29,791.75,793.400024,779.099976,780.900024,776.113892,7619230
2017-10-03,795,803.849976,785.349976,798.349976,793.456848,8387059
2017-10-04,799.200012,824.950012,795.599976,818.849976,813.831238,8643924
2017-10-05,825,828.450012,818.650024,824.150024,819.098816,4860479
2017-10-06,824,839.349976,822.599976,837.049988,831.919678,5942106
2017-10-09,839,839.799988,828,830.650024,825.55896,4046109
2017-10-10,831,847.299988,831,843.200012,838.032043,6734986
2017-10-11,845.299988,858.400024,836,840.150024,835.000732,7049800
2017-10-12,842.099976,876.799988,842.099976,872.75,867.400879,8522926
2017-10-13,879.299988,890.700012,873.349976,876.450012,871.078247,9833512
2017-10-16,879,892,861.299988,876.799988,871.426086,14633539
2017-10-17,878,884,867.200012,874.349976,868.991089,6354084
2017-10-18,877.400024,917.900024,875,914.5,908.89502,16765178
2017-10-19,915.799988,921.900024,903,909.900024,904.323242,3664082
2017-10-23,912.900024,944.700012,909.099976,939.75,933.990234,12551649
2017-10-24,947.700012,947.700012,928.200012,934.25,928.523987,6335308
2017-10-25,940.099976,945.900024,929.5,939.900024,934.139343,4577050
2017-10-26,940,957.799988,931,947.400024,941.593384,7698704
2017-10-27,950,956.700012,925.700012,929.849976,924.150879,5256749
2017-10-30,934,945.549988,930.599976,942.5,936.723389,3576533
2017-10-31,944.950012,945.75,932.200012,940.849976,935.083496,4345360
2017-11-01,947.75,957.799988,945.75,952.549988,946.711792,8033040
2017-11-02,952.799988,956.5,944.25,946.599976,940.798218,4698609
2017-11-03,955.950012,955.950012,940.150024,945.299988,939.506226,2193730
2017-11-06,942.5,942.5,929,932.5,926.784668,4460799
2017-11-07,933.349976,935,903.049988,906.700012,901.142822,9347943
2017-11-08,902.5,906,884.099976,887.799988,882.358643,8115980
2017-11-09,894.75,909.900024,892.049988,900.5,894.980835,6860798
2017-11-10,900.950012,900.950012,879.200012,883.849976,878.432861,6365174
2017-11-13,885,891.900024,873.5,875.25,869.885559,4155011
2017-11-14,875,895,873,886.700012,881.265381,5706105
2017-11-15,884.5,890.599976,877.950012,883.700012,878.283813,6981872
2017-11-16,885.5,906,885.5,903.849976,898.310242,6931038
2017-11-17,918.950012,924.900024,908.5,911.900024,906.310974,5586242
2017-11-20,906.200012,924.349976,905,920.849976,915.206055,4220192
2017-11-21,926.799988,939.650024,925.5,932.549988,926.834351,5980763
2017-11-22,937.450012,938.650024,923.450012,930.75,925.04541,5055490
2017-11-23,931,949.900024,926.650024,947,941.195801,7329126
2017-11-24,950,959.5,947.400024,951.099976,945.27063,6394443
2017-11-27,947.25,957.5,944,951.349976,945.519104,4680074
2017-11-28,949.849976,951.349976,938.099976,943.349976,937.568176,4641893
2017-11-29,941.849976,950,941,946,940.201965,3674864
2017-11-30,941.450012,941.450012,919.5,921.549988,915.901794,9434893
2017-12-01,924.450012,931.25,907.700012,910.099976,904.521973,5081389
2017-12-04,913.5,913.799988,897.349976,901.599976,896.074036,4618847
2017-12-05,901.049988,920.75,895.450012,913.700012,908.099915,8369174
2017-12-06,910,930.299988,908.799988,926.650024,920.970581,11007689
2017-12-07,930.049988,936,923,931.549988,925.840515,5529565
2017-12-08,933.849976,936.950012,919.049988,921,915.355164,5588486
2017-12-11,922.450012,926,913.549988,916.150024,910.534912,4933853
2017-12-12,915.950012,929,908,915.599976,909.98822,7215014
2017-12-13,916.900024,924.950012,910.700012,914.650024,909.044128,4182097
2017-12-14,919,924.900024,908.75,921.5,915.852112,5021130
2017-12-15,931,932.950012,917.700012,919.75,914.112854,11158706
2017-12-18,911.950012,932.650024,862.650024,921,915.355164,8494801
2017-12-19,923.599976,927,920,925.950012,920.274841,4064982
2017-12-20,925.900024,927.400024,917,918.150024,912.522644,4774414
2017-12-21,918.450012,923.950012,910,912.950012,907.354492,4147162
2017-12-22,914.650024,922.400024,909.299988,920.400024,914.75885,4872675
2017-12-26,924.849976,938.900024,918.150024,929.799988,924.101196,5301456
2017-12-27,933,937.5,919,923.75,918.088318,4352384
2017-12-28,925.25,934.400024,919.099976,924.200012,918.535583,7091515
2017-12-29,926.5,932.299988,918.5,921.049988,915.404846,5069838
2018-01-01,922.700012,922.700012,907.5,909.75,904.174133,4321686
2018-01-02,913,919.549988,906.400024,911.150024,905.565552,4342815
2018-01-03,925,926,913.049988,914.799988,909.193176,6175312
2018-01-04,918.150024,921.799988,915.700012,920.299988,914.659424,4118581
2018-01-05,921.799988,926.900024,920.25,923.25,917.59137,3401905
2018-01-08,926.099976,931,923.5,928.549988,922.858887,4035417
2018-01-09,928.150024,943.900024,924,940.950012,935.182922,6534997
2018-01-10,943,947.400024,935.5,942.349976,936.57428,5361502
2018-01-11,941.799988,942.650024,935,937.75,932.002502,3588377
2018-01-12,943,952.799988,938.25,949,943.183533,6890028
2018-01-15,950,958.5,945.200012,949.150024,943.332642,5084113
2018-01-16,947.700012,947.700012,920,922.950012,917.293213,4948895
2018-01-17,926,929,907,924.5,918.83374,6036432
2018-01-18,929,929.599976,915.099976,919.700012,914.063171,4289053
2018-01-19,923,934.400024,922.099976,931.299988,925.592041,4559564
2018-01-22,948,974.299988,940,971.5,965.545654,20892838
2018-01-23,975,990.950012,975,983.25,977.223633,10298500
2018-01-24,981.75,981.75,962.650024,966.349976,960.427185,6532672
2018-01-25,967.900024,972,956.150024,965.900024,959.97998,6249419
2018-01-29,966.200012,977.299988,959.299988,964.5,958.588562,4524605
2018-01-30,965.799988,965.799988,949,950.400024,944.575012,4198139
2018-01-31,950,964.5,941.549988,961.299988,955.408142,5738209
2018-02-01,963.25,972.599976,936.599976,943.849976,938.065125,7554587
2018-02-02,935,943.950012,901,904.349976,898.80719,13242095
2018-02-05,894,912.5,881.799988,902.150024,896.620728,8773525
2018-02-06,877,898,871,892.099976,886.632263,11000567
2018-02-07,902.549988,905.400024,890,894.400024,888.918213,7100838
2018-02-08,897.900024,910.650024,892.349976,904.549988,899.005981,6320734
2018-02-09,889,902,886,897.849976,892.347046,5294279
2018-02-12,903,918.200012,902.049988,915.5,909.888855,5429792
2018-02-14,923,942.5,921,933.650024,927.927673,10170959
2018-02-15,937.650024,945.75,928.150024,935.650024,929.915405,6109454
2018-02-16,939.599976,942.599976,918.099976,921.299988,915.65332,4401672
2018-02-19,921,932,913.549988,927,921.31842,4087936
2018-02-20,929,929.549988,918.799988,921.099976,915.454529,3866919
2018-02-21,930,932.5,922.150024,929.349976,923.653992,5448230
2018-02-22,922,931,920,924.349976,918.684631,5118850
2018-02-23,925.400024,938,922.75,934.25,928.523987,4850839
2018-02-26,939,944.900024,936.599976,938.700012,932.946716,3856478
2018-02-27,939,955.799988,938.349976,950.5,944.674377,6410097
2018-02-28,945.950012,957.099976,943.200012,954.549988,948.699524,25898694
2018-03-01,949.75,959.900024,945.950012,948.400024,942.58728,4094652
2018-03-05,943,950.150024,921.599976,924.099976,918.436157,5634893
2018-03-06,929,936.200012,905.099976,910.849976,905.267334,7323680
2018-03-07,909.25,909.25,888.049988,889.75,884.296692,7247708
2018-03-08,897.650024,914.5,893.299988,911.450012,905.863708,6072983
2018-03-09,914.900024,919.349976,911.049988,913.099976,907.50354,4863577
2018-03-12,920,933.099976,917.549988,930.299988,924.598145,3801407
2018-03-13,931.900024,936,921.349976,931.849976,926.138672,5096825
2018-03-14,928.799988,932.049988,919.200012,929.049988,923.355835,6731530
2018-03-15,925,929.450012,910,911.799988,906.211548,5811424
2018-03-16,909,909.700012,886.049988,900.049988,894.533569,14087564
2018-03-19,901,906.900024,892,895.5,890.011475,5774392
2018-03-20,893.299988,904,887.049988,889.799988,884.346375,6945721
2018-03-21,894.849976,902.349976,893.299988,896.900024,891.402893,6727261
2018-03-22,896,911.950012,895.75,908.150024,902.583923,10116965
2018-03-23,890.599976,900,889.099976,893.900024,888.421265,10729694
2018-03-26,893.950012,904.299988,892.5,901.099976,895.577087,6047262
2018-03-27,907.200012,910.75,897,899.799988,894.285095,6939577
2018-03-28,895.799988,895.849976,880,882.700012,877.289917,8759586
2018-04-02,893,900.950012,886.5,892.950012,887.477112,5712065
2018-04-03,891,901.700012,885.25,899.549988,894.036621,6364728
2018-04-04,904.700012,911.799988,892.049988,894.900024,889.415161,6498407
2018-04-05,905.099976,910,903.5,908.200012,902.633606,3898676
2018-04-06,908,918.5,905,911,905.416443,4418462
2018-04-09,912.549988,919,912.549988,916,910.385803,3572251
2018-04-10,918.400024,923.900024,914.150024,917.049988,911.429382,3865402
2018-04-11,921.799988,932.75,916.049988,930.849976,925.144775,6007539
2018-04-12,929.849976,936.650024,924.200012,928.700012,923.007996,4947725
2018-04-13,932.700012,941.700012,928.700012,938.849976,933.095764,5767984
2018-04-16,934.450012,940,928.5,937.049988,931.306763,4084450
2018-04-17,940,947.200012,936,944.25,938.462646,4388713
2018-04-18,945.25,948.200012,935.049988,938,932.250977,3365196
2018-04-19,939.099976,945,935,942.299988,936.524597,4481413
2018-04-20,938,941.849976,921.200012,927.900024,922.212891,3349519
2018-04-23,930,944.349976,928.5,936,930.263245,3508515
2018-04-24,935.799988,975.700012,935,970.049988,964.104553,9107264
2018-04-25,973.650024,981.799988,963.549988,970.5,964.551758,6436620
2018-04-26,973,988,962.25,975.349976,969.372009,15588001
2018-04-27,989.799988,1011,985.5,996.299988,990.193665,11666267
2018-04-30,982,992.599976,960,963.299988,957.395874,8871802
2018-05-02,967,979.200012,965.049988,972.700012,966.738281,6117761
2018-05-03,977.900024,977.900024,959.25,961.599976,955.706299,3947546
2018-05-04,962.849976,964.700012,950,953.950012,948.10321,3795692
2018-05-07,958.849976,973.25,956.349976,971,965.048706,3512532
2018-05-08,977.5,982,965.200012,967.099976,961.172607,4934036
2018-05-09,965.900024,984.299988,962.25,976.700012,970.713806,4494423
2018-05-10,980,984.599976,974.25,981.150024,975.136536,4014645
2018-05-11,981.25,991.299988,977.75,989.25,983.18689,4011516
2018-05-14,991.950012,991.950012,976.700012,986.599976,980.553101,2579561
2018-05-15,983.049988,1000,976.650024,978.950012,972.950012,4800923
2018-05-16,974,974,952.450012,956.150024,950.289734,8613363
2018-05-17,959.349976,960,941.5,945.349976,939.555908,4733477
2018-05-18,945.599976,953.5,932,933.849976,928.126404,5230037
2018-05-21,930.75,935.700012,922.099976,931.349976,925.641724,6624893
2018-05-22,933.150024,934,925,926.75,921.069946,5170585
2018-05-23,926,926,909.150024,912.25,906.658813,4567562
2018-05-24,914,921,910.150024,915.849976,910.236694,5317983
2018-05-25,916,923.400024,914.450012,920.799988,915.156372,8129520
2018-05-28,924.900024,927,918.099976,920.400024,914.75885,5197835
2018-05-29,921.5,928,914.400024,917.450012,911.826965,8173396
2018-05-30,914.849976,923.200012,906.599976,916.099976,910.485168,5991222
2018-05-31,921,922.299988,914.549988,921.349976,915.703003,16951801
2018-06-01,920,935.75,918.450012,930.549988,924.846619,8765835
2018-06-04,933.400024,944,930.549988,940.849976,935.083496,5600357
2018-06-05,942.799988,955,941,947.650024,941.841858,7971524
2018-06-06,947,956,942.650024,954.400024,948.550476,4189483
2018-06-07,954.900024,976,954.450012,971.349976,965.396545,6857300
2018-06-08,966.349976,986.549988,960.599976,984.349976,978.316895,6532599
2018-06-11,987.099976,999.950012,979.049988,982.650024,976.627319,6866053
2018-06-12,983.400024,1000,980.299988,997.150024,991.038452,7445221
2018-06-13,1000,1005.900024,989.5,1002.5,996.355652,5926020
2018-06-14,997.450012,1011.799988,987.400024,1007.950012,1001.772278,5484867
2018-06-15,1006,1023.5,999.25,1014.200012,1007.983948,11294702
2018-06-18,1008.799988,1020.450012,1007,1015.549988,1009.325684,5652374
2018-06-19,1013.900024,1014.799988,993.650024,996.049988,989.94519,6346101
2018-06-20,996,1022.900024,994.849976,1019.25,1013.002991,7193824
2018-06-21,1023.450012,1036,1021.299988,1031.949951,1025.625122,10509756
2018-06-22,1028.400024,1029.199951,1008.450012,1012.5,1006.294373,16169978
2018-06-25,1011.400024,1016.5,1002.299988,1004.450012,998.293701,5197694
2018-06-26,1006,1006,975.25,978.950012,972.950012,8068585
2018-06-27,978.5,985.400024,962.700012,965.849976,965.849976,8958555
2018-06-28,962,968.5,940.299988,944.950012,944.950012,8581234
2018-06-29,949.099976,975.5,949,972.450012,972.450012,7966401
2018-07-02,972.349976,972.349976,957,960.599976,960.599976,6660916
2018-07-03,965,978.450012,960.349976,971.299988,971.299988,5067261
2018-07-04,971.799988,992,971,990.099976,990.099976,5000724
2018-07-05,997,1008.400024,958.599976,964.5,964.5,18719353
2018-07-06,964.75,983,964.5,977.549988,977.549988,9161266
2018-07-09,987.099976,1000,983.5,997.099976,997.099976,5170189
2018-07-10,1002.75,1028.5,1000,1025.699951,1025.699951,10444513
2018-07-11,1025,1040.900024,1017.849976,1038.800049,1038.800049,8665072
2018-07-12,1044.349976,1099,1042.599976,1082.349976,1082.349976,24109297
2018-07-13,1080.5,1109,1080,1099.800049,1099.800049,17967282
2018-07-16,1099.800049,1108.900024,1073.050049,1076.199951,1076.199951,6595781
2018-07-17,1078.300049,1095.949951,1069.599976,1092.349976,1092.349976,6469256
2018-07-18,1098.400024,1104.599976,1077.300049,1092.550049,1092.550049,4682099
2018-07-19,1093.300049,1115,1086.349976,1104.849976,1104.849976,5433617
2018-07-20,1113.400024,1138.5,1111.900024,1128.650024,1128.650024,8018150
2018-07-23,1129.800049,1129.800049,1113.099976,1120.300049,1120.300049,5842496
2018-07-24,1122,1126.75,1107.400024,1110.949951,1110.949951,4469144
2018-07-25,1110,1123,1104.199951,1115.150024,1115.150024,5949680
2018-07-26,1110.099976,1121.5,1107.800049,1110.650024,1110.650024,6424867
2018-07-27,1119.5,1137.400024,1112.150024,1129.849976,1129.849976,6679468
2018-07-30,1130,1157.300049,1128,1151.400024,1151.400024,13872467
2018-07-31,1151,1190.400024,1147.150024,1186,1186,13875377
2018-08-01,1190.400024,1202.900024,1185.400024,1192.349976,1192.349976,9704295
2018-08-02,1191.5,1191.5,1165.949951,1168.349976,1168.349976,6248975
2018-08-03,1175,1183.5,1169.550049,1176.949951,1176.949951,6645397
2018-08-06,1176.699951,1196,1175.349976,1192.599976,1192.599976,4016418
2018-08-07,1194.900024,1201.400024,1177,1184.199951,1184.199951,4059460
2018-08-08,1185,1222.5,1185,1217.699951,1217.699951,7912437
2018-08-09,1221.5,1231.699951,1212,1217.949951,1217.949951,6846928
2018-08-10,1211,1215,1202.300049,1204.199951,1204.199951,3581210
2018-08-13,1197.550049,1199.949951,1182.699951,1187.699951,1187.699951,4668159
2018-08-14,1190,1217.199951,1184.300049,1210.599976,1210.599976,5299536
2018-08-16,1203.25,1216,1195.5,1200.800049,1200.800049,5982490
2018-08-17,1209,1215.400024,1200.050049,1203.75,1203.75,3830992
2018-08-20,1207.900024,1236.800049,1207.650024,1234.900024,1234.900024,7607036
2018-08-21,1237.25,1251.5,1227,1247.199951,1247.199951,7279641
2018-08-23,1246.300049,1274,1238.400024,1269.449951,1269.449951,7968123
2018-08-24,1265.25,1279.949951,1260.050049,1277.5,1277.5,6652005
2018-08-27,1279.400024,1295.849976,1278.75,1291.5,1291.5,5572177
2018-08-28,1296,1323,1295,1319,1319,8694751
2018-08-29,1316.300049,1329,1290.199951,1294.199951,1294.199951,11077203
2018-08-30,1293.599976,1297.150024,1270.449951,1274.449951,1274.449951,9850042
2018-08-31,1270,1270,1236.599976,1241.650024,1241.650024,15305857
2018-09-03,1245,1257.900024,1226.050049,1229.150024,1229.150024,12200022
2018-09-04,1235.150024,1254.800049,1229,1241.949951,1241.949951,8838770
2018-09-05,1242.5,1252.650024,1208.5,1227,1227,10324923
2018-09-06,1230.150024,1265.699951,1225.349976,1261.400024,1261.400024,11195043
2018-09-07,1264.900024,1281.349976,1254.5,1278.599976,1278.599976,10692787
2018-09-10,1275,1277,1250.099976,1255.849976,1255.849976,7059008
2018-09-11,1259,1268.400024,1234.25,1237.699951,1237.699951,10874768
2018-09-12,1251.800049,1258.699951,1228.849976,1252.5,1252.5,8065553
2018-09-14,1259.400024,1275.599976,1247.650024,1253.150024,1253.150024,7878583
2018-09-17,1250.75,1250.75,1221.599976,1225.900024,1225.900024,6754086
2018-09-18,1226,1239.400024,1214.349976,1217.150024,1217.150024,7616412
2018-09-19,1224,1224,1201,1210.75,1210.75,11265786
2018-09-21,1219,1237.400024,1183.5,1217.5,1217.5,19070172
2018-09-24,1214.449951,1239.900024,1204.5,1232.050049,1232.050049,10102589
2018-09-25,1235.5,1245,1195,1230.599976,1230.599976,9715020
2018-09-26,1239,1253.949951,1227.150024,1251.400024,1251.400024,6396828
2018-09-27,1255,1263,1237.5,1253.75,1253.75,10808749
2018-09-28,1259.900024,1271.699951,1247.300049,1257.949951,1257.949951,11073023
2018-10-01,1257.699951,1257.699951,1204,1231.699951,1231.699951,7332693
2018-10-03,1229.5,1239.599976,1200.050049,1205.099976,1205.099976,7376575
2018-10-04,1189.5,1190.400024,1106,1122.25,1122.25,23212443
2018-10-05,1099.5,1115.300049,1038.150024,1048.849976,1048.849976,21943190
2018-10-08,1050,1117,1025.550049,1109.400024,1109.400024,24679428
2018-10-09,1121.650024,1123.300049,1081.199951,1090.050049,1090.050049,10991196
2018-10-10,1093.900024,1115.849976,1084.300049,1102.099976,1102.099976,9502176
2018-10-11,1064,1114.75,1043,1087.800049,1087.800049,13224172
2018-10-12,1104.949951,1129,1101.900024,1126.550049,1126.550049,9058536
2018-10-15,1129.900024,1146.900024,1118.150024,1139.75,1139.75,8871776
2018-10-16,1146,1167.400024,1140,1163.800049,1163.800049,7478601
2018-10-17,1179,1179.349976,1140,1151.300049,1151.300049,12785646
2018-10-19,1100,1111,1070.25,1101.300049,1101.300049,25421229
2018-10-22,1110,1114.800049,1057.349976,1062.650024,1062.650024,13165542
2018-10-23,1052.75,1064.699951,1043.650024,1054.699951,1054.699951,10573730
2018-10-24,1074.900024,1075.949951,1031.400024,1045.75,1045.75,13655337
2018-10-25,1036,1040.650024,1016.400024,1030.800049,1030.800049,14096237
2018-10-26,1032.900024,1057,1022,1044.900024,1044.900024,9182613
2018-10-29,1046,1093.849976,1046,1087.800049,1087.800049,7671807
2018-10-30,1085.5,1085.5,1052.099976,1057,1057,8806701
2018-10-31,1059,1065.849976,1047,1061.25,1061.25,16457691
2018-11-01,1067.900024,1067.900024,1050,1056.25,1056.25,9396027
2018-11-02,1067,1081,1063.150024,1074.900024,1074.900024,16796200
2018-11-05,1073.449951,1092.699951,1065,1090.300049,1090.300049,7582518
2018-11-06,1094,1112,1091.599976,1104.099976,1104.099976,8634266
2018-11-07,1115,1115,1106.699951,1110.699951,1110.699951,1283997
2018-11-09,1106.25,1113.800049,1085,1093.449951,1093.449951,10840462
2018-11-12,1097.699951,1098.800049,1074.550049,1080,1080,5801720
2018-11-13,1074,1103,1070.050049,1099.449951,1099.449951,6811587
2018-11-14,1105.050049,1112.650024,1085.5,1097.949951,1097.949951,7787530
2018-11-15,1096.949951,1103,1086.5,1096.849976,1096.849976,6831740
2018-11-16,1097.949951,1129.949951,1097.099976,1127.400024,1127.400024,11031889
2018-11-19,1132.900024,1151.699951,1131,1150,1150,7308981
2018-11-20,1145,1155.900024,1130,1137.400024,1137.400024,5719901
2018-11-21,1137.5,1145.5,1107.050049,1112.900024,1112.900024,7507812
2018-11-22,1114.5,1125.349976,1100.099976,1102.849976,1102.849976,5792568
2018-11-26,1109,1117.5,1097.400024,1109.75,1109.75,6386556
2018-11-27,1107.900024,1130,1105.449951,1128.199951,1128.199951,6810228
2018-11-28,1132.449951,1157.75,1126.300049,1152.650024,1152.650024,8003964
2018-11-29,1161,1179.900024,1160,1168.5,1168.5,12636169
2018-11-30,1172.300049,1186,1162.300049,1167.550049,1167.550049,10717448
2018-12-03,1174.900024,1174.900024,1148.5,1156.449951,1156.449951,5569578
2018-12-04,1158,1158,1142.199951,1152.300049,1152.300049,5192825
2018-12-05,1143.75,1158.800049,1139.300049,1155.150024,1155.150024,5819618
2018-12-06,1149,1149,1118.25,1123.650024,1123.650024,5866108
2018-12-07,1129.449951,1136.949951,1108.349976,1133.800049,1133.800049,7214078
2018-12-10,1110,1114.300049,1083.099976,1090.25,1090.25,9381544
2018-12-11,1066,1102.099976,1055,1097.550049,1097.550049,13494665
2018-12-12,1099,1113.5,1087.75,1110.5,1110.5,12605431
2018-12-13,1128,1128,1095.050049,1107.050049,1107.050049,9297518
2018-12-14,1103.099976,1114.900024,1091.800049,1112.199951,1112.199951,7221324
2018-12-17,1115.949951,1133,1111.5,1129.900024,1129.900024,5064357
2018-12-18,1123.300049,1139,1120.5,1136.400024,1136.400024,5870928
2018-12-19,1141.5,1147.300049,1133.199951,1136.800049,1136.800049,7368799
2018-12-20,1121,1132.5,1116.150024,1128.449951,1128.449951,5764731
2018-12-21,1125,1131.25,1096,1100.199951,1100.199951,8281941
2018-12-24,1100.900024,1103.199951,1086.550049,1089.150024,1089.150024,4144535
2018-12-26,1085.800049,1100,1065.650024,1098.349976,1098.349976,7210059
2018-12-27,1107.199951,1127,1104,1120.199951,1120.199951,12478000
2018-12-28,1125.5,1135.25,1121.199951,1125.550049,1125.550049,7666016
2018-12-31,1130.949951,1133.849976,1116.199951,1121.25,1121.25,7222817
2019-01-01,1125.25,1127.300049,1110.099976,1121,1121,4455850
2019-01-02,1114.5,1127,1101,1106.400024,1106.400024,7144970
2019-01-03,1107.5,1114.599976,1090.099976,1092.75,1092.75,7446457
2019-01-04,1097.400024,1104.449951,1081.099976,1098.650024,1098.650024,8465141
2019-01-07,1107,1118.449951,1101,1104.75,1104.75,5513559
2019-01-08,1105.099976,1109.949951,1096,1104.650024,1104.650024,5625153
2019-01-09,1112,1117,1098.699951,1110.75,1110.75,5766805
2019-01-10,1107.75,1111,1103,1107.5,1107.5,4080283
2019-01-11,1107.599976,1113.800049,1088.599976,1098.050049,1098.050049,6463903
2019-01-14,1095,1100.5,1086.400024,1096.800049,1096.800049,4111782
2019-01-15,1105,1132,1105,1129.650024,1129.650024,10062875
2019-01-16,1135,1145,1130.349976,1135.900024,1135.900024,6382777
2019-01-17,1144.449951,1147.900024,1130,1134.449951,1134.449951,7487963
2019-01-18,1148.800049,1189.900024,1135.25,1184.349976,1184.349976,25684142
2019-01-21,1194,1239.949951,1188.650024,1237.699951,1237.699951,22038534
2019-01-22,1232.849976,1246.949951,1219.599976,1235.150024,1235.150024,16552819
2019-01-23,1233.300049,1244.199951,1222,1226.300049,1226.300049,8829502
2019-01-24,1225,1253.199951,1220.099976,1247.449951,1247.449951,13155185
2019-01-25,1250.449951,1264.699951,1235.400024,1246,1246,8550836
2019-01-28,1250.5,1255.949951,1222.400024,1229.550049,1229.550049,8569265
2019-01-29,1231,1231.650024,1201.349976,1210.650024,1210.650024,9328866
2019-01-30,1215,1225,1191.099976,1195.699951,1195.699951,7846940
2019-01-31,1202,1229.699951,1201,1227.150024,1227.150024,10185347
2019-02-01,1234,1255,1227.050049,1249.949951,1249.949951,9228965
2019-02-04,1247,1296.949951,1242.050049,1290.900024,1290.900024,11670570
2019-02-05,1292,1304.400024,1278.599976,1291.550049,1291.550049,9362253
2019-02-06,1296.25,1317.650024,1294.25,1310.25,1310.25,9411585
2019-02-07,1310.25,1321.199951,1286.099976,1290.400024,1290.400024,9212227
2019-02-08,1284.800049,1300.5,1272.25,1277.699951,1277.699951,6505502
2019-02-11,1275.900024,1276,1251,1253.25,1253.25,7523999
2019-02-12,1251.5,1272.349976,1251.5,1256.400024,1256.400024,6399485
2019-02-14,1241,1241,1218,1224.199951,1224.199951,6627360
2019-02-15,1229.75,1249.900024,1214,1244.449951,1244.449951,9597961
2019-02-18,1250,1252.5,1215,1220.099976,1220.099976,9649017
2019-02-19,1218,1239.699951,1211.199951,1216.099976,1216.099976,6244189
2019-02-20,1223.849976,1240,1219,1234.349976,1234.349976,6298179
2019-02-21,1236,1257.800049,1229.349976,1246.900024,1246.900024,10580178
2019-02-22,1244.599976,1245.300049,1226,1232.349976,1232.349976,8755865
2019-02-25,1236,1243,1220.650024,1232.300049,1232.300049,7852528
2019-02-26,1209.5,1234.800049,1206,1220.25,1220.25,10131050
2019-02-27,1228.050049,1244.900024,1209,1223.5,1223.5,11113182
2019-02-28,1233.75,1239.849976,1226.550049,1231.050049,1231.050049,11286916
2019-03-01,1237,1242.349976,1222.25,1226.050049,1226.050049,7922513
2019-03-05,1223.400024,1239.800049,1218.599976,1237.650024,1237.650024,7121509
2019-03-06,1239.800049,1273.099976,1235.099976,1264.800049,1264.800049,12038231
2019-03-07,1264,1279.800049,1258.150024,1270.25,1270.25,8109259
2019-03-08,1266.050049,1274.449951,1262,1267.099976,1267.099976,6040052
2019-03-11,1270.050049,1312,1268,1304.099976,1304.099976,9718840
2019-03-12,1316.900024,1334,1314.25,1331.349976,1331.349976,11228736
2019-03-13,1337,1360,1328.099976,1347.300049,1347.300049,11236048
2019-03-14,1349.75,1362,1336.099976,1341.550049,1341.550049,10402048
2019-03-15,1345,1358.800049,1311.199951,1321.650024,1321.650024,15893093
2019-03-18,1331,1357.949951,1329,1350.050049,1350.050049,10105234
2019-03-19,1360,1380,1343.099976,1376.550049,1376.550049,9805318
2019-03-20,1377.800049,1388,1364,1375.449951,1375.449951,9892823
2019-03-22,1372.5,1380.900024,1336.699951,1341.75,1341.75,11465112
2019-03-25,1330.599976,1336.849976,1316.699951,1324.449951,1324.449951,7951992
2019-03-26,1330.300049,1371.599976,1330,1367.25,1367.25,9479288
2019-03-27,1377.949951,1377.949951,1344.25,1349.25,1349.25,10094174
2019-03-28,1350.25,1369.800049,1342.800049,1360,1360,10482938
2019-04-01,1370,1406.800049,1362.550049,1391.849976,1391.849976,10098281
2019-04-02,1398,1403.099976,1380.099976,1389.699951,1389.699951,8012636
2019-04-03,1392.75,1403,1372,1375.199951,1375.199951,7849461
2019-04-04,1379,1383.699951,1347.25,1353.050049,1353.050049,8375674
2019-04-05,1360.949951,1363.900024,1343,1353.900024,1353.900024,6728239
2019-04-08,1356,1357.5,1323.699951,1329.25,1329.25,8723577
2019-04-09,1328.900024,1340.699951,1321,1334.449951,1334.449951,9497621
2019-04-10,1337.949951,1348,1326.5,1331.400024,1331.400024,7612711
2019-04-11,1332.949951,1339.599976,1329,1336.050049,1336.050049,3958982
